L,kappa,lambda,eps_2,eps,acceptance_rate,delta_H_abs_mean,delta_H_abs_std,N_steps,N_trajectories,batch_size,seed
8,0.85,0.1,1e-06,0.001,1.0,7.241692611387407e-07,7.054406170397126e-07,1000,100,100,4806
8,0.85,0.1,1.4649382061914714e-06,0.0012103463166348181,1.0,1.0875081339634108e-06,8.760888280825065e-07,826,100,100,29865
8,0.85,0.1,2.1460439479594814e-06,0.0014649382061914698,1.0,1.564616094702842e-06,1.2481781220912286e-06,683,100,100,11557
8,0.85,0.1,3.1438217715318246e-06,0.0017730825619614629,1.0,2.1929371319743042e-06,1.8328460170756631e-06,564,100,100,58642
8,0.85,0.1,4.605504626573514e-06,0.0021460439479594807,1.0,3.6323825654562826e-06,2.771000174576897e-06,466,100,100,25638
8,0.85,0.1,6.7467796862591274e-06,0.002597456387749201,1.0,4.741837468418453e-06,3.519244993351358e-06,385,100,100,1985
8,0.85,0.1,9.883615331157482e-06,0.0031438217715318217,1.0,6.861925985651851e-06,5.441576844413052e-06,318,100,100,98099
8,0.85,0.1,1.4478885713912363e-05,0.0038051131013298886,1.0,1.1482652056878352e-05,8.873407658752081e-06,263,100,100,79524
8,0.85,0.1,2.1210672865390052e-05,0.004605504626573515,1.0,1.5810867494644755e-05,1.2391247365564161e-05,217,100,100,48352
8,0.85,0.1,3.1072325059538616e-05,0.005574255561017867,1.0,2.249994662774384e-05,1.724678991530428e-05,179,100,100,31051
8,0.85,0.1,4.55190361349187e-05,0.0067467796862591195,1.0,3.317301909261232e-05,2.6262523681625245e-05,148,100,100,90311
8,0.85,0.1,6.668257514305255e-05,0.008165939942410338,1.0,5.1772515575726174e-05,4.019796264934559e-05,122,100,100,40485
8,0.85,0.1,9.768585201429122e-05,0.009883615331157482,0.9997999668121338,7.045295387736133e-05,5.670967908873378e-05,101,100,100,36331
8,0.85,0.1,0.00014310373682010125,0.011962597411101873,1.0,9.992164369317607e-05,7.665184592627469e-05,84,100,100,15163
8,0.85,0.1,0.0002096381315165353,0.014478885713912355,0.9998999834060669,0.0001676599906554543,0.00012999900739195453,69,100,100,94560
8,0.85,0.1,0.0003071069083331647,0.0175244659928103,0.9996999502182007,0.00023531973542783931,0.00017746439723887375,57,100,100,50707
8,0.85,0.1,0.00044989264340259425,0.02121067286539006,0.9997999668121338,0.0003254066339417136,0.0002651119816138108,47,100,100,74814
8,0.85,0.1,0.000659064922004935,0.02567225977597093,0.9997999668121338,0.0004440815640648225,0.0003489067962191747,39,100,100,48347
8,0.85,0.1,0.0009654893846056303,0.031072325059538598,0.9995999932289124,0.0006835083971931625,0.0005414323976017314,32,100,100,12732
8,0.85,0.1,0.0014143822871810778,0.03760827418509227,0.9993999600410461,0.0011045989753427706,0.0008351041533187788,27,100,100,88025
8,0.85,0.1,0.002071982650652037,0.04551903613491873,0.9994999766349792,0.0015084403024828248,0.0012045520557275938,22,100,100,15491
8,0.85,0.1,0.0030353265475060406,0.05509379772266603,0.9990999698638916,0.002160526428576475,0.0016942951111814173,18,100,100,63007
8,0.85,0.1,0.004446565827708846,0.06668257514305252,0.998699963092804,0.003027177337613881,0.002405999321612719,15,100,100,97616
8,0.85,0.1,0.006513944167356084,0.08070900920811805,0.996999979019165,0.004576149528425651,0.003537850382563574,12,100,100,10814
8,0.85,0.1,0.009542525683758019,0.0976858520142913,0.9962999820709229,0.00649576897853749,0.0050443898468226014,10,100,100,8366
8,0.85,0.1,0.013979210457700486,0.11823371117283127,0.9946999549865723,0.010400868171318621,0.00804993231902854,8,100,100,57728
8,0.85,0.1,0.020478679491876803,0.14310373682010125,0.9928999543190002,0.014257304869631497,0.011136460903762172,7,100,100,28504
8,0.85,0.1,0.03,0.17320508075688773,0.9866999983787537,0.02178879885979539,0.016197881326940777,6,100,100,66202
8,0.85,0.1,0.04947368421052632,0.22242680641174148,0.9795999526977539,0.04021337641083349,0.03175084030830709,4,100,100,72419
8,0.85,0.1,0.06894736842105263,0.26257830912139835,0.9672999978065491,0.06656532956921453,0.052471040793966084,4,100,100,22487
8,0.85,0.1,0.08842105263157896,0.29735677667001126,0.9466999769210815,0.10598574635536416,0.08480142592117725,3,100,100,72146
8,0.85,0.1,0.10789473684210528,0.3284733426658932,0.9125999808311462,0.17682081785693532,0.143801424967167,3,100,100,61313
8,0.85,0.1,0.12736842105263158,0.35688712648767756,0.8590999841690063,0.2882865171310436,0.24120774358952365,3,100,100,80532
8,0.85,0.1,0.14684210526315788,0.38319982419510307,0.7579999566078186,0.6541619383249381,1.6360294570036074,3,100,100,20955
8,0.85,0.1,0.16631578947368422,0.4078183290065372,0.6943999528884888,0.7010849291356835,0.5939097653865558,2,100,100,19601
8,0.85,0.1,0.18578947368421053,0.4310330308505492,0.578499972820282,1.089684246619977,0.9380189312007675,2,100,100,8699
8,0.85,0.1,0.20526315789473684,0.45305977298225986,0.4189999997615814,1.9458967010154913,1.8789122434683556,2,100,100,90143
8,0.85,0.1,0.22473684210526315,0.4740641750915831,0.28129997849464417,3.507226919263695,4.394706926655999,2,100,100,7884
8,0.85,0.1,0.2442105263157895,0.4941766144970738,0.14190000295639038,9.764196281777702,10.695328719797008,2,100,100,94221
8,0.85,0.1,0.26368421052631574,0.513501908980206,0.07400000095367432,17.11784952907104,14.425361200808204,2,100,100,53479
8,0.85,0.1,0.28315789473684216,0.5321258260382051,0.03280000016093254,28.972907206253872,21.50178192474112,2,100,100,30735
8,0.85,0.1,0.3026315789473685,0.5501196042201809,0.03150000050663948,41.69106195169479,40.1067778247469,2,100,100,83853
8,0.85,0.1,0.32210526315789473,0.5675431817561504,0.012899999506771564,64.40683414921742,61.14402676067331,2,100,100,68944
8,0.85,0.1,0.3415789473684211,0.5844475574150525,0.005499999970197678,61.71716926252583,61.202756520922875,2,100,100,23828
8,0.85,0.1,0.3610526315789474,0.6008765526952665,0.0011999999405816197,98.32525121529642,100.40160357821937,2,100,100,31701
8,0.85,0.1,0.3805263157894737,0.616868151057804,0.00039999998989515007,116.10809851659765,134.49229980094537,2,100,100,19499
8,0.85,0.1,0.4,0.6324555320336759,0.00019999999494757503,127.59753500555887,137.04254211808143,2,100,100,24182
8,0.85,0.5,1e-06,0.001,1.0,1.614932012812176e-06,1.2522859371973961e-06,1000,100,100,47340
8,0.85,0.5,1.4649382061914714e-06,0.0012103463166348181,1.0,2.397460650745131e-06,1.969499607953866e-06,826,100,100,47007
8,0.85,0.5,2.1460439479594814e-06,0.0014649382061914698,1.0,3.2990721230319764e-06,2.5377083624229828e-06,683,100,100,68900
8,0.85,0.5,3.1438217715318246e-06,0.0017730825619614629,1.0,5.07303690160228e-06,3.952193984370608e-06,564,100,100,19878
8,0.85,0.5,4.605504626573514e-06,0.0021460439479594807,1.0,7.163244089007038e-06,5.601108102149619e-06,466,100,100,2552
8,0.85,0.5,6.7467796862591274e-06,0.002597456387749201,1.0,1.0750291563272185e-05,8.411385038309482e-06,385,100,100,89355
8,0.85,0.5,9.883615331157482e-06,0.0031438217715318217,1.0,1.5602859146497395e-05,1.2178802961398423e-05,318,100,100,67604
8,0.85,0.5,1.4478885713912363e-05,0.0038051131013298886,1.0,2.21129243250644e-05,1.752840448075393e-05,263,100,100,22642
8,0.85,0.5,2.1210672865390052e-05,0.004605504626573515,1.0,3.429349404472788e-05,2.6663483708819335e-05,217,100,100,68416
8,0.85,0.5,3.1072325059538616e-05,0.005574255561017867,1.0,4.7788576804879315e-05,3.7076422377013006e-05,179,100,100,1391
8,0.85,0.5,4.55190361349187e-05,0.0067467796862591195,1.0,6.956530876613698e-05,5.443066113074733e-05,148,100,100,80105
8,0.85,0.5,6.668257514305255e-05,0.008165939942410338,0.9998999834060669,0.00010712740411432122,8.287325254138458e-05,122,100,100,80152
8,0.85,0.5,9.768585201429122e-05,0.009883615331157482,1.0,0.00015476712654443361,0.00012145331170017478,101,100,100,42845
8,0.85,0.5,0.00014310373682010125,0.011962597411101873,1.0,0.00023027149477752715,0.00018148515570979933,84,100,100,82189
8,0.85,0.5,0.0002096381315165353,0.014478885713912355,0.9998999834060669,0.00033520638867193074,0.0002635691504679629,69,100,100,10307
8,0.85,0.5,0.0003071069083331647,0.0175244659928103,0.9997999668121338,0.0004857319995902103,0.00038122519875672875,57,100,100,83864
8,0.85,0.5,0.00044989264340259425,0.02121067286539006,0.9994999766349792,0.000712326312388295,0.0005646261176488203,47,100,100,2750
8,0.85,0.5,0.000659064922004935,0.02567225977597093,0.9994999766349792,0.001042824825941915,0.0008144936761799217,39,100,100,2405
8,0.85,0.5,0.0009654893846056303,0.031072325059538598,0.9995999932289124,0.0015280513166706115,0.0012152713981996555,32,100,100,49378
8,0.85,0.5,0.0014143822871810778,0.03760827418509227,0.9993000030517578,0.002281087867458443,0.001792490981526169,27,100,100,38341
8,0.85,0.5,0.002071982650652037,0.04551903613491873,0.9980999827384949,0.003120309328148881,0.0024197407482855447,22,100,100,35850
8,0.85,0.5,0.0030353265475060406,0.05509379772266603,0.9972999691963196,0.004893468220229385,0.003900026321359961,18,100,100,44259
8,0.85,0.5,0.004446565827708846,0.06668257514305252,0.9957000017166138,0.006773253720561107,0.0054028817680734816,15,100,100,76594
8,0.85,0.5,0.006513944167356084,0.08070900920811805,0.9947999715805054,0.010487392659905321,0.008115130040700599,12,100,100,30393
8,0.85,0.5,0.009542525683758019,0.0976858520142913,0.9921999573707581,0.01499363590907869,0.011769665259799065,10,100,100,87387
8,0.85,0.5,0.013979210457700486,0.11823371117283127,0.9876999855041504,0.02245215791664724,0.017752049106962178,8,100,100,85164
8,0.85,0.5,0.020478679491876803,0.14310373682010125,0.9829999804496765,0.03206004865743774,0.024974624152524445,7,100,100,3691
8,0.85,0.5,0.03,0.17320508075688773,0.9756999611854553,0.048619036208656534,0.038351188672766864,6,100,100,22438
8,0.85,0.5,0.04947368421052632,0.22242680641174148,0.9531999826431274,0.09384765191613892,0.07598139106182102,4,100,100,90422
8,0.85,0.5,0.06894736842105263,0.26257830912139835,0.9205999970436096,0.16309171558862706,0.1351224519514792,4,100,100,35940
8,0.85,0.5,0.08842105263157896,0.29735677667001126,0.8413999676704407,0.3217492420196636,0.26811868689661605,3,100,100,76749
8,0.85,0.5,0.10789473684210528,0.3284733426658932,0.715499997138977,0.6199479758749706,0.5233706983643726,3,100,100,54906
8,0.85,0.5,0.12736842105263158,0.35688712648767756,0.5439000129699707,1.2025597180188667,0.9897985952047336,3,100,100,40890
8,0.85,0.5,0.14684210526315788,0.38319982419510307,0.3353999853134155,2.411013039285012,2.1463232215230477,3,100,100,1689
8,0.85,0.5,0.16631578947368422,0.4078183290065372,0.28209999203681946,2.8677986766360806,2.242046863476725,2,100,100,17376
8,0.85,0.5,0.18578947368421053,0.4310330308505492,0.15919999778270721,4.83197974756689,3.4874038510222354,2,100,100,66047
8,0.85,0.5,0.20526315789473684,0.45305977298225986,0.09259999543428421,7.6532573475321675,5.452982191334668,2,100,100,3360
8,0.85,0.5,0.22473684210526315,0.4740641750915831,0.03539999946951866,14.436333787438455,9.919118604382886,2,100,100,48480
8,0.85,0.5,0.2442105263157895,0.4941766144970738,0.014499999582767487,23.049221873855554,15.865870503402407,2,100,100,4160
8,0.85,0.5,0.26368421052631574,0.513501908980206,0.006300000008195639,34.73718611277658,24.36829633793419,2,100,100,13037
8,0.85,0.5,0.28315789473684216,0.5321258260382051,0.0024999999441206455,40.08497369650323,27.076176612145293,2,100,100,3310
8,0.85,0.5,0.3026315789473685,0.5501196042201809,0.0010999999940395355,52.74409451630339,40.343814481120596,2,100,100,22587
8,0.85,0.5,0.32210526315789473,0.5675431817561504,0.0008999999845400453,60.412229138037574,45.76453932910064,2,100,100,79049
8,0.85,0.5,0.3415789473684211,0.5844475574150525,0.00039999998989515007,81.91455117507249,66.26620503033195,2,100,100,26852
8,0.85,0.5,0.3610526315789474,0.6008765526952665,0.0004999999655410647,105.827499226282,167.04691472561004,2,100,100,85743
8,0.85,0.5,0.3805263157894737,0.616868151057804,0.00039999998989515007,110.80577230580182,164.44765366327496,2,100,100,57632
8,0.85,0.5,0.4,0.6324555320336759,9.999999747378752e-05,313.5172333954658,4963.942842049813,2,100,100,52332
8,0.85,1.0,1e-06,0.001,1.0,2.112384097944187e-06,1.6857898818234802e-06,1000,100,100,4019
8,0.85,1.0,1.4649382061914714e-06,0.0012103463166348181,1.0,3.0854416420289967e-06,2.477066047017852e-06,826,100,100,80369
8,0.85,1.0,2.1460439479594814e-06,0.0014649382061914698,1.0,4.542140685828144e-06,3.6349338411930616e-06,683,100,100,43429
8,0.85,1.0,3.1438217715318246e-06,0.0017730825619614629,1.0,6.883947376683608e-06,5.385771921995272e-06,564,100,100,67527
8,0.85,1.0,4.605504626573514e-06,0.0021460439479594807,1.0,1.004562294371283e-05,7.905342557986803e-06,466,100,100,41818
8,0.85,1.0,6.7467796862591274e-06,0.002597456387749201,1.0,1.4530660909586857e-05,1.1274297424347985e-05,385,100,100,62110
8,0.85,1.0,9.883615331157482e-06,0.0031438217715318217,1.0,2.0995589927492376e-05,1.6644107022980385e-05,318,100,100,77130
8,0.85,1.0,1.4478885713912363e-05,0.0038051131013298886,1.0,3.099998792438612e-05,2.4716282062483493e-05,263,100,100,30549
8,0.85,1.0,2.1210672865390052e-05,0.004605504626573515,1.0,4.465722148612415e-05,3.5384019965999745e-05,217,100,100,67671
8,0.85,1.0,3.1072325059538616e-05,0.005574255561017867,1.0,6.694016536134413e-05,5.2713339528049584e-05,179,100,100,5657
8,0.85,1.0,4.55190361349187e-05,0.0067467796862591195,1.0,9.626592628647473e-05,7.755656107616856e-05,148,100,100,76092
8,0.85,1.0,6.668257514305255e-05,0.008165939942410338,0.9998999834060669,0.00013900047525309845,0.00011107967306239008,122,100,100,76762
8,0.85,1.0,9.768585201429122e-05,0.009883615331157482,1.0,0.0002049461161078142,0.0001624695117059241,101,100,100,15983
8,0.85,1.0,0.00014310373682010125,0.011962597411101873,1.0,0.0003016360181264965,0.0002413799538127525,84,100,100,45830
8,0.85,1.0,0.0002096381315165353,0.014478885713912355,0.9997999668121338,0.00045144627706065994,0.0003617801795112264,69,100,100,76181
8,0.85,1.0,0.0003071069083331647,0.0175244659928103,0.9998999834060669,0.0006473952024433999,0.0005109082682713634,57,100,100,77157
8,0.85,1.0,0.00044989264340259425,0.02121067286539006,0.9993000030517578,0.0009810025332413637,0.0007809468909195419,47,100,100,576
8,0.85,1.0,0.000659064922004935,0.02567225977597093,0.9993999600410461,0.0014113637481633619,0.001110631075271948,39,100,100,22248
8,0.85,1.0,0.0009654893846056303,0.031072325059538598,0.9990999698638916,0.002097188707969335,0.0016570164246451071,32,100,100,63286
8,0.85,1.0,0.0014143822871810778,0.03760827418509227,0.9979999661445618,0.0030621758289903185,0.0024084973147300427,27,100,100,80656
8,0.85,1.0,0.002071982650652037,0.04551903613491873,0.9980999827384949,0.004414332086503615,0.0034976096137047203,22,100,100,38848
8,0.85,1.0,0.0030353265475060406,0.05509379772266603,0.9975000023841858,0.006584368852577359,0.00515256550875868,18,100,100,34321
8,0.85,1.0,0.004446565827708846,0.06668257514305252,0.995199978351593,0.009398847494396814,0.007474925418607506,15,100,100,27870
8,0.85,1.0,0.006513944167356084,0.08070900920811805,0.9932000041007996,0.014612682275106037,0.011392486315537069,12,100,100,95154
8,0.85,1.0,0.009542525683758019,0.0976858520142913,0.9902999997138977,0.0206540687160708,0.016407067431075287,10,100,100,75712
8,0.85,1.0,0.013979210457700486,0.11823371117283127,0.9842999577522278,0.030240933693855266,0.02438397850100372,8,100,100,14497
8,0.85,1.0,0.020478679491876803,0.14310373682010125,0.9781999588012695,0.04535415695740895,0.03521786793646196,7,100,100,88354
8,0.85,1.0,0.03,0.17320508075688773,0.9684000015258789,0.06650620721524136,0.05264971644773422,6,100,100,93253
8,0.85,1.0,0.04947368421052632,0.22242680641174148,0.9243999719619751,0.15428835052428352,0.12617282168861374,4,100,100,33993
8,0.85,1.0,0.06894736842105263,0.26257830912139835,0.8220999836921692,0.36343648870203055,0.3110765515731238,4,100,100,59403
8,0.85,1.0,0.08842105263157896,0.29735677667001126,0.6624000072479248,0.772417742437542,0.6653315027463489,3,100,100,51823
8,0.85,1.0,0.10789473684210528,0.3284733426658932,0.4357999861240387,1.703047130116063,1.405380552551708,3,100,100,52386
8,0.85,1.0,0.12736842105263158,0.35688712648767756,0.23070000112056732,3.540363813670038,2.6373466945250055,3,100,100,35472
8,0.85,1.0,0.14684210526315788,0.38319982419510307,0.08449999988079071,7.212538316346714,4.706629603440347,3,100,100,89693
8,0.85,1.0,0.16631578947368422,0.4078183290065372,0.07329999655485153,7.714946360662808,4.835123255272115,2,100,100,84965
8,0.85,1.0,0.18578947368421053,0.4310330308505492,0.029500000178813934,14.263625787854224,9.043553145192297,2,100,100,43755
8,0.85,1.0,0.20526315789473684,0.45305977298225986,0.01119999960064888,23.744670959469317,15.756228730371221,2,100,100,30649
8,0.85,1.0,0.22473684210526315,0.4740641750915831,0.004999999888241291,31.293229769722757,21.770949556853182,2,100,100,92832
8,0.85,1.0,0.2442105263157895,0.4941766144970738,0.0023999998811632395,43.07815994837681,31.894280635455733,2,100,100,6948
8,0.85,1.0,0.26368421052631574,0.513501908980206,0.0004999999655410647,55.20750632088796,63.352556031509955,2,100,100,37925
8,0.85,1.0,0.28315789473684216,0.5321258260382051,0.0005999999702908099,76.59853041803784,149.18626244557984,2,100,100,70035
8,0.85,1.0,0.3026315789473685,0.5501196042201809,0.00029999998514540493,323.3508684216549,10665.668734251178,2,100,100,42381
8,0.85,1.0,0.32210526315789473,0.5675431817561504,0.0,593.1434802448626,15775.488893264332,2,100,100,48881
8,0.85,1.0,0.3415789473684211,0.5844475574150525,0.00019999999494757503,1753.379115201514,26662.690431819163,2,100,100,20153
8,0.85,1.0,0.3610526315789474,0.6008765526952665,0.00039999998989515007,2839.376508427436,39031.11699457548,2,100,100,84449
8,0.85,1.0,0.3805263157894737,0.616868151057804,0.0,102835.14591782572,9595183.65801052,2,100,100,61450
8,0.85,1.0,0.4,0.6324555320336759,0.00019999999494757503,50685406.24403844,4939898709.794346,2,100,100,59504
8,0.85,2.0,1e-06,0.001,1.0,2.49198027258295e-06,2.023925275416398e-06,1000,100,100,71307
8,0.85,2.0,1.4649382061914714e-06,0.0012103463166348181,1.0,3.6130867550127734e-06,2.9380488023612107e-06,826,100,100,150
8,0.85,2.0,2.1460439479594814e-06,0.0014649382061914698,1.0,5.233931160226391e-06,4.213746743639586e-06,683,100,100,97326
8,0.85,2.0,3.1438217715318246e-06,0.0017730825619614629,1.0,7.911480549211803e-06,6.366049647455005e-06,564,100,100,57675
8,0.85,2.0,4.605504626573514e-06,0.0021460439479594807,1.0,1.1479267096782308e-05,9.296653591711427e-06,466,100,100,30775
8,0.85,2.0,6.7467796862591274e-06,0.002597456387749201,1.0,1.6798204316003407e-05,1.3860710455567384e-05,385,100,100,72504
8,0.85,2.0,9.883615331157482e-06,0.0031438217715318217,1.0,2.4803467093427402e-05,2.064504833901511e-05,318,100,100,91217
8,0.85,2.0,1.4478885713912363e-05,0.0038051131013298886,1.0,3.5985759825067375e-05,2.9313729649131932e-05,263,100,100,51036
8,0.85,2.0,2.1210672865390052e-05,0.004605504626573515,1.0,5.1980095436039165e-05,4.190184576338871e-05,217,100,100,89548
8,0.85,2.0,3.1072325059538616e-05,0.005574255561017867,1.0,7.762925373633465e-05,6.427251199076947e-05,179,100,100,8620
8,0.85,2.0,4.55190361349187e-05,0.0067467796862591195,0.9998999834060669,0.00011477107721097184,9.357808149024561e-05,148,100,100,46448
8,0.85,2.0,6.668257514305255e-05,0.008165939942410338,0.9997999668121338,0.0001640539035316401,0.0001333962723788831,122,100,100,73213
8,0.85,2.0,9.768585201429122e-05,0.009883615331157482,0.9998999834060669,0.0002422147794292247,0.00019705759239064868,101,100,100,27838
8,0.85,2.0,0.00014310373682010125,0.011962597411101873,0.9997999668121338,0.000352255277864419,0.00028545250161401465,84,100,100,45129
8,0.85,2.0,0.0002096381315165353,0.014478885713912355,0.9998999834060669,0.0005135581971184401,0.0004292386002406888,69,100,100,28228
8,0.85,2.0,0.0003071069083331647,0.0175244659928103,0.9996999502182007,0.0007715931167762634,0.0006353252665886166,57,100,100,99484
8,0.85,2.0,0.00044989264340259425,0.02121067286539006,0.9988999962806702,0.001126929796960524,0.0009090606874843123,47,100,100,35705
8,0.85,2.0,0.000659064922004935,0.02567225977597093,0.9991999864578247,0.0016144551431940906,0.001305080702269475,39,100,100,13390
8,0.85,2.0,0.0009654893846056303,0.031072325059538598,0.998699963092804,0.0024712655935836326,0.002015579737307836,32,100,100,39026
8,0.85,2.0,0.0014143822871810778,0.03760827418509227,0.9976999759674072,0.0034389392080406127,0.0028210569258388355,27,100,100,34761
8,0.85,2.0,0.002071982650652037,0.04551903613491873,0.9976999759674072,0.0051100523706748835,0.00413323769417373,22,100,100,52322
8,0.85,2.0,0.0030353265475060406,0.05509379772266603,0.9965999722480774,0.007591746102306603,0.006139517263993809,18,100,100,87829
8,0.85,2.0,0.004446565827708846,0.06668257514305252,0.9941999912261963,0.011133292300819895,0.009180546541365471,15,100,100,21253
8,0.85,2.0,0.006513944167356084,0.08070900920811805,0.9906999468803406,0.017456243416296615,0.01413721088484983,12,100,100,1814
8,0.85,2.0,0.009542525683758019,0.0976858520142913,0.988099992275238,0.025230609426825343,0.020882399128734488,10,100,100,63369
8,0.85,2.0,0.013979210457700486,0.11823371117283127,0.9801999926567078,0.03943440376390703,0.03187251742308232,8,100,100,81759
8,0.85,2.0,0.020478679491876803,0.14310373682010125,0.97489994764328,0.05442127385641078,0.044866905099321085,7,100,100,81402
8,0.85,2.0,0.03,0.17320508075688773,0.9555999636650085,0.09063838265407395,0.07728912845599993,6,100,100,57836
8,0.85,2.0,0.04947368421052632,0.22242680641174148,0.8312999606132507,0.348238667483588,0.3015264698123175,4,100,100,64856
8,0.85,2.0,0.06894736842105263,0.26257830912139835,0.5382999777793884,1.1956553977220679,0.9890255679006729,4,100,100,93694
8,0.85,2.0,0.08842105263157896,0.29735677667001126,0.2903999984264374,2.8025797403652892,2.204175914171807,3,100,100,24394
8,0.85,2.0,0.10789473684210528,0.3284733426658932,0.09589999914169312,6.71722104886351,4.258461417110747,3,100,100,45855
8,0.85,2.0,0.12736842105263158,0.35688712648767756,0.016699999570846558,17.333356069653995,9.749682366951562,3,100,100,96694
8,0.85,2.0,0.14684210526315788,0.38319982419510307,0.002199999988079071,32.5548091128433,20.3770402661951,3,100,100,71190
8,0.85,2.0,0.16631578947368422,0.4078183290065372,0.0037999998312443495,28.572741428078082,19.12169262963564,2,100,100,10697
8,0.85,2.0,0.18578947368421053,0.4310330308505492,0.00139999995008111,48.371073501784835,66.72031501226135,2,100,100,8658
8,0.85,2.0,0.20526315789473684,0.45305977298225986,0.0004999999655410647,69.89447781079645,388.56075519128984,2,100,100,83700
8,0.85,2.0,0.22473684210526315,0.4740641750915831,0.00019999999494757503,525.2500788732103,14191.896356023846,2,100,100,70038
8,0.85,2.0,0.2442105263157895,0.4941766144970738,0.00039999998989515007,2037.0609798774822,59048.06014566537,2,100,100,80208
8,0.85,2.0,0.26368421052631574,0.513501908980206,0.00029999998514540493,6550.787642454875,105448.71895402283,2,100,100,48028
8,0.85,2.0,0.28315789473684216,0.5321258260382051,0.00019999999494757503,9243.753323147379,153483.23564444075,2,100,100,23035
8,0.85,2.0,0.3026315789473685,0.5501196042201809,9.999999747378752e-05,55534858088.15113,5553206551172.936,2,100,100,6210
8,0.85,2.0,0.32210526315789473,0.5675431817561504,0.0,1.6384805134476542e+16,1.5981348385662213e+18,2,100,100,70610
8,0.85,2.0,0.3415789473684211,0.5844475574150525,0.0,5.037202204399437e+19,5.036487348991946e+21,2,100,100,53060
8,0.85,2.0,0.3610526315789474,0.6008765526952665,0.0,1.8403651350553549e+21,1.807222542385447e+23,2,100,100,53854
8,0.85,2.0,0.3805263157894737,0.616868151057804,0.0,1.5890400232056952e+27,1.4756324132939467e+29,2,100,100,68798
8,0.85,2.0,0.4,0.6324555320336759,0.0,5.132300804891909e+28,5.0130554048535595e+30,2,100,100,42555
8,0.85,5.0,1e-06,0.001,1.0,1.5855007798602827e-06,1.3982348410692804e-06,1000,100,100,92637
8,0.85,5.0,1.4649382061914714e-06,0.0012103463166348181,1.0,2.2806422926073823e-06,2.0056072347299655e-06,826,100,100,54949
8,0.85,5.0,2.1460439479594814e-06,0.0014649382061914698,0.9998999834060669,3.446530030668882e-06,2.977548076471363e-06,683,100,100,58001
8,0.85,5.0,3.1438217715318246e-06,0.0017730825619614629,1.0,5.071322837163806e-06,4.413374872308712e-06,564,100,100,72057
8,0.85,5.0,4.605504626573514e-06,0.0021460439479594807,1.0,7.3616707087740714e-06,6.3446494173172005e-06,466,100,100,39951
8,0.85,5.0,6.7467796862591274e-06,0.002597456387749201,1.0,1.0950499917733935e-05,9.919313536161765e-06,385,100,100,64904
8,0.85,5.0,9.883615331157482e-06,0.0031438217715318217,1.0,1.616338492824987e-05,1.4711054970910873e-05,318,100,100,18980
8,0.85,5.0,1.4478885713912363e-05,0.0038051131013298886,1.0,2.3262598163185543e-05,2.0208190939714862e-05,263,100,100,79453
8,0.85,5.0,2.1210672865390052e-05,0.004605504626573515,1.0,3.364142876300456e-05,2.8938280827651613e-05,217,100,100,55446
8,0.85,5.0,3.1072325059538616e-05,0.005574255561017867,0.9998999834060669,4.8244846660375985e-05,4.377893793443282e-05,179,100,100,77127
8,0.85,5.0,4.55190361349187e-05,0.0067467796862591195,1.0,7.141309844045588e-05,6.33208408119104e-05,148,100,100,6278
8,0.85,5.0,6.668257514305255e-05,0.008165939942410338,1.0,0.00010499788590597846,9.403836432087282e-05,122,100,100,87136
8,0.85,5.0,9.768585201429122e-05,0.009883615331157482,1.0,0.00015385086132582338,0.0001371051625962379,101,100,100,62438
8,0.85,5.0,0.00014310373682010125,0.011962597411101873,1.0,0.00023379276511030655,0.00020521766034745564,84,100,100,10768
8,0.85,5.0,0.0002096381315165353,0.014478885713912355,0.9997999668121338,0.00033394828992851515,0.00031479437815324046,69,100,100,15031
8,0.85,5.0,0.0003071069083331647,0.0175244659928103,0.9997999668121338,0.00048229313148249277,0.00043685920206282687,57,100,100,30766
8,0.85,5.0,0.00044989264340259425,0.02121067286539006,0.9995999932289124,0.000712986000993232,0.0006453763440556232,47,100,100,65283
8,0.85,5.0,0.000659064922004935,0.02567225977597093,0.9993999600410461,0.0010815158926380034,0.0009854087556954215,39,100,100,37540
8,0.85,5.0,0.0009654893846056303,0.031072325059538598,0.9989999532699585,0.0014613386666764328,0.0013712009819593887,32,100,100,94749
8,0.85,5.0,0.0014143822871810778,0.03760827418509227,0.998699963092804,0.002453620374881408,0.0021877512343075833,27,100,100,99125
8,0.85,5.0,0.002071982650652037,0.04551903613491873,0.998199999332428,0.0033296269809485446,0.003028358713034324,22,100,100,55019
8,0.85,5.0,0.0030353265475060406,0.05509379772266603,0.9980999827384949,0.004706126602534824,0.004543273480909829,18,100,100,98843
8,0.85,5.0,0.004446565827708846,0.06668257514305252,0.995199978351593,0.0070044801582808845,0.006579727888643916,15,100,100,36940
8,0.85,5.0,0.006513944167356084,0.08070900920811805,0.9945999979972839,0.009117296420448822,0.009164180167658336,12,100,100,1895
8,0.85,5.0,0.009542525683758019,0.0976858520142913,0.9896000027656555,0.016525582056976445,0.015515388650008281,10,100,100,46149
8,0.85,5.0,0.013979210457700486,0.11823371117283127,0.9848999977111816,0.029690570021801227,0.027217185488290076,8,100,100,91158
8,0.85,5.0,0.020478679491876803,0.14310373682010125,0.9465999603271484,0.1055454800950559,0.08916684038983597,7,100,100,48344
8,0.85,5.0,0.03,0.17320508075688773,0.7908999919891357,0.44115507932032655,0.3733472927119147,6,100,100,9566
8,0.85,5.0,0.04947368421052632,0.22242680641174148,0.2947999835014343,2.7439742823250555,2.0998801728009195,4,100,100,25811
8,0.85,5.0,0.06894736842105263,0.26257830912139835,0.01889999955892563,19.725466989632643,13.76673387928026,4,100,100,17954
8,0.85,5.0,0.08842105263157896,0.29735677667001126,0.00279999990016222,51.2039171977681,45.601830369955906,3,100,100,23292
8,0.85,5.0,0.10789473684210528,0.3284733426658932,0.0,242.21448143778096,1745.6627505334197,3,100,100,98921
8,0.85,5.0,0.12736842105263158,0.35688712648767756,0.0,2.0475892953819778e+49,2.047486913357591e+51,3,100,100,52950
8,0.85,5.0,0.14684210526315788,0.38319982419510307,0.0,1.7121836185550502e+64,1.281889337665513e+66,3,100,100,98048
8,0.85,5.0,0.16631578947368422,0.4078183290065372,0.0,99510.12788464116,1101544.6702314587,2,100,100,39892
8,0.85,5.0,0.18578947368421053,0.4310330308505492,0.0,868722965571.134,86675959745451.53,2,100,100,71832
8,0.85,5.0,0.20526315789473684,0.45305977298225986,0.0,1.0173491863210184e+23,8.067824086560541e+24,2,100,100,61577
8,0.85,5.0,0.22473684210526315,0.4740641750915831,0.0,3.2143839800821e+30,3.2108352945074633e+32,2,100,100,58956
8,0.85,5.0,0.2442105263157895,0.4941766144970738,0.0,7.795413686870705e+35,6.114491152074487e+37,2,100,100,25749
8,0.85,5.0,0.26368421052631574,0.513501908980206,0.0,6.432640422992281e+39,5.9396317563314116e+41,2,100,100,56157
8,0.85,5.0,0.28315789473684216,0.5321258260382051,0.0,1.7648665359480957e+43,1.2354431464626631e+45,2,100,100,20858
8,0.85,5.0,0.3026315789473685,0.5501196042201809,0.0,1.5829663487159152e+53,1.5828869441886768e+55,2,100,100,59319
8,0.85,5.0,0.32210526315789473,0.5675431817561504,0.0,8.55221545707161e+49,8.481716357057893e+51,2,100,100,48602
8,0.85,5.0,0.3415789473684211,0.5844475574150525,0.0,3.6601009721563765e+54,3.3414697242954327e+56,2,100,100,60520
8,0.85,5.0,0.3610526315789474,0.6008765526952665,0.0,2.2839351816399244e+57,1.6394402249453526e+59,2,100,100,14108
8,0.85,5.0,0.3805263157894737,0.616868151057804,0.0,1.927539235597628e+58,1.1177892099463173e+60,2,100,100,55066
8,0.85,5.0,0.4,0.6324555320336759,0.0,4.2014665974454996e+60,3.163984020147326e+62,2,100,100,71023
8,0.85,10.0,1e-06,0.001,1.0,6.723201945701441e-06,5.228445758282068e-06,1000,100,100,46441
8,0.85,10.0,1.4649382061914714e-06,0.0012103463166348181,1.0,9.927687947101305e-06,7.934572707055918e-06,826,100,100,7529
8,0.85,10.0,2.1460439479594814e-06,0.0014649382061914698,1.0,1.4016994933341032e-05,1.1138583785315922e-05,683,100,100,21745
8,0.85,10.0,3.1438217715318246e-06,0.0017730825619614629,1.0,2.0834730928711133e-05,1.6671883333832407e-05,564,100,100,75921
8,0.85,10.0,4.605504626573514e-06,0.0021460439479594807,1.0,3.0437224106694316e-05,2.395021950998634e-05,466,100,100,35584
8,0.85,10.0,6.7467796862591274e-06,0.002597456387749201,1.0,4.472812499837513e-05,3.543384291479827e-05,385,100,100,44795
8,0.85,10.0,9.883615331157482e-06,0.0031438217715318217,0.9998999834060669,6.688469151957381e-05,5.2182388517655936e-05,318,100,100,19549
8,0.85,10.0,1.4478885713912363e-05,0.0038051131013298886,1.0,9.427642054593903e-05,7.41359300764394e-05,263,100,100,17184
8,0.85,10.0,2.1210672865390052e-05,0.004605504626573515,1.0,0.00013850944653490753,0.00011003664979774664,217,100,100,99643
8,0.85,10.0,3.1072325059538616e-05,0.005574255561017867,1.0,0.0002065223083706803,0.000165753002776836,179,100,100,63025
8,0.85,10.0,4.55190361349187e-05,0.0067467796862591195,0.9998999834060669,0.0003006068295512526,0.00023715321600833807,148,100,100,3044
8,0.85,10.0,6.668257514305255e-05,0.008165939942410338,0.9995999932289124,0.0004432883625377214,0.0003479098425501881,122,100,100,99330
8,0.85,10.0,9.768585201429122e-05,0.009883615331157482,0.9997999668121338,0.0006539696757758724,0.0005072004659508834,101,100,100,26449
8,0.85,10.0,0.00014310373682010125,0.011962597411101873,0.9998999834060669,0.0009572085147706734,0.0007525534543490551,84,100,100,66378
8,0.85,10.0,0.0002096381315165353,0.014478885713912355,0.9995999932289124,0.0013805819171106128,0.0010891629907824425,69,100,100,34476
8,0.85,10.0,0.0003071069083331647,0.0175244659928103,0.9993000030517578,0.002073526356851427,0.0016006533644701817,57,100,100,59207
8,0.85,10.0,0.00044989264340259425,0.02121067286539006,0.9984999895095825,0.00305819371343027,0.0024334035161430716,47,100,100,39691
8,0.85,10.0,0.000659064922004935,0.02567225977597093,0.998199999332428,0.004394586969138424,0.00345352556146986,39,100,100,68257
8,0.85,10.0,0.0009654893846056303,0.031072325059538598,0.9975000023841858,0.006293573658569348,0.00488250682570688,32,100,100,92647
8,0.85,10.0,0.0014143822871810778,0.03760827418509227,0.9953999519348145,0.009998685479953744,0.00786670143114025,27,100,100,25282
8,0.85,10.0,0.002071982650652037,0.04551903613491873,0.9924999475479126,0.014343491431679815,0.011174054466588075,22,100,100,77425
8,0.85,10.0,0.0030353265475060406,0.05509379772266603,0.9881999492645264,0.020366952516069663,0.016390453006822535,18,100,100,63616
8,0.85,10.0,0.004446565827708846,0.06668257514305252,0.9848999977111816,0.03145742679722675,0.024541863310397552,15,100,100,60135
8,0.85,10.0,0.006513944167356084,0.08070900920811805,0.9801999926567078,0.04480597068122831,0.0350106150138844,12,100,100,3511
8,0.85,10.0,0.009542525683758019,0.0976858520142913,0.9639999866485596,0.0737739066806356,0.058243648324447055,10,100,100,5550
8,0.85,10.0,0.013979210457700486,0.11823371117283127,0.9262999892234802,0.1431774262509978,0.12893871066224352,8,100,100,95431
8,0.85,10.0,0.020478679491876803,0.14310373682010125,0.7551999688148499,0.5294761128482285,0.4942981070262286,7,100,100,96357
8,0.85,10.0,0.03,0.17320508075688773,0.2689000070095062,3.2213482035868033,2.673490440025641,6,100,100,30177
8,0.85,10.0,0.04947368421052632,0.22242680641174148,0.0,285.46064854492624,4953.873321708045,4,100,100,90448
8,0.85,10.0,0.06894736842105263,0.26257830912139835,0.0,1.8770044174438002e+62,1.8768993610883097e+64,4,100,100,4860
8,0.85,10.0,0.08842105263157896,0.29735677667001126,0.0,5.306541173464736e+67,5.306275786561903e+69,3,100,100,36438
8,0.85,10.0,0.10789473684210528,0.3284733426658932,0.0,6.620908812680708e+116,6.620577758963559e+118,3,100,100,69613
8,0.85,10.0,0.12736842105263158,0.35688712648767756,0.0,inf,nan,3,100,100,69540
8,0.85,10.0,0.14684210526315788,0.38319982419510307,0.0,inf,nan,3,100,100,9707
8,0.85,10.0,0.16631578947368422,0.4078183290065372,0.0,3.5910097741895894e+42,3.517204597834507e+44,2,100,100,75563
8,0.85,10.0,0.18578947368421053,0.4310330308505492,0.0,1.4957916493897468e+48,1.4848887576164871e+50,2,100,100,67630
8,0.85,10.0,0.20526315789473684,0.45305977298225986,0.0,1.165051858968576e+56,1.1649310543704241e+58,2,100,100,83622
8,0.85,10.0,0.22473684210526315,0.4740641750915831,0.0,1.291500337107902e+59,9.655630960044084e+60,2,100,100,69458
8,0.85,10.0,0.2442105263157895,0.4941766144970738,0.0,1.5852603162660323e+63,1.0021497809561589e+65,2,100,100,8089
8,0.85,10.0,0.26368421052631574,0.513501908980206,0.0,2.183467286420629e+67,1.2492836403634244e+69,2,100,100,72908
8,0.85,10.0,0.28315789473684216,0.5321258260382051,0.0,2.4920669393159178e+70,1.8203121469754715e+72,2,100,100,29691
8,0.85,10.0,0.3026315789473685,0.5501196042201809,0.0,2.67424359621664e+74,1.7278494240375683e+76,2,100,100,85347
8,0.85,10.0,0.32210526315789473,0.5675431817561504,0.0,1.3446784275166975e+81,9.491552095357541e+82,2,100,100,34005
8,0.85,10.0,0.3415789473684211,0.5844475574150525,0.0,6.640010944519077e+83,5.8540125674929184e+85,2,100,100,5092
8,0.85,10.0,0.3610526315789474,0.6008765526952665,0.0,1.990093018374987e+98,1.9899935112331476e+100,2,100,100,45381
8,0.85,10.0,0.3805263157894737,0.616868151057804,0.0,7.042410156788339e+97,7.041525584066199e+99,2,100,100,46732
8,0.85,10.0,0.4,0.6324555320336759,0.0,1.580218059528864e+102,9.674972802752725e+103,2,100,100,81221
8,0.85,100.0,1e-06,0.001,1.0,2.2392116640858717e-05,1.754226434229419e-05,1000,100,100,3205
8,0.85,100.0,1.4649382061914714e-06,0.0012103463166348181,1.0,3.1590463986832165e-05,2.4492360308389643e-05,826,100,100,86840
8,0.85,100.0,2.1460439479594814e-06,0.0014649382061914698,0.9997999668121338,5.210075730560888e-05,4.0969281527117245e-05,683,100,100,90954
8,0.85,100.0,3.1438217715318246e-06,0.0017730825619614629,1.0,6.920953802223196e-05,5.4655215029246034e-05,564,100,100,72058
8,0.85,100.0,4.605504626573514e-06,0.0021460439479594807,0.9997999668121338,0.00010840415926052174,8.569430932563341e-05,466,100,100,48728
8,0.85,100.0,6.7467796862591274e-06,0.002597456387749201,0.9997999668121338,0.00015738085086652376,0.00012472716833663208,385,100,100,85625
8,0.85,100.0,9.883615331157482e-06,0.0031438217715318217,0.9997999668121338,0.0002357478789340405,0.00018516905438661612,318,100,100,76353
8,0.85,100.0,1.4478885713912363e-05,0.0038051131013298886,1.0,0.00035016841008622354,0.00027049880585239153,263,100,100,44569
8,0.85,100.0,2.1210672865390052e-05,0.004605504626573515,1.0,0.00047424526047974567,0.00037205304389303294,217,100,100,45994
8,0.85,100.0,3.1072325059538616e-05,0.005574255561017867,0.9993999600410461,0.0006917293652043519,0.0005570383601883488,179,100,100,23103
8,0.85,100.0,4.55190361349187e-05,0.0067467796862591195,0.9990999698638916,0.001066482612132478,0.0008138285568886084,148,100,100,1321
8,0.85,100.0,6.668257514305255e-05,0.008165939942410338,0.9993000030517578,0.0015787954370026142,0.0012556958288749691,122,100,100,24827
8,0.85,100.0,9.768585201429122e-05,0.009883615331157482,0.9988999962806702,0.002264434066103958,0.0017681840929035864,101,100,100,45911
8,0.85,100.0,0.00014310373682010125,0.011962597411101873,0.9996999502182007,0.0032955546072112912,0.0025405877666543706,84,100,100,79806
8,0.85,100.0,0.0002096381315165353,0.014478885713912355,0.9984999895095825,0.005061375167106498,0.00392126504083406,69,100,100,50875
8,0.85,100.0,0.0003071069083331647,0.0175244659928103,0.996399998664856,0.007173924583536261,0.0056972732961874375,57,100,100,17242
8,0.85,100.0,0.00044989264340259425,0.02121067286539006,0.9949999451637268,0.011137904006756946,0.00877370307884473,47,100,100,92500
8,0.85,100.0,0.000659064922004935,0.02567225977597093,0.9925999641418457,0.016236402746289867,0.012638397228805442,39,100,100,60009
8,0.85,100.0,0.0009654893846056303,0.031072325059538598,0.9851999878883362,0.026553200749730572,0.020392998792142812,32,100,100,49334
8,0.85,100.0,0.0014143822871810778,0.03760827418509227,0.9758999943733215,0.044997392538611486,0.03547967413757501,27,100,100,16746
8,0.85,100.0,0.002071982650652037,0.04551903613491873,0.8130999803543091,1.1926322703885475,3.5853569162927563,22,100,100,78939
8,0.85,100.0,0.0030353265475060406,0.05509379772266603,0.004100000020116568,nan,nan,18,100,100,41981
8,0.85,100.0,0.004446565827708846,0.06668257514305252,0.0,nan,nan,15,100,100,72020
8,0.85,100.0,0.006513944167356084,0.08070900920811805,0.0,nan,nan,12,100,100,64144
8,0.85,100.0,0.009542525683758019,0.0976858520142913,0.0,nan,nan,10,100,100,37154
8,0.85,100.0,0.013979210457700486,0.11823371117283127,0.0,nan,nan,8,100,100,367
8,0.85,100.0,0.020478679491876803,0.14310373682010125,0.0,nan,nan,7,100,100,52824
8,0.85,100.0,0.03,0.17320508075688773,0.0,nan,nan,6,100,100,87100
8,0.85,100.0,0.04947368421052632,0.22242680641174148,0.0,nan,nan,4,100,100,30005
8,0.85,100.0,0.06894736842105263,0.26257830912139835,0.0,nan,nan,4,100,100,52541
8,0.85,100.0,0.08842105263157896,0.29735677667001126,0.0,nan,nan,3,100,100,44367
8,0.85,100.0,0.10789473684210528,0.3284733426658932,0.0,nan,nan,3,100,100,26645
8,0.85,100.0,0.12736842105263158,0.35688712648767756,0.0,nan,nan,3,100,100,25081
8,0.85,100.0,0.14684210526315788,0.38319982419510307,0.0,nan,nan,3,100,100,13396
8,0.85,100.0,0.16631578947368422,0.4078183290065372,0.0,6.41958256427191e+184,inf,2,100,100,18513
8,0.85,100.0,0.18578947368421053,0.4310330308505492,0.0,1.1883422628090513e+210,inf,2,100,100,64428
8,0.85,100.0,0.20526315789473684,0.45305977298225986,0.0,1.02455091015947e+212,inf,2,100,100,20840
8,0.85,100.0,0.22473684210526315,0.4740641750915831,0.0,4.0700201268876873e+216,inf,2,100,100,48198
8,0.85,100.0,0.2442105263157895,0.4941766144970738,0.0,1.9598666120288204e+223,inf,2,100,100,75445
8,0.85,100.0,0.26368421052631574,0.513501908980206,0.0,7.790115488411106e+245,inf,2,100,100,98929
8,0.85,100.0,0.28315789473684216,0.5321258260382051,0.0,1.0244142995610403e+238,inf,2,100,100,62171
8,0.85,100.0,0.3026315789473685,0.5501196042201809,0.0,9.163981422977507e+248,inf,2,100,100,98714
8,0.85,100.0,0.32210526315789473,0.5675431817561504,0.0,1.7194405949180176e+260,inf,2,100,100,63039
8,0.85,100.0,0.3415789473684211,0.5844475574150525,0.0,1.4782293063167528e+261,inf,2,100,100,60839
8,0.85,100.0,0.3610526315789474,0.6008765526952665,0.0,4.0715716375265876e+265,inf,2,100,100,40335
8,0.85,100.0,0.3805263157894737,0.616868151057804,0.0,3.195988243673221e+273,inf,2,100,100,49659
8,0.85,100.0,0.4,0.6324555320336759,0.0,3.433764382355059e+291,inf,2,100,100,34094
8,0.44,0.1,1e-06,0.001,1.0,5.610772085404392e-07,4.419840042400714e-07,1000,100,100,18028
8,0.44,0.1,1.4649382061914714e-06,0.0012103463166348181,1.0,8.129408855175769e-07,6.314782331989849e-07,826,100,100,29306
8,0.44,0.1,2.1460439479594814e-06,0.0014649382061914698,1.0,1.208176918267867e-06,9.535605978167544e-07,683,100,100,76940
8,0.44,0.1,3.1438217715318246e-06,0.0017730825619614629,1.0,1.7469168633923006e-06,1.3801988563103446e-06,564,100,100,46625
8,0.44,0.1,4.605504626573514e-06,0.0021460439479594807,1.0,2.593040941821556e-06,2.0275690011049545e-06,466,100,100,61790
8,0.44,0.1,6.7467796862591274e-06,0.002597456387749201,1.0,3.8331529441023804e-06,3.016105698333038e-06,385,100,100,85353
8,0.44,0.1,9.883615331157482e-06,0.0031438217715318217,1.0,5.661027429569998e-06,4.5095715092009415e-06,318,100,100,13118
8,0.44,0.1,1.4478885713912363e-05,0.0038051131013298886,1.0,8.227471441322366e-06,6.386142929253028e-06,263,100,100,62921
8,0.44,0.1,2.1210672865390052e-05,0.004605504626573515,1.0,1.1919314467873932e-05,9.325108249483168e-06,217,100,100,1016
8,0.44,0.1,3.1072325059538616e-05,0.005574255561017867,1.0,1.760054047588753e-05,1.3707879426786265e-05,179,100,100,67333
8,0.44,0.1,4.55190361349187e-05,0.0067467796862591195,1.0,2.5701596783927983e-05,2.0505738773951788e-05,148,100,100,46332
8,0.44,0.1,6.668257514305255e-05,0.008165939942410338,1.0,3.748669906889646e-05,2.9167880096198326e-05,122,100,100,73442
8,0.44,0.1,9.768585201429122e-05,0.009883615331157482,1.0,5.4396197820545215e-05,4.298726837230303e-05,101,100,100,2557
8,0.44,0.1,0.00014310373682010125,0.011962597411101873,0.9996999502182007,8.09977916853562e-05,6.423096083079401e-05,84,100,100,7042
8,0.44,0.1,0.0002096381315165353,0.014478885713912355,1.0,0.00011641534957594431,9.165801152213948e-05,69,100,100,15708
8,0.44,0.1,0.0003071069083331647,0.0175244659928103,0.9998999834060669,0.00017099592974353684,0.00013533514645248812,57,100,100,75312
8,0.44,0.1,0.00044989264340259425,0.02121067286539006,0.9997999668121338,0.0002576547724892102,0.00020024849268805052,47,100,100,84903
8,0.44,0.1,0.000659064922004935,0.02567225977597093,1.0,0.0003688086150219981,0.00028743573626806605,39,100,100,93231
8,0.44,0.1,0.0009654893846056303,0.031072325059538598,0.9996999502182007,0.0005377792867177377,0.00042018541348583173,32,100,100,81543
8,0.44,0.1,0.0014143822871810778,0.03760827418509227,0.9996999502182007,0.0008036397135175626,0.0006253542650913505,27,100,100,19393
8,0.44,0.1,0.002071982650652037,0.04551903613491873,0.9996999502182007,0.0011761676508268096,0.0009121700949977765,22,100,100,13945
8,0.44,0.1,0.0030353265475060406,0.05509379772266603,0.9990999698638916,0.0016870041372130885,0.0013309973039329114,18,100,100,60569
8,0.44,0.1,0.004446565827708846,0.06668257514305252,0.9989999532699585,0.002533945080180967,0.0019673356458777013,15,100,100,46426
8,0.44,0.1,0.006513944167356084,0.08070900920811805,0.998199999332428,0.0036200550027555055,0.0028500908629528225,12,100,100,74574
8,0.44,0.1,0.009542525683758019,0.0976858520142913,0.9977999925613403,0.005309495282190323,0.004190349364086448,10,100,100,45052
8,0.44,0.1,0.013979210457700486,0.11823371117283127,0.9961999654769897,0.007572486077847518,0.005993305564648172,8,100,100,71074
8,0.44,0.1,0.020478679491876803,0.14310373682010125,0.9943999648094177,0.011576579331754074,0.009167334602814804,7,100,100,90008
8,0.44,0.1,0.03,0.17320508075688773,0.9910999536514282,0.017471331057930896,0.014032659225565547,6,100,100,60399
8,0.44,0.1,0.04947368421052632,0.22242680641174148,0.9882999658584595,0.027062640841800635,0.021262503529284993,4,100,100,11325
8,0.44,0.1,0.06894736842105263,0.26257830912139835,0.9813999533653259,0.043320100987670335,0.03431403138952924,4,100,100,21512
8,0.44,0.1,0.08842105263157896,0.29735677667001126,0.9731999635696411,0.05014766087813771,0.0395252591269273,3,100,100,73894
8,0.44,0.1,0.10789473684210528,0.3284733426658932,0.9680999517440796,0.06797346234916066,0.05345683560452086,3,100,100,9782
8,0.44,0.1,0.12736842105263158,0.35688712648767756,0.9551999568939209,0.0910274847843188,0.07154892534010128,3,100,100,51617
8,0.44,0.1,0.14684210526315788,0.38319982419510307,0.9424999952316284,0.11442247194648349,0.0910108070481605,3,100,100,55449
8,0.44,0.1,0.16631578947368422,0.4078183290065372,0.9361000061035156,0.11905294426416113,0.09815517507431036,2,100,100,19842
8,0.44,0.1,0.18578947368421053,0.4310330308505492,0.9230999946594238,0.1538668639304478,0.12742344179573625,2,100,100,79006
8,0.44,0.1,0.20526315789473684,0.45305977298225986,0.9001999497413635,0.20449272825372947,0.17317643214431294,2,100,100,26868
8,0.44,0.1,0.22473684210526315,0.4740641750915831,0.8710999488830566,0.2659636362067824,0.22543686805151325,2,100,100,40211
8,0.44,0.1,0.2442105263157895,0.4941766144970738,0.8405999541282654,0.34029357558333606,0.29466536898986123,2,100,100,6082
8,0.44,0.1,0.26368421052631574,0.513501908980206,0.7892000079154968,0.44014989843073693,0.3805416275396155,2,100,100,42890
8,0.44,0.1,0.28315789473684216,0.5321258260382051,0.7437999844551086,0.5538765284333653,0.465572697017694,2,100,100,89901
8,0.44,0.1,0.3026315789473685,0.5501196042201809,0.7032999992370605,0.6799502649591928,0.5830010886837447,2,100,100,64736
8,0.44,0.1,0.32210526315789473,0.5675431817561504,0.6500999927520752,0.8296882789268751,0.7045525372754188,2,100,100,22894
8,0.44,0.1,0.3415789473684211,0.5844475574150525,0.5837999582290649,1.0408969150787197,0.8882470027606586,2,100,100,56324
8,0.44,0.1,0.3610526315789474,0.6008765526952665,0.5212000012397766,1.2950889991010395,1.1059902944636448,2,100,100,20895
8,0.44,0.1,0.3805263157894737,0.616868151057804,0.4666999876499176,1.5508425575810423,1.297708028523046,2,100,100,22586
8,0.44,0.1,0.4,0.6324555320336759,0.39469999074935913,1.9160608582728131,1.544389242801471,2,100,100,58038
8,0.44,0.5,1e-06,0.001,1.0,1.369009685623368e-06,1.079525014080917e-06,1000,100,100,10647
8,0.44,0.5,1.4649382061914714e-06,0.0012103463166348181,1.0,2.0231973647806714e-06,1.5877891698042674e-06,826,100,100,31542
8,0.44,0.5,2.1460439479594814e-06,0.0014649382061914698,1.0,2.9137829735034873e-06,2.2443900392261727e-06,683,100,100,34948
8,0.44,0.5,3.1438217715318246e-06,0.0017730825619614629,1.0,4.277730100153044e-06,3.379770151774789e-06,564,100,100,91240
8,0.44,0.5,4.605504626573514e-06,0.0021460439479594807,1.0,6.417887850053817e-06,4.941710129352412e-06,466,100,100,87377
8,0.44,0.5,6.7467796862591274e-06,0.002597456387749201,1.0,9.275234496933393e-06,7.281421144366019e-06,385,100,100,99308
8,0.44,0.5,9.883615331157482e-06,0.0031438217715318217,1.0,1.3220811137606247e-05,1.0328182338001379e-05,318,100,100,60531
8,0.44,0.5,1.4478885713912363e-05,0.0038051131013298886,1.0,1.9744598230627375e-05,1.5499578316375506e-05,263,100,100,95378
8,0.44,0.5,2.1210672865390052e-05,0.004605504626573515,1.0,2.869090462427053e-05,2.254148543877684e-05,217,100,100,57061
8,0.44,0.5,3.1072325059538616e-05,0.005574255561017867,1.0,4.298181604675051e-05,3.378285739321677e-05,179,100,100,23724
8,0.44,0.5,4.55190361349187e-05,0.0067467796862591195,0.9998999834060669,6.221855693862928e-05,4.7889046893479946e-05,148,100,100,5258
8,0.44,0.5,6.668257514305255e-05,0.008165939942410338,1.0,9.031864623740483e-05,7.068950594934439e-05,122,100,100,7816
8,0.44,0.5,9.768585201429122e-05,0.009883615331157482,0.9997999668121338,0.00013382814944575455,0.00010376821033823533,101,100,100,71277
8,0.44,0.5,0.00014310373682010125,0.011962597411101873,0.9998999834060669,0.00019512656667996709,0.00015064752766299648,84,100,100,89846
8,0.44,0.5,0.0002096381315165353,0.014478885713912355,0.9997999668121338,0.00028588913648126086,0.0002204602482707245,69,100,100,90946
8,0.44,0.5,0.0003071069083331647,0.0175244659928103,0.9997999668121338,0.0004278953858502682,0.00033477861789405345,57,100,100,56444
8,0.44,0.5,0.00044989264340259425,0.02121067286539006,0.9996999502182007,0.0006195611794803842,0.0004837683379730042,47,100,100,94517
8,0.44,0.5,0.000659064922004935,0.02567225977597093,0.9996999502182007,0.000907219161915754,0.0007061234649497413,39,100,100,43310
8,0.44,0.5,0.0009654893846056303,0.031072325059538598,0.9998999834060669,0.0013046212515596023,0.0010055426674033603,32,100,100,45344
8,0.44,0.5,0.0014143822871810778,0.03760827418509227,0.9988999962806702,0.0019518231960864065,0.0015406134799662897,27,100,100,40158
8,0.44,0.5,0.002071982650652037,0.04551903613491873,0.9987999796867371,0.0028262174870756886,0.002206400579635333,22,100,100,56040
8,0.44,0.5,0.0030353265475060406,0.05509379772266603,0.9975999593734741,0.004064884582783659,0.0031678155176029315,18,100,100,64733
8,0.44,0.5,0.004446565827708846,0.06668257514305252,0.9971999526023865,0.006162153289516147,0.00479819853743654,15,100,100,57545
8,0.44,0.5,0.006513944167356084,0.08070900920811805,0.9960999488830566,0.008891507756513435,0.006843158178647627,12,100,100,96967
8,0.44,0.5,0.009542525683758019,0.0976858520142913,0.9932999610900879,0.013061077085432303,0.010298045101004998,10,100,100,49789
8,0.44,0.5,0.013979210457700486,0.11823371117283127,0.9923999905586243,0.01896316935182442,0.014784166761492336,8,100,100,76053
8,0.44,0.5,0.020478679491876803,0.14310373682010125,0.984499990940094,0.02856309215946817,0.022552539188937338,7,100,100,45607
8,0.44,0.5,0.03,0.17320508075688773,0.9756999611854553,0.043188762726199995,0.033231585295320595,6,100,100,81675
8,0.44,0.5,0.04947368421052632,0.22242680641174148,0.9684999585151672,0.0694473683319087,0.05467816927049407,4,100,100,39531
8,0.44,0.5,0.06894736842105263,0.26257830912139835,0.9470999836921692,0.1059490619948236,0.08505329272345898,4,100,100,70877
8,0.44,0.5,0.08842105263157896,0.29735677667001126,0.9264000058174133,0.14500605771302455,0.11947112009576426,3,100,100,84771
8,0.44,0.5,0.10789473684210528,0.3284733426658932,0.8915999531745911,0.22126617443159732,0.1882454261937811,3,100,100,37704
8,0.44,0.5,0.12736842105263158,0.35688712648767756,0.8380999565124512,0.3388016818665114,0.287834801376698,3,100,100,31067
8,0.44,0.5,0.14684210526315788,0.38319982419510307,0.7604999542236328,0.5070924158334988,0.4432439378306512,3,100,100,10164
8,0.44,0.5,0.16631578947368422,0.4078183290065372,0.7271999716758728,0.6101052256399634,0.5672129968278024,2,100,100,30224
8,0.44,0.5,0.18578947368421053,0.4310330308505492,0.6313999891281128,0.8749625704976381,0.7691270744834331,2,100,100,94956
8,0.44,0.5,0.20526315789473684,0.45305977298225986,0.548799991607666,1.192971395447833,1.0572509517663533,2,100,100,77908
8,0.44,0.5,0.22473684210526315,0.4740641750915831,0.45419999957084656,1.6241110578512752,1.4100411405790176,2,100,100,48467
8,0.44,0.5,0.2442105263157895,0.4941766144970738,0.3707999885082245,2.1843135079224862,1.8328391405579707,2,100,100,19182
8,0.44,0.5,0.26368421052631574,0.513501908980206,0.2839999794960022,2.8890627652026173,2.3184007659129597,2,100,100,97688
8,0.44,0.5,0.28315789473684216,0.5321258260382051,0.2272999882698059,3.695542517488058,2.838651223208763,2,100,100,13688
8,0.44,0.5,0.3026315789473685,0.5501196042201809,0.16009999811649323,4.862889193906434,3.597037263123736,2,100,100,50859
8,0.44,0.5,0.32210526315789473,0.5675431817561504,0.11079999804496765,6.094831081535726,4.127976968728897,2,100,100,46289
8,0.44,0.5,0.3415789473684211,0.5844475574150525,0.07360000163316727,7.724263476915792,4.982223829376767,2,100,100,99891
8,0.44,0.5,0.3610526315789474,0.6008765526952665,0.04820000007748604,9.349373862232254,5.6225056442363925,2,100,100,25337
8,0.44,0.5,0.3805263157894737,0.616868151057804,0.032899998128414154,11.50525785034091,6.668687891431882,2,100,100,52471
8,0.44,0.5,0.4,0.6324555320336759,0.020999999716877937,13.719935987462515,7.982304956739379,2,100,100,43877
8,0.44,1.0,1e-06,0.001,1.0,2.0431206489012866e-06,1.585467105178887e-06,1000,100,100,57959
8,0.44,1.0,1.4649382061914714e-06,0.0012103463166348181,1.0,3.060582979870219e-06,2.3911990791171313e-06,826,100,100,61044
8,0.44,1.0,2.1460439479594814e-06,0.0014649382061914698,1.0,4.476429375277302e-06,3.4579294642375602e-06,683,100,100,5418
8,0.44,1.0,3.1438217715318246e-06,0.0017730825619614629,1.0,6.563507120522871e-06,5.020005358921781e-06,564,100,100,16514
8,0.44,1.0,4.605504626573514e-06,0.0021460439479594807,1.0,9.608660213802623e-06,7.3516150724617995e-06,466,100,100,28702
8,0.44,1.0,6.7467796862591274e-06,0.002597456387749201,1.0,1.3947469541959557e-05,1.0892282972038032e-05,385,100,100,73666
8,0.44,1.0,9.883615331157482e-06,0.0031438217715318217,1.0,2.065189665972902e-05,1.590518901204547e-05,318,100,100,35987
8,0.44,1.0,1.4478885713912363e-05,0.0038051131013298886,1.0,2.9823224735234358e-05,2.354057889877426e-05,263,100,100,60371
8,0.44,1.0,2.1210672865390052e-05,0.004605504626573515,1.0,4.338951724869436e-05,3.3634439792737774e-05,217,100,100,66722
8,0.44,1.0,3.1072325059538616e-05,0.005574255561017867,0.9998999834060669,6.387184856973978e-05,4.9843923785623616e-05,179,100,100,99044
8,0.44,1.0,4.55190361349187e-05,0.0067467796862591195,0.9998999834060669,9.591682194231783e-05,7.34019716607213e-05,148,100,100,39570
8,0.44,1.0,6.668257514305255e-05,0.008165939942410338,1.0,0.00013780915756005712,0.00010710089387459037,122,100,100,52295
8,0.44,1.0,9.768585201429122e-05,0.009883615331157482,0.9997999668121338,0.00020584939347355552,0.00015846764882618793,101,100,100,32162
8,0.44,1.0,0.00014310373682010125,0.011962597411101873,1.0,0.0002998834915483661,0.00023223381152515064,84,100,100,10338
8,0.44,1.0,0.0002096381315165353,0.014478885713912355,0.9996999502182007,0.0004369825470250235,0.0003393485119378857,69,100,100,46767
8,0.44,1.0,0.0003071069083331647,0.0175244659928103,0.9994999766349792,0.0006497884596820821,0.0005089798707435412,57,100,100,12394
8,0.44,1.0,0.00044989264340259425,0.02121067286539006,0.9989999532699585,0.0009452799923547678,0.0007436807398411505,47,100,100,69466
8,0.44,1.0,0.000659064922004935,0.02567225977597093,0.9996999502182007,0.0013795271228255381,0.0010675830175936965,39,100,100,13425
8,0.44,1.0,0.0009654893846056303,0.031072325059538598,0.9991999864578247,0.0020086362620018983,0.0015475440936515768,32,100,100,61601
8,0.44,1.0,0.0014143822871810778,0.03760827418509227,0.9989999532699585,0.002984091923616977,0.002326253915502048,27,100,100,25615
8,0.44,1.0,0.002071982650652037,0.04551903613491873,0.9979999661445618,0.004393783884241885,0.003372736790100928,22,100,100,75739
8,0.44,1.0,0.0030353265475060406,0.05509379772266603,0.9976999759674072,0.006441796418765673,0.004917552590554684,18,100,100,78275
8,0.44,1.0,0.004446565827708846,0.06668257514305252,0.9957000017166138,0.009491489594661569,0.007362272227961115,15,100,100,80718
8,0.44,1.0,0.006513944167356084,0.08070900920811805,0.9923999905586243,0.013415555333758286,0.010443625795921823,12,100,100,85095
8,0.44,1.0,0.009542525683758019,0.0976858520142913,0.9882999658584595,0.020312719460400794,0.01582732481939921,10,100,100,31343
8,0.44,1.0,0.013979210457700486,0.11823371117283127,0.9865999817848206,0.029768658489925735,0.02284619579308529,8,100,100,9146
8,0.44,1.0,0.020478679491876803,0.14310373682010125,0.9777999520301819,0.04357463342538731,0.03379898483198717,7,100,100,36787
8,0.44,1.0,0.03,0.17320508075688773,0.9686999917030334,0.06520261437766124,0.05067283126050364,6,100,100,1368
8,0.44,1.0,0.04947368421052632,0.22242680641174148,0.9416999816894531,0.112798348777492,0.09004620759252185,4,100,100,18614
8,0.44,1.0,0.06894736842105263,0.26257830912139835,0.8949999809265137,0.20248079865641172,0.16836264869242176,4,100,100,44387
8,0.44,1.0,0.08842105263157896,0.29735677667001126,0.8440999984741211,0.3308913447783589,0.2920893862848134,3,100,100,75763
8,0.44,1.0,0.10789473684210528,0.3284733426658932,0.7294999957084656,0.5916156457423597,0.5258219237895483,3,100,100,84206
8,0.44,1.0,0.12736842105263158,0.35688712648767756,0.5878999829292297,1.0347382204922022,0.9100302998625823,3,100,100,732
8,0.44,1.0,0.14684210526315788,0.38319982419510307,0.4381999969482422,1.7068569292240312,1.4424355338329187,3,100,100,19518
8,0.44,1.0,0.16631578947368422,0.4078183290065372,0.4023999869823456,1.9848031077814752,1.7071969208339792,2,100,100,39524
8,0.44,1.0,0.18578947368421053,0.4310330308505492,0.28519999980926514,2.9130925895588033,2.331079467381931,2,100,100,29963
8,0.44,1.0,0.20526315789473684,0.45305977298225986,0.188400000333786,4.19697326883149,3.1142315019472,2,100,100,35500
8,0.44,1.0,0.22473684210526315,0.4740641750915831,0.11270000040531158,5.970436737010411,4.093119544222335,2,100,100,37074
8,0.44,1.0,0.2442105263157895,0.4941766144970738,0.06390000134706497,8.200273295892961,5.154220368821457,2,100,100,63329
8,0.44,1.0,0.26368421052631574,0.513501908980206,0.04099999740719795,10.50681663642548,6.7378424142664235,2,100,100,31410
8,0.44,1.0,0.28315789473684216,0.5321258260382051,0.01730000041425228,13.883141060535172,7.817368749611081,2,100,100,57253
8,0.44,1.0,0.3026315789473685,0.5501196042201809,0.011099999770522118,17.77233562882985,45.06268662252425,2,100,100,53642
8,0.44,1.0,0.32210526315789473,0.5675431817561504,0.009099999442696571,22.51845057954832,93.15753817586997,2,100,100,64135
8,0.44,1.0,0.3415789473684211,0.5844475574150525,0.0058999997563660145,52.079600348601495,1122.9119954613254,2,100,100,83875
8,0.44,1.0,0.3610526315789474,0.6008765526952665,0.004600000102072954,115.0261405506123,3251.204211139646,2,100,100,83144
8,0.44,1.0,0.3805263157894737,0.616868151057804,0.003599999938160181,436.37554103810186,17510.10053139341,2,100,100,38995
8,0.44,1.0,0.4,0.6324555320336759,0.00279999990016222,891.9551919503058,21776.517231826914,2,100,100,79350
8,0.44,2.0,1e-06,0.001,1.0,3.0708516855453284e-06,2.378033001102574e-06,1000,100,100,2655
8,0.44,2.0,1.4649382061914714e-06,0.0012103463166348181,1.0,4.601079808368525e-06,3.6412796348285327e-06,826,100,100,76708
8,0.44,2.0,2.1460439479594814e-06,0.0014649382061914698,1.0,6.647253186095892e-06,5.114862852694566e-06,683,100,100,11149
8,0.44,2.0,3.1438217715318246e-06,0.0017730825619614629,1.0,9.979921521091128e-06,7.683966216875722e-06,564,100,100,35413
8,0.44,2.0,4.605504626573514e-06,0.0021460439479594807,1.0,1.4331092164685355e-05,1.1325249632295706e-05,466,100,100,73788
8,0.44,2.0,6.7467796862591274e-06,0.002597456387749201,0.9998999834060669,2.1207539917284813e-05,1.618690659567405e-05,385,100,100,54682
8,0.44,2.0,9.883615331157482e-06,0.0031438217715318217,0.9998999834060669,3.076875478991248e-05,2.3947915788021062e-05,318,100,100,2447
8,0.44,2.0,1.4478885713912363e-05,0.0038051131013298886,1.0,4.6182263900655586e-05,3.58086257788418e-05,263,100,100,12034
8,0.44,2.0,2.1210672865390052e-05,0.004605504626573515,1.0,6.63006830155993e-05,5.2515196462873626e-05,217,100,100,39190
8,0.44,2.0,3.1072325059538616e-05,0.005574255561017867,1.0,9.738638075566452e-05,7.599714861680973e-05,179,100,100,17317
8,0.44,2.0,4.55190361349187e-05,0.0067467796862591195,1.0,0.00013993287893798582,0.00011072718431611795,148,100,100,53769
8,0.44,2.0,6.668257514305255e-05,0.008165939942410338,0.9998999834060669,0.00021135084190599453,0.00016371193016818212,122,100,100,35462
8,0.44,2.0,9.768585201429122e-05,0.009883615331157482,0.9998999834060669,0.000306297733862192,0.0002364470922435567,101,100,100,637
8,0.44,2.0,0.00014310373682010125,0.011962597411101873,0.9994999766349792,0.0004463640031757896,0.0003396224102200064,84,100,100,34254
8,0.44,2.0,0.0002096381315165353,0.014478885713912355,0.9996999502182007,0.0006680368474788385,0.0005282672088674783,69,100,100,31199
8,0.44,2.0,0.0003071069083331647,0.0175244659928103,0.9996999502182007,0.0009565417377477125,0.0007438604529773956,57,100,100,9366
8,0.44,2.0,0.00044989264340259425,0.02121067286539006,0.9993000030517578,0.0013845310468906748,0.0010790127337421335,47,100,100,80491
8,0.44,2.0,0.000659064922004935,0.02567225977597093,0.9989999532699585,0.002077492369593923,0.001615166587148291,39,100,100,5634
8,0.44,2.0,0.0009654893846056303,0.031072325059538598,0.9990999698638916,0.0030004429156725238,0.002368914932188364,32,100,100,43839
8,0.44,2.0,0.0014143822871810778,0.03760827418509227,0.9984999895095825,0.004322018954741948,0.0034273277559642417,27,100,100,55422
8,0.44,2.0,0.002071982650652037,0.04551903613491873,0.9964999556541443,0.006474590359563699,0.005053603920789339,22,100,100,63327
8,0.44,2.0,0.0030353265475060406,0.05509379772266603,0.9939000010490417,0.009609172044779322,0.00749649383830266,18,100,100,74101
8,0.44,2.0,0.004446565827708846,0.06668257514305252,0.9939000010490417,0.01394437068676977,0.010731237342846409,15,100,100,57406
8,0.44,2.0,0.006513944167356084,0.08070900920811805,0.9888999462127686,0.020581453486919005,0.016086790295522582,12,100,100,60611
8,0.44,2.0,0.009542525683758019,0.0976858520142913,0.9843999743461609,0.03042892506532449,0.02381965929032761,10,100,100,19629
8,0.44,2.0,0.013979210457700486,0.11823371117283127,0.9771999716758728,0.04563254952675904,0.03507079019344083,8,100,100,66748
8,0.44,2.0,0.020478679491876803,0.14310373682010125,0.9630999565124512,0.06734889869339461,0.05246811301862951,7,100,100,45974
8,0.44,2.0,0.03,0.17320508075688773,0.9451999664306641,0.10571307858000695,0.08274613810963434,6,100,100,12344
8,0.44,2.0,0.04947368421052632,0.22242680641174148,0.887499988079071,0.2364713962933678,0.2001423500303622,4,100,100,32508
8,0.44,2.0,0.06894736842105263,0.26257830912139835,0.7214999794960022,0.6166368240899519,0.5274361210099703,4,100,100,62179
8,0.44,2.0,0.08842105263157896,0.29735677667001126,0.5313999652862549,1.2705174395317207,1.0845589822600357,3,100,100,60179
8,0.44,2.0,0.10789473684210528,0.3284733426658932,0.30399999022483826,2.668273234352229,2.110651966111535,3,100,100,58190
8,0.44,2.0,0.12736842105263158,0.35688712648767756,0.13840000331401825,5.155775508079073,3.490847621579851,3,100,100,93329
8,0.44,2.0,0.14684210526315788,0.38319982419510307,0.04910000041127205,9.205550166507686,5.534544980401988,3,100,100,71331
8,0.44,2.0,0.16631578947368422,0.4078183290065372,0.0471000000834465,9.563048267575887,5.729237787606098,2,100,100,45756
8,0.44,2.0,0.18578947368421053,0.4310330308505492,0.027400000020861626,12.929096634809264,7.654849042786185,2,100,100,11293
8,0.44,2.0,0.20526315789473684,0.45305977298225986,0.014299999922513962,17.080349859355184,12.701949401712408,2,100,100,13321
8,0.44,2.0,0.22473684210526315,0.4740641750915831,0.005499999970197678,94.14423575372052,6188.835624440463,2,100,100,91958
8,0.44,2.0,0.2442105263157895,0.4941766144970738,0.0032999999821186066,393.18957032086956,16525.377096065997,2,100,100,95910
8,0.44,2.0,0.26368421052631574,0.513501908980206,0.0015999999595806003,1799.8009027309847,62757.66955895527,2,100,100,77575
8,0.44,2.0,0.28315789473684216,0.5321258260382051,0.0010999999940395355,17122.201562719943,739748.0304558291,2,100,100,47684
8,0.44,2.0,0.3026315789473685,0.5501196042201809,0.0008999999845400453,178385.2349401926,7862016.030086723,2,100,100,99677
8,0.44,2.0,0.32210526315789473,0.5675431817561504,9.999999747378752e-05,212220512271.08087,21220681507384.086,2,100,100,62462
8,0.44,2.0,0.3415789473684211,0.5844475574150525,0.0,3198461858.8028,314613304744.5185,2,100,100,51916
8,0.44,2.0,0.3610526315789474,0.6008765526952665,0.0,1.1623348935206468e+21,1.1619986023096817e+23,2,100,100,41246
8,0.44,2.0,0.3805263157894737,0.616868151057804,0.0,1.1963395534257994e+22,1.1949057149340604e+24,2,100,100,42132
8,0.44,2.0,0.4,0.6324555320336759,0.0,2.1265375304284555e+23,1.964096379979697e+25,2,100,100,48638
8,0.44,5.0,1e-06,0.001,1.0,2.1196866164149953e-06,2.339653927815206e-06,1000,100,100,46883
8,0.44,5.0,1.4649382061914714e-06,0.0012103463166348181,1.0,3.0590298203108548e-06,3.443153402711293e-06,826,100,100,85054
8,0.44,5.0,2.1460439479594814e-06,0.0014649382061914698,1.0,4.399836413179248e-06,4.929118703231417e-06,683,100,100,24626
8,0.44,5.0,3.1438217715318246e-06,0.0017730825619614629,1.0,6.4562343926862554e-06,7.084996384653426e-06,564,100,100,71212
8,0.44,5.0,4.605504626573514e-06,0.0021460439479594807,1.0,9.179968104868408e-06,1.0327194265898118e-05,466,100,100,93594
8,0.44,5.0,6.7467796862591274e-06,0.002597456387749201,1.0,1.388818022934153e-05,1.5473743514338207e-05,385,100,100,96808
8,0.44,5.0,9.883615331157482e-06,0.0031438217715318217,1.0,2.0496436196211043e-05,2.267481206210518e-05,318,100,100,36675
8,0.44,5.0,1.4478885713912363e-05,0.0038051131013298886,1.0,2.9973196983325856e-05,3.275397583568189e-05,263,100,100,74936
8,0.44,5.0,2.1210672865390052e-05,0.004605504626573515,1.0,4.3729485728690065e-05,4.829442625999096e-05,217,100,100,59315
8,0.44,5.0,3.1072325059538616e-05,0.005574255561017867,1.0,6.475147254972829e-05,7.230964729165845e-05,179,100,100,21763
8,0.44,5.0,4.55190361349187e-05,0.0067467796862591195,1.0,9.547821208588143e-05,0.00010497734999980512,148,100,100,68467
8,0.44,5.0,6.668257514305255e-05,0.008165939942410338,1.0,0.00014284529297161957,0.00015744015846836168,122,100,100,43171
8,0.44,5.0,9.768585201429122e-05,0.009883615331157482,0.9997999668121338,0.0002057932061218182,0.0002307485102450083,101,100,100,9328
8,0.44,5.0,0.00014310373682010125,0.011962597411101873,1.0,0.00029066236136912594,0.0003240542659635463,84,100,100,83163
8,0.44,5.0,0.0002096381315165353,0.014478885713912355,0.9997999668121338,0.00042693604436526623,0.00047068959351594884,69,100,100,20015
8,0.44,5.0,0.0003071069083331647,0.0175244659928103,0.9997999668121338,0.0006481849082941358,0.000738867614935345,57,100,100,98570
8,0.44,5.0,0.00044989264340259425,0.02121067286539006,0.9994999766349792,0.0009311452439696988,0.0010448858616553779,47,100,100,52453
8,0.44,5.0,0.000659064922004935,0.02567225977597093,0.9993000030517578,0.001295689746652041,0.001486285314902067,39,100,100,89251
8,0.44,5.0,0.0009654893846056303,0.031072325059538598,0.9990999698638916,0.0020451913466737934,0.0022513682943254526,32,100,100,82262
8,0.44,5.0,0.0014143822871810778,0.03760827418509227,0.9989999532699585,0.002742203614626055,0.003206316478678031,27,100,100,8566
8,0.44,5.0,0.002071982650652037,0.04551903613491873,0.9980999827384949,0.004205852870636066,0.004647834362607574,22,100,100,84363
8,0.44,5.0,0.0030353265475060406,0.05509379772266603,0.9962999820709229,0.006402651161932519,0.007026997417306551,18,100,100,26559
8,0.44,5.0,0.004446565827708846,0.06668257514305252,0.9954999685287476,0.00929316207045511,0.010553935703613898,15,100,100,70130
8,0.44,5.0,0.006513944167356084,0.08070900920811805,0.9914999604225159,0.016169644511755187,0.016333601023437505,12,100,100,37338
8,0.44,5.0,0.009542525683758019,0.0976858520142913,0.9871999621391296,0.022770164126379413,0.02374600107413278,10,100,100,89365
8,0.44,5.0,0.013979210457700486,0.11823371117283127,0.9783999919891357,0.042209619293245015,0.04059075792562961,8,100,100,71850
8,0.44,5.0,0.020478679491876803,0.14310373682010125,0.9611999988555908,0.07254096058631486,0.07511318132716072,7,100,100,74716
8,0.44,5.0,0.03,0.17320508075688773,0.8624999523162842,0.2776312902904953,0.24271475302490392,6,100,100,15
8,0.44,5.0,0.04947368421052632,0.22242680641174148,0.42289999127388,1.7768252534205342,1.4522996875945842,4,100,100,70431
8,0.44,5.0,0.06894736842105263,0.26257830912139835,0.08540000021457672,7.151371761840584,4.551385278084485,4,100,100,6135
8,0.44,5.0,0.08842105263157896,0.29735677667001126,0.019199999049305916,18.81934663337383,15.695734291243513,3,100,100,78743
8,0.44,5.0,0.10789473684210528,0.3284733426658932,9.999999747378752e-05,89.73057256702396,37.15169124536529,3,100,100,15445
8,0.44,5.0,0.12736842105263158,0.35688712648767756,0.0,3.3341705161552244e+33,3.334003803060916e+35,3,100,100,96691
8,0.44,5.0,0.14684210526315788,0.38319982419510307,0.0,3.109429185414155e+65,2.831775751108206e+67,3,100,100,89526
8,0.44,5.0,0.16631578947368422,0.4078183290065372,0.0,94096.56402066124,1244260.3495881823,2,100,100,10521
8,0.44,5.0,0.18578947368421053,0.4310330308505492,0.0,4159899033666745.5,4.1596904153510394e+17,2,100,100,5303
8,0.44,5.0,0.20526315789473684,0.45305977298225986,0.0,5.790508516489073e+22,5.779484573496074e+24,2,100,100,15570
8,0.44,5.0,0.22473684210526315,0.4740641750915831,0.0,4.424515995313477e+31,4.421588868808826e+33,2,100,100,58683
8,0.44,5.0,0.2442105263157895,0.4941766144970738,0.0,6.070495544956285e+30,5.8950165327645915e+32,2,100,100,64678
8,0.44,5.0,0.26368421052631574,0.513501908980206,0.0,1.0036547008969392e+35,7.622852467935939e+36,2,100,100,62576
8,0.44,5.0,0.28315789473684216,0.5321258260382051,0.0,7.053748100961847e+42,7.052836496934189e+44,2,100,100,75260
8,0.44,5.0,0.3026315789473685,0.5501196042201809,0.0,4.908926554865545e+46,4.836442726730295e+48,2,100,100,56601
8,0.44,5.0,0.32210526315789473,0.5675431817561504,0.0,3.203580791053098e+49,3.1404720092551754e+51,2,100,100,8731
8,0.44,5.0,0.3415789473684211,0.5844475574150525,0.0,1.13320551633269e+50,1.0077372625676273e+52,2,100,100,55824
8,0.44,5.0,0.3610526315789474,0.6008765526952665,0.0,5.1959752252958e+56,5.184314830079377e+58,2,100,100,30443
8,0.44,5.0,0.3805263157894737,0.616868151057804,0.0,4.25261738297824e+58,4.252026606823468e+60,2,100,100,48613
8,0.44,5.0,0.4,0.6324555320336759,0.0,7.822058253689204e+60,6.967023557693991e+62,2,100,100,88239
8,0.44,10.0,1e-06,0.001,1.0,6.136348449579998e-06,4.84979386118823e-06,1000,100,100,42943
8,0.44,10.0,1.4649382061914714e-06,0.0012103463166348181,1.0,8.890413938922137e-06,6.9343067172980094e-06,826,100,100,90656
8,0.44,10.0,2.1460439479594814e-06,0.0014649382061914698,1.0,1.3111455660755667e-05,1.0139111271128602e-05,683,100,100,92005
8,0.44,10.0,3.1438217715318246e-06,0.0017730825619614629,1.0,1.9035520437347487e-05,1.4894744663449164e-05,564,100,100,3603
8,0.44,10.0,4.605504626573514e-06,0.0021460439479594807,1.0,2.839426519767443e-05,2.201710207457732e-05,466,100,100,14144
8,0.44,10.0,6.7467796862591274e-06,0.002597456387749201,1.0,4.14727090220353e-05,3.208063099910756e-05,385,100,100,59662
8,0.44,10.0,9.883615331157482e-06,0.0031438217715318217,1.0,5.97026514154301e-05,4.746894900426427e-05,318,100,100,37596
8,0.44,10.0,1.4478885713912363e-05,0.0038051131013298886,0.9998999834060669,8.826771101155444e-05,6.815159195417251e-05,263,100,100,46582
8,0.44,10.0,2.1210672865390052e-05,0.004605504626573515,0.9998999834060669,0.00013153114907272113,0.00010038919692571943,217,100,100,23189
8,0.44,10.0,3.1072325059538616e-05,0.005574255561017867,0.9998999834060669,0.00018608368483108748,0.00014571529688490247,179,100,100,46701
8,0.44,10.0,4.55190361349187e-05,0.0067467796862591195,0.9998999834060669,0.00027905156948896347,0.00021725495250215541,148,100,100,46775
8,0.44,10.0,6.668257514305255e-05,0.008165939942410338,0.9998999834060669,0.0004027552095105911,0.00032249330500518797,122,100,100,25777
8,0.44,10.0,9.768585201429122e-05,0.009883615331157482,0.9998999834060669,0.0005922389374799152,0.00046142922508226887,101,100,100,63629
8,0.44,10.0,0.00014310373682010125,0.011962597411101873,0.9993999600410461,0.0008779047277525429,0.0006946191090357378,84,100,100,49394
8,0.44,10.0,0.0002096381315165353,0.014478885713912355,0.9993999600410461,0.0012879687201808856,0.0009869445807105088,69,100,100,65374
8,0.44,10.0,0.0003071069083331647,0.0175244659928103,0.9988999962806702,0.0019053733966012609,0.0014844510411660585,57,100,100,55843
8,0.44,10.0,0.00044989264340259425,0.02121067286539006,0.9984999895095825,0.0027398700925093905,0.0021232137963832242,47,100,100,46933
8,0.44,10.0,0.000659064922004935,0.02567225977597093,0.9984999895095825,0.004014024877958323,0.0031421675533323526,39,100,100,10836
8,0.44,10.0,0.0009654893846056303,0.031072325059538598,0.9977999925613403,0.005828737987094467,0.004557579610154186,32,100,100,97984
8,0.44,10.0,0.0014143822871810778,0.03760827418509227,0.9955999851226807,0.008749961790612644,0.006933939157656554,27,100,100,18841
8,0.44,10.0,0.002071982650652037,0.04551903613491873,0.9945999979972839,0.01279879167523134,0.009931798620489969,22,100,100,20006
8,0.44,10.0,0.0030353265475060406,0.05509379772266603,0.9890999794006348,0.018546268899085342,0.014504861385816536,18,100,100,99362
8,0.44,10.0,0.004446565827708846,0.06668257514305252,0.9874999523162842,0.0280183425627621,0.02187460728276047,15,100,100,90767
8,0.44,10.0,0.006513944167356084,0.08070900920811805,0.9809999465942383,0.038274315090304704,0.03003939164432896,12,100,100,10313
8,0.44,10.0,0.009542525683758019,0.0976858520142913,0.9695000052452087,0.06329286448854914,0.04980166370547048,10,100,100,67603
8,0.44,10.0,0.013979210457700486,0.11823371117283127,0.9452999830245972,0.11840044461093319,0.10207084402774984,8,100,100,1641
8,0.44,10.0,0.020478679491876803,0.14310373682010125,0.7791999578475952,0.4750994942478463,0.4174091883208936,7,100,100,57927
8,0.44,10.0,0.03,0.17320508075688773,0.32999998331069946,2.37377617470095,1.899645440653363,6,100,100,33798
8,0.44,10.0,0.04947368421052632,0.22242680641174148,0.0,170.4376692574882,86.70271371371206,4,100,100,26563
8,0.44,10.0,0.06894736842105263,0.26257830912139835,0.0,9.32091538833285e+39,9.32044927885078e+41,4,100,100,81527
8,0.44,10.0,0.08842105263157896,0.29735677667001126,0.0,3.829335027134974e+68,3.7799167071296856e+70,3,100,100,68718
8,0.44,10.0,0.10789473684210528,0.3284733426658932,0.0,1.4845947026860253e+121,1.4845204710950618e+123,3,100,100,23174
8,0.44,10.0,0.12736842105263158,0.35688712648767756,0.0,1.3299128013063785e+227,inf,3,100,100,19589
8,0.44,10.0,0.14684210526315788,0.38319982419510307,0.0,inf,nan,3,100,100,79661
8,0.44,10.0,0.16631578947368422,0.4078183290065372,0.0,8.156243482512525e+39,8.100264564198145e+41,2,100,100,55119
8,0.44,10.0,0.18578947368421053,0.4310330308505492,0.0,9.3299663042213e+44,4.4876740188939005e+46,2,100,100,79273
8,0.44,10.0,0.20526315789473684,0.45305977298225986,0.0,4.4484101259648884e+50,3.5863003093195605e+52,2,100,100,42536
8,0.44,10.0,0.22473684210526315,0.4740641750915831,0.0,3.285576121350015e+57,2.2526328051123538e+59,2,100,100,33316
8,0.44,10.0,0.2442105263157895,0.4941766144970738,0.0,7.972656462773969e+61,5.884681307817374e+63,2,100,100,58944
8,0.44,10.0,0.26368421052631574,0.513501908980206,0.0,1.4262608131934306e+68,1.3058363081410274e+70,2,100,100,98858
8,0.44,10.0,0.28315789473684216,0.5321258260382051,0.0,2.7428070538467764e+71,2.7105754562537498e+73,2,100,100,73345
8,0.44,10.0,0.3026315789473685,0.5501196042201809,0.0,1.365465133757351e+74,1.3567834451849701e+76,2,100,100,73677
8,0.44,10.0,0.32210526315789473,0.5675431817561504,0.0,7.640832308494872e+80,7.236782540151685e+82,2,100,100,37996
8,0.44,10.0,0.3415789473684211,0.5844475574150525,0.0,1.0011579043529506e+85,8.31524649446506e+86,2,100,100,94714
8,0.44,10.0,0.3610526315789474,0.6008765526952665,0.0,3.589923565862726e+90,3.5757809982098365e+92,2,100,100,31055
8,0.44,10.0,0.3805263157894737,0.616868151057804,0.0,5.787694819154255e+95,5.786926352452585e+97,2,100,100,18248
8,0.44,10.0,0.4,0.6324555320336759,0.0,2.820431447129976e+101,2.8202888559126515e+103,2,100,100,25466
8,0.44,100.0,1e-06,0.001,1.0,2.4006986063724868e-05,1.9222012026383307e-05,1000,100,100,49955
8,0.44,100.0,1.4649382061914714e-06,0.0012103463166348181,1.0,3.662916142883717e-05,2.8155927066794202e-05,826,100,100,4968
8,0.44,100.0,2.1460439479594814e-06,0.0014649382061914698,1.0,4.903189755768693e-05,3.9235238271678036e-05,683,100,100,91728
8,0.44,100.0,3.1438217715318246e-06,0.0017730825619614629,0.9998999834060669,7.177029115531184e-05,5.754799001905926e-05,564,100,100,10848
8,0.44,100.0,4.605504626573514e-06,0.0021460439479594807,0.9998999834060669,0.00010926223679939114,8.675746954434252e-05,466,100,100,98703
8,0.44,100.0,6.7467796862591274e-06,0.002597456387749201,0.9997999668121338,0.0001513437183878196,0.00011979129767191547,385,100,100,12244
8,0.44,100.0,9.883615331157482e-06,0.0031438217715318217,0.9997999668121338,0.00022491734862196467,0.00017338482842956118,318,100,100,84029
8,0.44,100.0,1.4478885713912363e-05,0.0038051131013298886,0.9998999834060669,0.0003299752925749019,0.0002648938846177759,263,100,100,56163
8,0.44,100.0,2.1210672865390052e-05,0.004605504626573515,0.9995999932289124,0.0004875346982893618,0.00038124945417884,217,100,100,22985
8,0.44,100.0,3.1072325059538616e-05,0.005574255561017867,0.9996999502182007,0.000713144597066659,0.0005742498224557452,179,100,100,38154
8,0.44,100.0,4.55190361349187e-05,0.0067467796862591195,0.9995999932289124,0.0010577720396312586,0.0008303012741243392,148,100,100,24188
8,0.44,100.0,6.668257514305255e-05,0.008165939942410338,0.9989999532699585,0.0015042781118274208,0.0011914211047941946,122,100,100,50859
8,0.44,100.0,9.768585201429122e-05,0.009883615331157482,0.9989999532699585,0.0021382405872235923,0.001763408145495141,101,100,100,4780
8,0.44,100.0,0.00014310373682010125,0.011962597411101873,0.9976999759674072,0.0032900284874549557,0.002668576740359945,84,100,100,6871
8,0.44,100.0,0.0002096381315165353,0.014478885713912355,0.9968999624252319,0.004894973088949566,0.00394840672488042,69,100,100,59010
8,0.44,100.0,0.0003071069083331647,0.0175244659928103,0.9965999722480774,0.007899963128497596,0.006128682881252659,57,100,100,79337
8,0.44,100.0,0.00044989264340259425,0.02121067286539006,0.9941999912261963,0.01100346463798681,0.008633950950575326,47,100,100,54042
8,0.44,100.0,0.000659064922004935,0.02567225977597093,0.9919999837875366,0.017478156705168058,0.01409038881162135,39,100,100,26026
8,0.44,100.0,0.0009654893846056303,0.031072325059538598,0.984499990940094,0.026630172030197602,0.02048573807554889,32,100,100,87641
8,0.44,100.0,0.0014143822871810778,0.03760827418509227,0.9783999919891357,0.04472527844771952,0.036459133658034035,27,100,100,74062
8,0.44,100.0,0.002071982650652037,0.04551903613491873,0.7132999897003174,3.0518001436203805,7.259903708859434,22,100,100,71966
8,0.44,100.0,0.0030353265475060406,0.05509379772266603,0.00279999990016222,nan,nan,18,100,100,25143
8,0.44,100.0,0.004446565827708846,0.06668257514305252,0.0,nan,nan,15,100,100,41962
8,0.44,100.0,0.006513944167356084,0.08070900920811805,0.0,nan,nan,12,100,100,61521
8,0.44,100.0,0.009542525683758019,0.0976858520142913,0.0,nan,nan,10,100,100,84040
8,0.44,100.0,0.013979210457700486,0.11823371117283127,0.0,nan,nan,8,100,100,94794
8,0.44,100.0,0.020478679491876803,0.14310373682010125,0.0,nan,nan,7,100,100,50355
8,0.44,100.0,0.03,0.17320508075688773,0.0,nan,nan,6,100,100,27279
8,0.44,100.0,0.04947368421052632,0.22242680641174148,0.0,nan,nan,4,100,100,87179
8,0.44,100.0,0.06894736842105263,0.26257830912139835,0.0,nan,nan,4,100,100,32796
8,0.44,100.0,0.08842105263157896,0.29735677667001126,0.0,nan,nan,3,100,100,33064
8,0.44,100.0,0.10789473684210528,0.3284733426658932,0.0,nan,nan,3,100,100,21179
8,0.44,100.0,0.12736842105263158,0.35688712648767756,0.0,nan,nan,3,100,100,80469
8,0.44,100.0,0.14684210526315788,0.38319982419510307,0.0,nan,nan,3,100,100,64112
8,0.44,100.0,0.16631578947368422,0.4078183290065372,0.0,1.9437795374134583e+182,inf,2,100,100,91574
8,0.44,100.0,0.18578947368421053,0.4310330308505492,0.0,4.441794465268382e+200,inf,2,100,100,52742
8,0.44,100.0,0.20526315789473684,0.45305977298225986,0.0,6.433995907564225e+217,inf,2,100,100,38797
8,0.44,100.0,0.22473684210526315,0.4740641750915831,0.0,3.369478230973345e+217,inf,2,100,100,38254
8,0.44,100.0,0.2442105263157895,0.4941766144970738,0.0,1.0429993191314364e+234,inf,2,100,100,83976
8,0.44,100.0,0.26368421052631574,0.513501908980206,0.0,7.880437206337763e+247,inf,2,100,100,53084
8,0.44,100.0,0.28315789473684216,0.5321258260382051,0.0,1.6566960132168322e+246,inf,2,100,100,73308
8,0.44,100.0,0.3026315789473685,0.5501196042201809,0.0,8.263432765092352e+256,inf,2,100,100,34639
8,0.44,100.0,0.32210526315789473,0.5675431817561504,0.0,1.6766840196909576e+257,inf,2,100,100,69950
8,0.44,100.0,0.3415789473684211,0.5844475574150525,0.0,8.385681545294204e+266,inf,2,100,100,86854
8,0.44,100.0,0.3610526315789474,0.6008765526952665,0.0,3.765551925657165e+268,inf,2,100,100,47320
8,0.44,100.0,0.3805263157894737,0.616868151057804,0.0,4.073131264611367e+276,inf,2,100,100,91585
8,0.44,100.0,0.4,0.6324555320336759,0.0,1.83102560568382e+281,inf,2,100,100,6910
8,0.28,0.1,1e-06,0.001,1.0,2.3672974230564138e-07,1.951126586563045e-07,1000,100,100,9676
8,0.28,0.1,1.4649382061914714e-06,0.0012103463166348181,1.0,3.454146837135852e-07,2.822886430360438e-07,826,100,100,36375
8,0.28,0.1,2.1460439479594814e-06,0.0014649382061914698,1.0,5.128834864571275e-07,4.214939321331361e-07,683,100,100,85467
8,0.28,0.1,3.1438217715318246e-06,0.0017730825619614629,1.0,7.46963502755449e-07,6.190029055211356e-07,564,100,100,83260
8,0.28,0.1,4.605504626573514e-06,0.0021460439479594807,1.0,1.0962839433759086e-06,8.798744459266769e-07,466,100,100,66277
8,0.28,0.1,6.7467796862591274e-06,0.002597456387749201,1.0,1.5864055553187486e-06,1.3115036137023387e-06,385,100,100,79677
8,0.28,0.1,9.883615331157482e-06,0.0031438217715318217,1.0,2.3279546472437573e-06,1.9074641737329417e-06,318,100,100,59492
8,0.28,0.1,1.4478885713912363e-05,0.0038051131013298886,1.0,3.4397693948086783e-06,2.8139674577703228e-06,263,100,100,58563
8,0.28,0.1,2.1210672865390052e-05,0.004605504626573515,1.0,4.99872501325207e-06,4.141327199920552e-06,217,100,100,27776
8,0.28,0.1,3.1072325059538616e-05,0.005574255561017867,1.0,7.3866378452841276e-06,6.075651518160709e-06,179,100,100,50174
8,0.28,0.1,4.55190361349187e-05,0.0067467796862591195,1.0,1.0644779897592116e-05,8.696262182960864e-06,148,100,100,79633
8,0.28,0.1,6.668257514305255e-05,0.008165939942410338,1.0,1.590051605836429e-05,1.3154722927221072e-05,122,100,100,88290
8,0.28,0.1,9.768585201429122e-05,0.009883615331157482,1.0,2.289293424118455e-05,1.9122091943930162e-05,101,100,100,29918
8,0.28,0.1,0.00014310373682010125,0.011962597411101873,1.0,3.383462752652733e-05,2.8046648849520725e-05,84,100,100,60932
8,0.28,0.1,0.0002096381315165353,0.014478885713912355,1.0,4.967396122676249e-05,4.0700534131013785e-05,69,100,100,24562
8,0.28,0.1,0.0003071069083331647,0.0175244659928103,1.0,7.218148983128146e-05,5.91158593791765e-05,57,100,100,4542
8,0.28,0.1,0.00044989264340259425,0.02121067286539006,0.9998999834060669,0.00010779812271339964,8.789180840851292e-05,47,100,100,47446
8,0.28,0.1,0.000659064922004935,0.02567225977597093,1.0,0.00015524834210493027,0.0001268074091406471,39,100,100,43294
8,0.28,0.1,0.0009654893846056303,0.031072325059538598,0.9998999834060669,0.0002300312429413971,0.00018815107642591517,32,100,100,27798
8,0.28,0.1,0.0014143822871810778,0.03760827418509227,1.0,0.0003348931323661798,0.000271159351902443,27,100,100,45881
8,0.28,0.1,0.002071982650652037,0.04551903613491873,0.9997999668121338,0.0004952084444087437,0.0004019514762591404,22,100,100,89950
8,0.28,0.1,0.0030353265475060406,0.05509379772266603,0.9997999668121338,0.0007161586053789293,0.0005881563088687573,18,100,100,38795
8,0.28,0.1,0.004446565827708846,0.06668257514305252,0.9990999698638916,0.0010282323545076097,0.0008474633061658575,15,100,100,19851
8,0.28,0.1,0.006513944167356084,0.08070900920811805,0.9996999502182007,0.0015751055180675594,0.001276410964949411,12,100,100,87116
8,0.28,0.1,0.009542525683758019,0.0976858520142913,0.9990999698638916,0.0022674713094471464,0.0018550383822951654,10,100,100,98601
8,0.28,0.1,0.013979210457700486,0.11823371117283127,0.998199999332428,0.0032129987845774238,0.002604419549277907,8,100,100,38707
8,0.28,0.1,0.020478679491876803,0.14310373682010125,0.9973999857902527,0.004780007594715765,0.003907173807716945,7,100,100,61956
8,0.28,0.1,0.03,0.17320508075688773,0.9965999722480774,0.007213013563779788,0.005983566655085861,6,100,100,82230
8,0.28,0.1,0.04947368421052632,0.22242680641174148,0.9948999881744385,0.011111839518855748,0.009285074343029203,4,100,100,36611
8,0.28,0.1,0.06894736842105263,0.26257830912139835,0.9911999702453613,0.016501874505047438,0.013660336294496813,4,100,100,90703
8,0.28,0.1,0.08842105263157896,0.29735677667001126,0.9893999695777893,0.019566392969152645,0.016056756918829594,3,100,100,57570
8,0.28,0.1,0.10789473684210528,0.3284733426658932,0.9878999590873718,0.024608761885282507,0.020310835330551735,3,100,100,18539
8,0.28,0.1,0.12736842105263158,0.35688712648767756,0.9850999712944031,0.03122304575824325,0.025783385734774053,3,100,100,92784
8,0.28,0.1,0.14684210526315788,0.38319982419510307,0.9824999570846558,0.03697816827948898,0.03131634038057256,3,100,100,39812
8,0.28,0.1,0.16631578947368422,0.4078183290065372,0.9817000031471252,0.03622506320663247,0.031171801641416523,2,100,100,86441
8,0.28,0.1,0.18578947368421053,0.4310330308505492,0.9777999520301819,0.04200046296510427,0.036693760372722456,2,100,100,7331
8,0.28,0.1,0.20526315789473684,0.45305977298225986,0.9747999906539917,0.05005254342912684,0.04529790025282867,2,100,100,32415
8,0.28,0.1,0.22473684210526315,0.4740641750915831,0.9715999960899353,0.05782009586776516,0.054125635820632054,2,100,100,35741
8,0.28,0.1,0.2442105263157895,0.4941766144970738,0.9648000001907349,0.06829079857946624,0.06328436563076563,2,100,100,53269
8,0.28,0.1,0.26368421052631574,0.513501908980206,0.9601999521255493,0.07917302455994013,0.07597549286775573,2,100,100,25356
8,0.28,0.1,0.28315789473684216,0.5321258260382051,0.9547999501228333,0.09267504851751762,0.08963024059623997,2,100,100,7392
8,0.28,0.1,0.3026315789473685,0.5501196042201809,0.9405999779701233,0.1114108628618066,0.11528109979223525,2,100,100,94318
8,0.28,0.1,0.32210526315789473,0.5675431817561504,0.9382999539375305,0.127267070775864,0.12551667077587308,2,100,100,79528
8,0.28,0.1,0.3415789473684211,0.5844475574150525,0.9300999641418457,0.14967122976999123,0.15052357666425764,2,100,100,30016
8,0.28,0.1,0.3610526315789474,0.6008765526952665,0.915399968624115,0.1767583277144672,0.17352856278127693,2,100,100,3073
8,0.28,0.1,0.3805263157894737,0.616868151057804,0.899399995803833,0.19980473524224035,0.19743555698496412,2,100,100,21910
8,0.28,0.1,0.4,0.6324555320336759,0.8872999548912048,0.23637412407743733,0.24310379855981806,2,100,100,50888
8,0.28,0.5,1e-06,0.001,1.0,7.6475623593808e-07,5.913990901178475e-07,1000,100,100,91616
8,0.28,0.5,1.4649382061914714e-06,0.0012103463166348181,1.0,1.1316270957436814e-06,8.905276851833884e-07,826,100,100,29596
8,0.28,0.5,2.1460439479594814e-06,0.0014649382061914698,1.0,1.6369702681323873e-06,1.2931769619143796e-06,683,100,100,91972
8,0.28,0.5,3.1438217715318246e-06,0.0017730825619614629,1.0,2.3904260143481794e-06,1.9192567950674806e-06,564,100,100,32583
8,0.28,0.5,4.605504626573514e-06,0.0021460439479594807,1.0,3.57124043739816e-06,2.8106883276570233e-06,466,100,100,67606
8,0.28,0.5,6.7467796862591274e-06,0.002597456387749201,1.0,5.130590243133781e-06,4.043373589355559e-06,385,100,100,23253
8,0.28,0.5,9.883615331157482e-06,0.0031438217715318217,0.9998999834060669,7.504109139614457e-06,5.955146112097149e-06,318,100,100,59648
8,0.28,0.5,1.4478885713912363e-05,0.0038051131013298886,1.0,1.1202991176286048e-05,8.939283190799675e-06,263,100,100,89606
8,0.28,0.5,2.1210672865390052e-05,0.004605504626573515,1.0,1.6323591824104968e-05,1.2710826435187913e-05,217,100,100,8550
8,0.28,0.5,3.1072325059538616e-05,0.005574255561017867,1.0,2.4083141529608555e-05,1.9013342688656144e-05,179,100,100,93917
8,0.28,0.5,4.55190361349187e-05,0.0067467796862591195,1.0,3.4968072346300264e-05,2.801535669583693e-05,148,100,100,23006
8,0.28,0.5,6.668257514305255e-05,0.008165939942410338,1.0,5.165075955245655e-05,4.068912564554652e-05,122,100,100,6325
8,0.28,0.5,9.768585201429122e-05,0.009883615331157482,0.9998999834060669,7.520245346344723e-05,5.996582788312013e-05,101,100,100,53943
8,0.28,0.5,0.00014310373682010125,0.011962597411101873,1.0,0.00011337478671915094,8.975736811998461e-05,84,100,100,74465
8,0.28,0.5,0.0002096381315165353,0.014478885713912355,0.9998999834060669,0.00016070696509083222,0.00012655401017933518,69,100,100,75046
8,0.28,0.5,0.0003071069083331647,0.0175244659928103,0.9996999502182007,0.0002365750424980476,0.00018704751091253792,57,100,100,7978
8,0.28,0.5,0.00044989264340259425,0.02121067286539006,0.9995999932289124,0.00034352353617299303,0.0002708093780987302,47,100,100,41993
8,0.28,0.5,0.000659064922004935,0.02567225977597093,0.9996999502182007,0.0005101760481684245,0.00040315664975342267,39,100,100,9365
8,0.28,0.5,0.0009654893846056303,0.031072325059538598,0.9997999668121338,0.0007410063169105477,0.000591534383642687,32,100,100,33629
8,0.28,0.5,0.0014143822871810778,0.03760827418509227,0.9993999600410461,0.0010781118270101872,0.0008486527300658204,27,100,100,56150
8,0.28,0.5,0.002071982650652037,0.04551903613491873,0.9993000030517578,0.0016002496821271018,0.0012466064000495492,22,100,100,50087
8,0.28,0.5,0.0030353265475060406,0.05509379772266603,0.9991999864578247,0.002338363073228979,0.0018408974920206456,18,100,100,16042
8,0.28,0.5,0.004446565827708846,0.06668257514305252,0.9987999796867371,0.003346986909565878,0.0026423180965252,15,100,100,39974
8,0.28,0.5,0.006513944167356084,0.08070900920811805,0.9977999925613403,0.005117181104989243,0.004058624695335146,12,100,100,40428
8,0.28,0.5,0.009542525683758019,0.0976858520142913,0.9968999624252319,0.007407915355837525,0.0057882074515241255,10,100,100,40683
8,0.28,0.5,0.013979210457700486,0.11823371117283127,0.9926999807357788,0.010884146518582364,0.008756245841657458,8,100,100,45216
8,0.28,0.5,0.020478679491876803,0.14310373682010125,0.9909999966621399,0.016022443054781416,0.01258882408071208,7,100,100,69723
8,0.28,0.5,0.03,0.17320508075688773,0.9838999509811401,0.023346860059762987,0.018096743909960415,6,100,100,26034
8,0.28,0.5,0.04947368421052632,0.22242680641174148,0.98089998960495,0.039210309538187715,0.031050886905182155,4,100,100,61884
8,0.28,0.5,0.06894736842105263,0.26257830912139835,0.9733999967575073,0.055891582480389286,0.044645460491616724,4,100,100,127
8,0.28,0.5,0.08842105263157896,0.29735677667001126,0.9628999829292297,0.07586471035390507,0.06360562019248515,3,100,100,20717
8,0.28,0.5,0.10789473684210528,0.3284733426658932,0.9461999535560608,0.10261987040433246,0.0911693855873453,3,100,100,99638
8,0.28,0.5,0.12736842105263158,0.35688712648767756,0.9303999543190002,0.1392444312888559,0.13103566986452794,3,100,100,69627
8,0.28,0.5,0.14684210526315788,0.38319982419510307,0.9038999676704407,0.19472165553264706,0.1887475158530352,3,100,100,48490
8,0.28,0.5,0.16631578947368422,0.4078183290065372,0.8870999813079834,0.23421864717803656,0.22497381796771698,2,100,100,68746
8,0.28,0.5,0.18578947368421053,0.4310330308505492,0.8504999876022339,0.3098246953935455,0.3107249873938541,2,100,100,78236
8,0.28,0.5,0.20526315789473684,0.45305977298225986,0.814799964427948,0.41057072248103027,0.434124303001173,2,100,100,86205
8,0.28,0.5,0.22473684210526315,0.4740641750915831,0.7651000022888184,0.5084735182971653,0.5149586057059264,2,100,100,89936
8,0.28,0.5,0.2442105263157895,0.4941766144970738,0.7210999727249146,0.6385230667915781,0.6565480867704786,2,100,100,56298
8,0.28,0.5,0.26368421052631574,0.513501908980206,0.6764000058174133,0.7912184178535142,0.8435177943567369,2,100,100,80811
8,0.28,0.5,0.28315789473684216,0.5321258260382051,0.6172999739646912,0.9943487635386119,1.0143594008041672,2,100,100,1724
8,0.28,0.5,0.3026315789473685,0.5501196042201809,0.5704999566078186,1.1833935638785031,1.1929478840001315,2,100,100,16130
8,0.28,0.5,0.32210526315789473,0.5675431817561504,0.5116999745368958,1.456263688379855,1.462810725825322,2,100,100,65374
8,0.28,0.5,0.3415789473684211,0.5844475574150525,0.4560000002384186,1.7371396982174565,1.743544999923242,2,100,100,19061
8,0.28,0.5,0.3610526315789474,0.6008765526952665,0.4077000021934509,2.087235965113228,2.0821478991740308,2,100,100,69629
8,0.28,0.5,0.3805263157894737,0.616868151057804,0.3595999777317047,2.4541738128390413,2.3756364309816527,2,100,100,36159
8,0.28,0.5,0.4,0.6324555320336759,0.31209999322891235,2.939077824497735,2.7843053132857025,2,100,100,33139
8,0.28,1.0,1e-06,0.001,1.0,1.3296960590885477e-06,1.0396720111233174e-06,1000,100,100,77606
8,0.28,1.0,1.4649382061914714e-06,0.0012103463166348181,1.0,1.975192456632158e-06,1.5262173581676934e-06,826,100,100,22213
8,0.28,1.0,2.1460439479594814e-06,0.0014649382061914698,1.0,2.8952884546228575e-06,2.26375514893103e-06,683,100,100,58439
8,0.28,1.0,3.1438217715318246e-06,0.0017730825619614629,1.0,4.12602236627464e-06,3.2667918949429605e-06,564,100,100,79981
8,0.28,1.0,4.605504626573514e-06,0.0021460439479594807,1.0,6.3658256593200236e-06,4.921108246717036e-06,466,100,100,58195
8,0.28,1.0,6.7467796862591274e-06,0.002597456387749201,1.0,9.19351501808805e-06,7.144694824004223e-06,385,100,100,56196
8,0.28,1.0,9.883615331157482e-06,0.0031438217715318217,1.0,1.3490113967831974e-05,1.0407627138269571e-05,318,100,100,40324
8,0.28,1.0,1.4478885713912363e-05,0.0038051131013298886,1.0,1.929671508050177e-05,1.5314436457097243e-05,263,100,100,82000
8,0.28,1.0,2.1210672865390052e-05,0.004605504626573515,1.0,2.9115551217497426e-05,2.28224750287031e-05,217,100,100,97147
8,0.28,1.0,3.1072325059538616e-05,0.005574255561017867,1.0,4.269951562171244e-05,3.2775343463615266e-05,179,100,100,17730
8,0.28,1.0,4.55190361349187e-05,0.0067467796862591195,1.0,6.068667194457192e-05,4.6254255577880556e-05,148,100,100,48833
8,0.28,1.0,6.668257514305255e-05,0.008165939942410338,1.0,9.093765516142511e-05,7.08266336276563e-05,122,100,100,10725
8,0.28,1.0,9.768585201429122e-05,0.009883615331157482,1.0,0.0001350009161501454,0.00010548339004344593,101,100,100,33456
8,0.28,1.0,0.00014310373682010125,0.011962597411101873,1.0,0.000195755655929554,0.00015386001941767913,84,100,100,54779
8,0.28,1.0,0.0002096381315165353,0.014478885713912355,1.0,0.00028765729925744383,0.0002228753132923608,69,100,100,52074
8,0.28,1.0,0.0003071069083331647,0.0175244659928103,1.0,0.0004169335244409041,0.000323672819691003,57,100,100,48129
8,0.28,1.0,0.00044989264340259425,0.02121067286539006,0.9995999932289124,0.0006185815549983132,0.00047960634640091825,47,100,100,373
8,0.28,1.0,0.000659064922004935,0.02567225977597093,0.9991999864578247,0.0009014801965910309,0.0007066624937377725,39,100,100,10930
8,0.28,1.0,0.0009654893846056303,0.031072325059538598,0.9994999766349792,0.0013238395846453116,0.0010291572897202026,32,100,100,31281
8,0.28,1.0,0.0014143822871810778,0.03760827418509227,0.9990999698638916,0.0019208264579634034,0.001475289452377484,27,100,100,37124
8,0.28,1.0,0.002071982650652037,0.04551903613491873,0.998199999332428,0.0028193283166514714,0.002211390827790186,22,100,100,30201
8,0.28,1.0,0.0030353265475060406,0.05509379772266603,0.9964999556541443,0.004141709375728782,0.003242348312562257,18,100,100,97907
8,0.28,1.0,0.004446565827708846,0.06668257514305252,0.9961999654769897,0.006031468137180698,0.004705797571001911,15,100,100,53600
8,0.28,1.0,0.006513944167356084,0.08070900920811805,0.9961999654769897,0.008977779999390709,0.006988837366609802,12,100,100,65655
8,0.28,1.0,0.009542525683758019,0.0976858520142913,0.9936999678611755,0.013125310939517161,0.010301547274487538,10,100,100,71744
8,0.28,1.0,0.013979210457700486,0.11823371117283127,0.9907999634742737,0.01966009875755758,0.015290831110639043,8,100,100,91484
8,0.28,1.0,0.020478679491876803,0.14310373682010125,0.9842000007629395,0.027981722974164507,0.021891496287644432,7,100,100,84129
8,0.28,1.0,0.03,0.17320508075688773,0.979699969291687,0.041345859629432435,0.031819976728052445,6,100,100,37614
8,0.28,1.0,0.04947368421052632,0.22242680641174148,0.9639999866485596,0.07327918080365173,0.05846320398048175,4,100,100,78854
8,0.28,1.0,0.06894736842105263,0.26257830912139835,0.9424999952316284,0.1149364421958097,0.09862651103562035,4,100,100,2438
8,0.28,1.0,0.08842105263157896,0.29735677667001126,0.9096999764442444,0.18255955628526363,0.16271971935771468,3,100,100,97110
8,0.28,1.0,0.10789473684210528,0.3284733426658932,0.8549000024795532,0.2916737665892293,0.2810970086118722,3,100,100,19430
8,0.28,1.0,0.12736842105263158,0.35688712648767756,0.7735999822616577,0.479967873050457,0.47071368094274246,3,100,100,82147
8,0.28,1.0,0.14684210526315788,0.38319982419510307,0.6899999976158142,0.7318873272468178,0.6920330648107322,3,100,100,71708
8,0.28,1.0,0.16631578947368422,0.4078183290065372,0.6597999930381775,0.8529290301772872,0.8336997441723206,2,100,100,28967
8,0.28,1.0,0.18578947368421053,0.4310330308505492,0.5724999904632568,1.150268806297387,1.1068519449119072,2,100,100,29111
8,0.28,1.0,0.20526315789473684,0.45305977298225986,0.48510000109672546,1.5701998655517377,1.5079890614152165,2,100,100,6739
8,0.28,1.0,0.22473684210526315,0.4740641750915831,0.3824999928474426,2.105394873693891,1.9224585396083367,2,100,100,45944
8,0.28,1.0,0.2442105263157895,0.4941766144970738,0.3262999951839447,2.6568372484858185,2.493028969934112,2,100,100,89453
8,0.28,1.0,0.26368421052631574,0.513501908980206,0.24650000035762787,3.710725554349171,3.981855515316388,2,100,100,81309
8,0.28,1.0,0.28315789473684216,0.5321258260382051,0.20029999315738678,4.5475642636554445,4.040104235376883,2,100,100,3640
8,0.28,1.0,0.3026315789473685,0.5501196042201809,0.1460999995470047,5.686693616377754,6.1464689178396785,2,100,100,56458
8,0.28,1.0,0.32210526315789473,0.5675431817561504,0.10130000114440918,8.229751040976055,12.604082636537811,2,100,100,6376
8,0.28,1.0,0.3415789473684211,0.5844475574150525,0.07270000129938126,9.54944082196554,28.379799689450415,2,100,100,80335
8,0.28,1.0,0.3610526315789474,0.6008765526952665,0.05389999970793724,19.098554868316082,420.5774859339309,2,100,100,64411
8,0.28,1.0,0.3805263157894737,0.616868151057804,0.036399997770786285,373.61683684831456,21299.844732079146,2,100,100,9631
8,0.28,1.0,0.4,0.6324555320336759,0.030399998649954796,304.4764482727798,13685.792759149139,2,100,100,97808
8,0.28,2.0,1e-06,0.001,1.0,2.511772498639431e-06,1.9524867695174674e-06,1000,100,100,9860
8,0.28,2.0,1.4649382061914714e-06,0.0012103463166348181,1.0,3.738344947177552e-06,2.9092063617157006e-06,826,100,100,85653
8,0.28,2.0,2.1460439479594814e-06,0.0014649382061914698,1.0,5.386581183977768e-06,4.146880567094758e-06,683,100,100,36783
8,0.28,2.0,3.1438217715318246e-06,0.0017730825619614629,1.0,8.011262946667586e-06,6.1386710296881135e-06,564,100,100,35316
8,0.28,2.0,4.605504626573514e-06,0.0021460439479594807,1.0,1.1587959748559485e-05,8.939766983169364e-06,466,100,100,48487
8,0.28,2.0,6.7467796862591274e-06,0.002597456387749201,0.9998999834060669,1.7058004666768767e-05,1.3081757861472824e-05,385,100,100,61678
8,0.28,2.0,9.883615331157482e-06,0.0031438217715318217,1.0,2.4685914779335152e-05,1.8675419655258507e-05,318,100,100,9474
8,0.28,2.0,1.4478885713912363e-05,0.0038051131013298886,1.0,3.6378506959684386e-05,2.78979137000006e-05,263,100,100,68515
8,0.28,2.0,2.1210672865390052e-05,0.004605504626573515,1.0,5.4105146077718306e-05,4.209729885724794e-05,217,100,100,84522
8,0.28,2.0,3.1072325059538616e-05,0.005574255561017867,1.0,7.786550122450962e-05,6.041858558957594e-05,179,100,100,38884
8,0.28,2.0,4.55190361349187e-05,0.0067467796862591195,0.9998999834060669,0.00011407289101882086,8.72286698995778e-05,148,100,100,97494
8,0.28,2.0,6.668257514305255e-05,0.008165939942410338,1.0,0.00017071243084148903,0.0001316580875630354,122,100,100,84296
8,0.28,2.0,9.768585201429122e-05,0.009883615331157482,0.9998999834060669,0.00024891275968469845,0.00019230590159059462,101,100,100,80383
8,0.28,2.0,0.00014310373682010125,0.011962597411101873,0.9997999668121338,0.00035594796295598384,0.00027574194539391677,84,100,100,28674
8,0.28,2.0,0.0002096381315165353,0.014478885713912355,0.9998999834060669,0.0005306888908250152,0.00040633752413033077,69,100,100,82632
8,0.28,2.0,0.0003071069083331647,0.0175244659928103,0.9997999668121338,0.0007694625965211863,0.0005925042563320259,57,100,100,49766
8,0.28,2.0,0.00044989264340259425,0.02121067286539006,0.9994999766349792,0.0011534915252070128,0.0008850137573994749,47,100,100,63054
8,0.28,2.0,0.000659064922004935,0.02567225977597093,0.9993000030517578,0.0016560272471966024,0.0012802904444220043,39,100,100,50156
8,0.28,2.0,0.0009654893846056303,0.031072325059538598,0.9984999895095825,0.002350221156817181,0.001824692220628203,32,100,100,88934
8,0.28,2.0,0.0014143822871810778,0.03760827418509227,0.9987999796867371,0.0035445772300732267,0.002762887842348854,27,100,100,2186
8,0.28,2.0,0.002071982650652037,0.04551903613491873,0.9971999526023865,0.0052309014603121925,0.004039808756065416,22,100,100,36326
8,0.28,2.0,0.0030353265475060406,0.05509379772266603,0.9955999851226807,0.007713835902670533,0.0060349088374667065,18,100,100,2513
8,0.28,2.0,0.004446565827708846,0.06668257514305252,0.9942999482154846,0.011298868773562848,0.008662283978806293,15,100,100,47074
8,0.28,2.0,0.006513944167356084,0.08070900920811805,0.9921999573707581,0.016684353834344502,0.012990762132357968,12,100,100,19333
8,0.28,2.0,0.009542525683758019,0.0976858520142913,0.9868999719619751,0.024497406195732655,0.01870596328446111,10,100,100,57942
8,0.28,2.0,0.013979210457700486,0.11823371117283127,0.9821999669075012,0.03629151377844659,0.02841793644537471,8,100,100,93375
8,0.28,2.0,0.020478679491876803,0.14310373682010125,0.9749999642372131,0.053507224452839924,0.04138337667564878,7,100,100,2344
8,0.28,2.0,0.03,0.17320508075688773,0.9566999673843384,0.07962726329827936,0.06237036020899167,6,100,100,28641
8,0.28,2.0,0.04947368421052632,0.22242680641174148,0.9168999791145325,0.17302430494497864,0.14863553829142565,4,100,100,14542
8,0.28,2.0,0.06894736842105263,0.26257830912139835,0.8023999929428101,0.4072331303030275,0.3640745176309914,4,100,100,47149
8,0.28,2.0,0.08842105263157896,0.29735677667001126,0.6685000061988831,0.7573559542973559,0.6905747403340128,3,100,100,27164
8,0.28,2.0,0.10789473684210528,0.3284733426658932,0.484499990940094,1.5211566297771992,1.3734202167766976,3,100,100,27085
8,0.28,2.0,0.12736842105263158,0.35688712648767756,0.29739999771118164,2.7929810946788676,2.397345405692046,3,100,100,32175
8,0.28,2.0,0.14684210526315788,0.38319982419510307,0.17260000109672546,4.733085467379973,4.201302000713093,3,100,100,46852
8,0.28,2.0,0.16631578947368422,0.4078183290065372,0.17170000076293945,4.7348282514782785,3.592197125923427,2,100,100,89319
8,0.28,2.0,0.18578947368421053,0.4310330308505492,0.10109999775886536,6.939508873278603,5.013317476609216,2,100,100,27594
8,0.28,2.0,0.20526315789473684,0.45305977298225986,0.04319999739527702,10.368150817342162,7.297211729404008,2,100,100,21029
8,0.28,2.0,0.22473684210526315,0.4740641750915831,0.0279999990016222,459.26521786216426,42536.45441194969,2,100,100,32299
8,0.28,2.0,0.2442105263157895,0.4941766144970738,0.00989999994635582,48.6072065375227,1977.0156114591177,2,100,100,27671
8,0.28,2.0,0.26368421052631574,0.513501908980206,0.006300000008195639,263.1962672835926,7950.08737678263,2,100,100,50352
8,0.28,2.0,0.28315789473684216,0.5321258260382051,0.003999999724328518,4922.547066051168,129529.53341250554,2,100,100,57054
8,0.28,2.0,0.3026315789473685,0.5501196042201809,0.002099999925121665,77556.75429351356,5334617.7092852555,2,100,100,27211
8,0.28,2.0,0.32210526315789473,0.5675431817561504,0.001500000013038516,503635.09048099874,27578212.443921324,2,100,100,84255
8,0.28,2.0,0.3415789473684211,0.5844475574150525,0.0010999999940395355,1099122350553.0553,77969309562300.4,2,100,100,17726
8,0.28,2.0,0.3610526315789474,0.6008765526952665,0.00019999999494757503,83498660226.8798,6567721269272.275,2,100,100,9225
8,0.28,2.0,0.3805263157894737,0.616868151057804,0.0,2993516740855512.5,2.97679628727901e+17,2,100,100,19287
8,0.28,2.0,0.4,0.6324555320336759,0.0,1.2815806076584886e+22,1.1527607952631513e+24,2,100,100,65430
8,0.28,5.0,1e-06,0.001,1.0,3.091772031671525e-06,2.6950186812657823e-06,1000,100,100,7502
8,0.28,5.0,1.4649382061914714e-06,0.0012103463166348181,1.0,4.5666812736193666e-06,3.9736123844377115e-06,826,100,100,97876
8,0.28,5.0,2.1460439479594814e-06,0.0014649382061914698,1.0,6.727005100041339e-06,5.8444722824957825e-06,683,100,100,70137
8,0.28,5.0,3.1438217715318246e-06,0.0017730825619614629,1.0,9.788882320463445e-06,8.569264622617474e-06,564,100,100,74870
8,0.28,5.0,4.605504626573514e-06,0.0021460439479594807,1.0,1.454507727220431e-05,1.2764037563868521e-05,466,100,100,55344
8,0.28,5.0,6.7467796862591274e-06,0.002597456387749201,0.9998999834060669,2.1140887335185e-05,1.8490047411678734e-05,385,100,100,32267
8,0.28,5.0,9.883615331157482e-06,0.0031438217715318217,1.0,3.064316480009808e-05,2.6264682812501725e-05,318,100,100,65883
8,0.28,5.0,1.4478885713912363e-05,0.0038051131013298886,1.0,4.466858008525776e-05,3.949260888529793e-05,263,100,100,93136
8,0.28,5.0,2.1210672865390052e-05,0.004605504626573515,1.0,6.520421039341286e-05,5.695378216945307e-05,217,100,100,4735
8,0.28,5.0,3.1072325059538616e-05,0.005574255561017867,1.0,9.802744553124612e-05,8.577631178490279e-05,179,100,100,22717
8,0.28,5.0,4.55190361349187e-05,0.0067467796862591195,0.9998999834060669,0.0001434351080193281,0.00012442496762555652,148,100,100,67106
8,0.28,5.0,6.668257514305255e-05,0.008165939942410338,0.9998999834060669,0.00020772262425794354,0.00017985473001720865,122,100,100,92743
8,0.28,5.0,9.768585201429122e-05,0.009883615331157482,1.0,0.0002995140837126087,0.0002601979705449336,101,100,100,93279
8,0.28,5.0,0.00014310373682010125,0.011962597411101873,0.9998999834060669,0.00044454316181709075,0.00038918050283242184,84,100,100,20929
8,0.28,5.0,0.0002096381315165353,0.014478885713912355,0.9997999668121338,0.0006572205254284754,0.0005717648670024552,69,100,100,49361
8,0.28,5.0,0.0003071069083331647,0.0175244659928103,0.9993999600410461,0.0009602776833889807,0.0008308508358531163,57,100,100,26724
8,0.28,5.0,0.00044989264340259425,0.02121067286539006,0.9994999766349792,0.0013933459189127654,0.0012128762001226295,47,100,100,85590
8,0.28,5.0,0.000659064922004935,0.02567225977597093,0.9988999962806702,0.0020693507421677432,0.0018260363286700877,39,100,100,34330
8,0.28,5.0,0.0009654893846056303,0.031072325059538598,0.9980999827384949,0.003145484901854222,0.002658471170592037,32,100,100,11342
8,0.28,5.0,0.0014143822871810778,0.03760827418509227,0.9980999827384949,0.0041880370381266975,0.0036898712063148584,27,100,100,35736
8,0.28,5.0,0.002071982650652037,0.04551903613491873,0.9970999956130981,0.00649295393160837,0.005707275957843299,22,100,100,80780
8,0.28,5.0,0.0030353265475060406,0.05509379772266603,0.9959999918937683,0.009553362398261317,0.008209990117775137,18,100,100,77494
8,0.28,5.0,0.004446565827708846,0.06668257514305252,0.9921000003814697,0.014380904451581637,0.01234363966464633,15,100,100,88053
8,0.28,5.0,0.006513944167356084,0.08070900920811805,0.988599956035614,0.0221698813939858,0.0184891364649324,12,100,100,48464
8,0.28,5.0,0.009542525683758019,0.0976858520142913,0.9853000044822693,0.03253998465310566,0.02776409653697209,10,100,100,37000
8,0.28,5.0,0.013979210457700486,0.11823371117283127,0.974399983882904,0.05380972493012152,0.04445152497804184,8,100,100,76112
8,0.28,5.0,0.020478679491876803,0.14310373682010125,0.9598000049591064,0.0862475371948279,0.07723587956224334,7,100,100,35639
8,0.28,5.0,0.03,0.17320508075688773,0.8757999539375305,0.24813224273760406,0.2227951083543589,6,100,100,85204
8,0.28,5.0,0.04947368421052632,0.22242680641174148,0.49229997396469116,1.422678119263688,1.1944108965723719,4,100,100,54629
8,0.28,5.0,0.06894736842105263,0.26257830912139835,0.11710000038146973,5.70573928232903,4.021278263615982,4,100,100,41958
8,0.28,5.0,0.08842105263157896,0.29735677667001126,0.030799999833106995,13.894196483488841,11.64393517098677,3,100,100,14037
8,0.28,5.0,0.10789473684210528,0.3284733426658932,0.00019999999494757503,77.93170731494644,34.469742571137154,3,100,100,87931
8,0.28,5.0,0.12736842105263158,0.35688712648767756,0.0,3.322683720774376e+40,2.723926345726431e+42,3,100,100,19561
8,0.28,5.0,0.14684210526315788,0.38319982419510307,0.0,3.000466500207998e+64,3.0003061681954772e+66,3,100,100,94758
8,0.28,5.0,0.16631578947368422,0.4078183290065372,0.0,85184.29611159531,1237978.0295713793,2,100,100,31553
8,0.28,5.0,0.18578947368421053,0.4310330308505492,0.0,31099601427.401512,2629271881713.3696,2,100,100,19702
8,0.28,5.0,0.20526315789473684,0.45305977298225986,0.0,1.7118372612504512e+24,1.7114831891396563e+26,2,100,100,82139
8,0.28,5.0,0.22473684210526315,0.4740641750915831,0.0,2.3149780731589803e+28,2.3061352904705994e+30,2,100,100,22489
8,0.28,5.0,0.2442105263157895,0.4941766144970738,0.0,2.739502650073927e+32,2.7335671441569866e+34,2,100,100,26567
8,0.28,5.0,0.26368421052631574,0.513501908980206,0.0,9.883746171962523e+33,9.835273226211348e+35,2,100,100,50051
8,0.28,5.0,0.28315789473684216,0.5321258260382051,0.0,1.1936377064252844e+40,8.659574408193008e+41,2,100,100,46381
8,0.28,5.0,0.3026315789473685,0.5501196042201809,0.0,1.6136949928077184e+42,1.4574139247049751e+44,2,100,100,66759
8,0.28,5.0,0.32210526315789473,0.5675431817561504,0.0,1.3939951293089884e+50,1.3904523621520307e+52,2,100,100,50537
8,0.28,5.0,0.3415789473684211,0.5844475574150525,0.0,1.508752090505687e+49,7.112591260619795e+50,2,100,100,45990
8,0.28,5.0,0.3610526315789474,0.6008765526952665,0.0,1.466116717113579e+52,1.3658916398371788e+54,2,100,100,91040
8,0.28,5.0,0.3805263157894737,0.616868151057804,0.0,1.6240953806741028e+57,1.5324693778915788e+59,2,100,100,58647
8,0.28,5.0,0.4,0.6324555320336759,0.0,7.387215190804853e+57,4.727223056715888e+59,2,100,100,82471
8,0.28,10.0,1e-06,0.001,1.0,5.878068829743199e-06,4.57178835769535e-06,1000,100,100,77189
8,0.28,10.0,1.4649382061914714e-06,0.0012103463166348181,0.9998999834060669,8.504226657571223e-06,6.609459838915963e-06,826,100,100,29203
8,0.28,10.0,2.1460439479594814e-06,0.0014649382061914698,1.0,1.2454361219209886e-05,9.588315048236485e-06,683,100,100,4675
8,0.28,10.0,3.1438217715318246e-06,0.0017730825619614629,1.0,1.863929007660943e-05,1.4473492259152684e-05,564,100,100,55309
8,0.28,10.0,4.605504626573514e-06,0.0021460439479594807,1.0,2.701012158971281e-05,2.113598473540257e-05,466,100,100,87957
8,0.28,10.0,6.7467796862591274e-06,0.002597456387749201,1.0,3.992529485993402e-05,3.127523713205069e-05,385,100,100,35918
8,0.28,10.0,9.883615331157482e-06,0.0031438217715318217,1.0,5.813924544052896e-05,4.4805093909399295e-05,318,100,100,20419
8,0.28,10.0,1.4478885713912363e-05,0.0038051131013298886,1.0,8.52905074642635e-05,6.658844927847866e-05,263,100,100,82982
8,0.28,10.0,2.1210672865390052e-05,0.004605504626573515,1.0,0.00012575013637548268,9.828470433211894e-05,217,100,100,99814
8,0.28,10.0,3.1072325059538616e-05,0.005574255561017867,0.9998999834060669,0.00018481974496073407,0.00014364211233133952,179,100,100,38656
8,0.28,10.0,4.55190361349187e-05,0.0067467796862591195,0.9998999834060669,0.0002637352836863869,0.00020428012007851052,148,100,100,97810
8,0.28,10.0,6.668257514305255e-05,0.008165939942410338,0.9997999668121338,0.0003872451835656179,0.00030076651253304194,122,100,100,61895
8,0.28,10.0,9.768585201429122e-05,0.009883615331157482,0.9995999932289124,0.0005655844628279212,0.00044418630460347293,101,100,100,65457
8,0.28,10.0,0.00014310373682010125,0.011962597411101873,0.9994999766349792,0.000844914626967929,0.0006615974429320156,84,100,100,67434
8,0.28,10.0,0.0002096381315165353,0.014478885713912355,0.9997999668121338,0.0012441491911552689,0.0009653251562568276,69,100,100,7792
8,0.28,10.0,0.0003071069083331647,0.0175244659928103,0.9993000030517578,0.0018068567599494616,0.0013962713033213998,57,100,100,91769
8,0.28,10.0,0.00044989264340259425,0.02121067286539006,0.9991999864578247,0.0026152549657205955,0.002067332488277552,47,100,100,79565
8,0.28,10.0,0.000659064922004935,0.02567225977597093,0.9978999495506287,0.0038651181673580314,0.0029879118994069137,39,100,100,55951
8,0.28,10.0,0.0009654893846056303,0.031072325059538598,0.9972999691963196,0.0055274559809466795,0.004358222466467933,32,100,100,95067
8,0.28,10.0,0.0014143822871810778,0.03760827418509227,0.9949999451637268,0.008623715543817185,0.006714450584038725,27,100,100,35868
8,0.28,10.0,0.002071982650652037,0.04551903613491873,0.9928999543190002,0.012471949928215438,0.009749935366763843,22,100,100,41323
8,0.28,10.0,0.0030353265475060406,0.05509379772266603,0.9899999499320984,0.01765977482465382,0.01385320175747018,18,100,100,44654
8,0.28,10.0,0.004446565827708846,0.06668257514305252,0.9878999590873718,0.026515818006134704,0.020879084640359324,15,100,100,12179
8,0.28,10.0,0.006513944167356084,0.08070900920811805,0.981499969959259,0.0363727557733816,0.0286499035094332,12,100,100,91237
8,0.28,10.0,0.009542525683758019,0.0976858520142913,0.9673999547958374,0.05851012455141461,0.047261640702530985,10,100,100,36702
8,0.28,10.0,0.013979210457700486,0.11823371117283127,0.9454999566078186,0.11050248279602574,0.09300857389871127,8,100,100,56464
8,0.28,10.0,0.020478679491876803,0.14310373682010125,0.795699954032898,0.42416021707135426,0.36634054681411404,7,100,100,59298
8,0.28,10.0,0.03,0.17320508075688773,0.366599977016449,2.1050738663123165,1.704376965177073,6,100,100,54059
8,0.28,10.0,0.04947368421052632,0.22242680641174148,0.0,168.21784481748819,380.8288777732218,4,100,100,22587
8,0.28,10.0,0.06894736842105263,0.26257830912139835,0.0,5.450276663864589e+24,4.6137283686413065e+26,4,100,100,7805
8,0.28,10.0,0.08842105263157896,0.29735677667001126,0.0,9.829729458074388e+66,8.572285002897263e+68,3,100,100,46687
8,0.28,10.0,0.10789473684210528,0.3284733426658932,0.0,7.585181435718239e+105,7.584802167164507e+107,3,100,100,15939
8,0.28,10.0,0.12736842105263158,0.35688712648767756,0.0,1.8048387700795776e+261,inf,3,100,100,68276
8,0.28,10.0,0.14684210526315788,0.38319982419510307,0.0,inf,nan,3,100,100,67306
8,0.28,10.0,0.16631578947368422,0.4078183290065372,0.0,2.7832389170610956e+43,2.7827039042519344e+45,2,100,100,1236
8,0.28,10.0,0.18578947368421053,0.4310330308505492,0.0,3.0101850872450366e+48,3.0095771432408675e+50,2,100,100,76231
8,0.28,10.0,0.20526315789473684,0.45305977298225986,0.0,4.260927641181865e+49,2.388980026859593e+51,2,100,100,55748
8,0.28,10.0,0.22473684210526315,0.4740641750915831,0.0,2.840746788062341e+58,2.8290159520236556e+60,2,100,100,8363
8,0.28,10.0,0.2442105263157895,0.4941766144970738,0.0,8.472413129359382e+60,8.295250753524273e+62,2,100,100,27976
8,0.28,10.0,0.26368421052631574,0.513501908980206,0.0,1.1414270120156899e+66,1.0803344527234741e+68,2,100,100,44447
8,0.28,10.0,0.28315789473684216,0.5321258260382051,0.0,3.5618495316353613e+68,2.218320375022018e+70,2,100,100,20208
8,0.28,10.0,0.3026315789473685,0.5501196042201809,0.0,5.691426338511558e+71,3.4242324123600365e+73,2,100,100,73292
8,0.28,10.0,0.32210526315789473,0.5675431817561504,0.0,2.1508921799873526e+77,1.88956659672638e+79,2,100,100,82304
8,0.28,10.0,0.3415789473684211,0.5844475574150525,0.0,3.8825269330657863e+77,1.652008377594997e+79,2,100,100,54851
8,0.28,10.0,0.3610526315789474,0.6008765526952665,0.0,8.150740444059886e+84,4.7518265146520745e+86,2,100,100,37066
8,0.28,10.0,0.3805263157894737,0.616868151057804,0.0,1.1727923921548088e+118,1.172733751069149e+120,2,100,100,55793
8,0.28,10.0,0.4,0.6324555320336759,0.0,1.3492722725636468e+105,1.3475818722502152e+107,2,100,100,31887
8,0.28,100.0,1e-06,0.001,1.0,2.3061545030020626e-05,1.8684680761836215e-05,1000,100,100,80305
8,0.28,100.0,1.4649382061914714e-06,0.0012103463166348181,1.0,3.364155752877167e-05,2.6327151374946246e-05,826,100,100,49986
8,0.28,100.0,2.1460439479594814e-06,0.0014649382061914698,1.0,4.964019243655713e-05,4.209244355943756e-05,683,100,100,97968
8,0.28,100.0,3.1438217715318246e-06,0.0017730825619614629,0.9998999834060669,7.50931147190812e-05,5.8187136200220377e-05,564,100,100,23642
8,0.28,100.0,4.605504626573514e-06,0.0021460439479594807,1.0,0.00010861266167776194,8.64978709034972e-05,466,100,100,81567
8,0.28,100.0,6.7467796862591274e-06,0.002597456387749201,1.0,0.00015862295544388872,0.0001267821219069044,385,100,100,3315
8,0.28,100.0,9.883615331157482e-06,0.0031438217715318217,0.9998999834060669,0.0002405426303810856,0.00018767050978949095,318,100,100,62685
8,0.28,100.0,1.4478885713912363e-05,0.0038051131013298886,0.9996999502182007,0.000329130941092069,0.0002560775774945088,263,100,100,62739
8,0.28,100.0,2.1210672865390052e-05,0.004605504626573515,0.9998999834060669,0.0005052096378594029,0.00039386036575573467,217,100,100,20528
8,0.28,100.0,3.1072325059538616e-05,0.005574255561017867,0.9993000030517578,0.0007376161031813368,0.0005716541431293884,179,100,100,84882
8,0.28,100.0,4.55190361349187e-05,0.0067467796862591195,0.9994999766349792,0.0010585868542059402,0.0008571561252780026,148,100,100,82954
8,0.28,100.0,6.668257514305255e-05,0.008165939942410338,0.9990999698638916,0.0015708180292714061,0.001263949359028401,122,100,100,96313
8,0.28,100.0,9.768585201429122e-05,0.009883615331157482,0.9991999864578247,0.0023866460751416894,0.0018677650211494793,101,100,100,53211
8,0.28,100.0,0.00014310373682010125,0.011962597411101873,0.9983999729156494,0.0034675678596915874,0.0027925659839274676,84,100,100,55815
8,0.28,100.0,0.0002096381315165353,0.014478885713912355,0.9975999593734741,0.004906994897340927,0.003835023614747496,69,100,100,87715
8,0.28,100.0,0.0003071069083331647,0.0175244659928103,0.996399998664856,0.007389992244448509,0.005706568007676547,57,100,100,90706
8,0.28,100.0,0.00044989264340259425,0.02121067286539006,0.9947999715805054,0.011353741044641872,0.009083468956819869,47,100,100,44569
8,0.28,100.0,0.000659064922004935,0.02567225977597093,0.9926999807357788,0.017273621301555433,0.013399956935065531,39,100,100,60148
8,0.28,100.0,0.0009654893846056303,0.031072325059538598,0.9839999675750732,0.027100136001935882,0.021300794749593017,32,100,100,11318
8,0.28,100.0,0.0014143822871810778,0.03760827418509227,0.9767999649047852,0.04375412482791726,0.0351349136844885,27,100,100,50630
8,0.28,100.0,0.002071982650652037,0.04551903613491873,0.70660001039505,2.222272734680169,5.110197671299286,22,100,100,62014
8,0.28,100.0,0.0030353265475060406,0.05509379772266603,0.0023999998811632395,nan,nan,18,100,100,26453
8,0.28,100.0,0.004446565827708846,0.06668257514305252,0.0,nan,nan,15,100,100,51905
8,0.28,100.0,0.006513944167356084,0.08070900920811805,0.0,nan,nan,12,100,100,44804
8,0.28,100.0,0.009542525683758019,0.0976858520142913,0.0,nan,nan,10,100,100,53089
8,0.28,100.0,0.013979210457700486,0.11823371117283127,0.0,nan,nan,8,100,100,69095
8,0.28,100.0,0.020478679491876803,0.14310373682010125,0.0,nan,nan,7,100,100,93721
8,0.28,100.0,0.03,0.17320508075688773,0.0,nan,nan,6,100,100,72484
8,0.28,100.0,0.04947368421052632,0.22242680641174148,0.0,nan,nan,4,100,100,54721
8,0.28,100.0,0.06894736842105263,0.26257830912139835,0.0,nan,nan,4,100,100,65019
8,0.28,100.0,0.08842105263157896,0.29735677667001126,0.0,nan,nan,3,100,100,73486
8,0.28,100.0,0.10789473684210528,0.3284733426658932,0.0,nan,nan,3,100,100,62992
8,0.28,100.0,0.12736842105263158,0.35688712648767756,0.0,nan,nan,3,100,100,78122
8,0.28,100.0,0.14684210526315788,0.38319982419510307,0.0,nan,nan,3,100,100,66071
8,0.28,100.0,0.16631578947368422,0.4078183290065372,0.0,1.0049882039197677e+185,inf,2,100,100,10122
8,0.28,100.0,0.18578947368421053,0.4310330308505492,0.0,1.3065761642631343e+200,inf,2,100,100,62357
8,0.28,100.0,0.20526315789473684,0.45305977298225986,0.0,3.3145180651137e+212,inf,2,100,100,60275
8,0.28,100.0,0.22473684210526315,0.4740641750915831,0.0,1.1214408449888395e+223,inf,2,100,100,27073
8,0.28,100.0,0.2442105263157895,0.4941766144970738,0.0,6.361613903381734e+226,inf,2,100,100,29538
8,0.28,100.0,0.26368421052631574,0.513501908980206,0.0,1.2323211220028724e+239,inf,2,100,100,66644
8,0.28,100.0,0.28315789473684216,0.5321258260382051,0.0,6.33746098733547e+241,inf,2,100,100,89452
8,0.28,100.0,0.3026315789473685,0.5501196042201809,0.0,4.69776298174782e+255,inf,2,100,100,3787
8,0.28,100.0,0.32210526315789473,0.5675431817561504,0.0,6.643041176246457e+267,inf,2,100,100,78955
8,0.28,100.0,0.3415789473684211,0.5844475574150525,0.0,5.3241236169505386e+268,inf,2,100,100,33269
8,0.28,100.0,0.3610526315789474,0.6008765526952665,0.0,3.4604820487133476e+293,inf,2,100,100,60064
8,0.28,100.0,0.3805263157894737,0.616868151057804,0.0,5.28488323975942e+277,inf,2,100,100,11117
8,0.28,100.0,0.4,0.6324555320336759,0.0,1.1703101824658417e+298,inf,2,100,100,98018
16,0.85,0.1,1e-06,0.001,1.0,1.4987522947649268e-06,1.1330647664264638e-06,1000,100,100,37989
16,0.85,0.1,1.4649382061914714e-06,0.0012103463166348181,1.0,2.1789564377286297e-06,1.6471374536469736e-06,826,100,100,95268
16,0.85,0.1,2.1460439479594814e-06,0.0014649382061914698,1.0,3.2834614095008875e-06,2.4855962896519138e-06,683,100,100,3073
16,0.85,0.1,3.1438217715318246e-06,0.0017730825619614629,1.0,4.400453994821874e-06,3.507271466878954e-06,564,100,100,57907
16,0.85,0.1,4.605504626573514e-06,0.0021460439479594807,1.0,6.7717366275246606e-06,5.1488918000948066e-06,466,100,100,13880
16,0.85,0.1,6.7467796862591274e-06,0.002597456387749201,1.0,1.0133726516914977e-05,7.6109910665190136e-06,385,100,100,73414
16,0.85,0.1,9.883615331157482e-06,0.0031438217715318217,1.0,1.4444188808738546e-05,1.1033951671082609e-05,318,100,100,94391
16,0.85,0.1,1.4478885713912363e-05,0.0038051131013298886,1.0,2.0504421809027918e-05,1.5609720003994515e-05,263,100,100,11112
16,0.85,0.1,2.1210672865390052e-05,0.004605504626573515,1.0,2.872319206917382e-05,2.3200873271043594e-05,217,100,100,30755
16,0.85,0.1,3.1072325059538616e-05,0.005574255561017867,1.0,4.4030673540555656e-05,3.4183434360185516e-05,179,100,100,44906
16,0.85,0.1,4.55190361349187e-05,0.0067467796862591195,1.0,6.75411884508776e-05,5.100397548061243e-05,148,100,100,69687
16,0.85,0.1,6.668257514305255e-05,0.008165939942410338,0.9998999834060669,9.121242408705258e-05,7.776971083331317e-05,122,100,100,95377
16,0.85,0.1,9.768585201429122e-05,0.009883615331157482,0.9997999668121338,0.00014629407943375555,0.00011762927332294283,101,100,100,41969
16,0.85,0.1,0.00014310373682010125,0.011962597411101873,0.9998999834060669,0.0002080799470609236,0.0001589923516004183,84,100,100,38084
16,0.85,0.1,0.0002096381315165353,0.014478885713912355,1.0,0.00031389268191023804,0.00023890690801856815,69,100,100,53526
16,0.85,0.1,0.0003071069083331647,0.0175244659928103,0.9993000030517578,0.00048140302756328313,0.0003700738295916723,57,100,100,84922
16,0.85,0.1,0.00044989264340259425,0.02121067286539006,0.9997999668121338,0.0006612658329615442,0.0005170718974202502,47,100,100,98280
16,0.85,0.1,0.000659064922004935,0.02567225977597093,0.9994999766349792,0.0009289293952432673,0.0007172483798384543,39,100,100,22806
16,0.85,0.1,0.0009654893846056303,0.031072325059538598,0.9988999962806702,0.001386054798273608,0.0011011790300641212,32,100,100,75345
16,0.85,0.1,0.0014143822871810778,0.03760827418509227,0.9993000030517578,0.002035826948164322,0.0015644544385318752,27,100,100,31860
16,0.85,0.1,0.002071982650652037,0.04551903613491873,0.9984999895095825,0.0029159487685671594,0.00229127236397694,22,100,100,25417
16,0.85,0.1,0.0030353265475060406,0.05509379772266603,0.9977999925613403,0.004362301242155672,0.003297004734061953,18,100,100,12447
16,0.85,0.1,0.004446565827708846,0.06668257514305252,0.9978999495506287,0.005930204545434208,0.00447520655192764,15,100,100,55877
16,0.85,0.1,0.006513944167356084,0.08070900920811805,0.9966999888420105,0.009132628493656057,0.0070536106895840505,12,100,100,54725
16,0.85,0.1,0.009542525683758019,0.0976858520142913,0.9930999875068665,0.013107027500039158,0.010088032013298782,10,100,100,57255
16,0.85,0.1,0.013979210457700486,0.11823371117283127,0.9904999732971191,0.019395123560979985,0.01456333845442911,8,100,100,34262
16,0.85,0.1,0.020478679491876803,0.14310373682010125,0.9839999675750732,0.029580362867988562,0.02199283937885998,7,100,100,11663
16,0.85,0.1,0.03,0.17320508075688773,0.9793999791145325,0.042950537888708555,0.03253477985507685,6,100,100,31299
16,0.85,0.1,0.04947368421052632,0.22242680641174148,0.9575999975204468,0.08251033331828389,0.06379517012749847,4,100,100,9424
16,0.85,0.1,0.06894736842105263,0.26257830912139835,0.9297999739646912,0.13582519513861968,0.10866837864000133,4,100,100,35447
16,0.85,0.1,0.08842105263157896,0.29735677667001126,0.8876999616622925,0.21844825703318843,0.1680985928942135,3,100,100,21173
16,0.85,0.1,0.10789473684210528,0.3284733426658932,0.814799964427948,0.3819355202559627,0.298839801395334,3,100,100,48109
16,0.85,0.1,0.12736842105263158,0.35688712648767756,0.7041999697685242,0.6494614641028497,0.5007938105531283,3,100,100,5157
16,0.85,0.1,0.14684210526315788,0.38319982419510307,0.5539000034332275,1.2794904823990707,1.8019236364056872,3,100,100,71556
16,0.85,0.1,0.16631578947368422,0.4078183290065372,0.41349998116493225,1.7634308436644133,1.3194287086299636,2,100,100,74865
16,0.85,0.1,0.18578947368421053,0.4310330308505492,0.2239999920129776,3.357011211277504,2.2823442151824285,2,100,100,2278
16,0.85,0.1,0.20526315789473684,0.45305977298225986,0.10809999704360962,5.908666157318255,3.5517193542408867,2,100,100,32958
16,0.85,0.1,0.22473684210526315,0.4740641750915831,0.03799999877810478,13.365992068994101,9.035981363378419,2,100,100,12055
16,0.85,0.1,0.2442105263157895,0.4941766144970738,0.003999999724328518,26.18585196803488,16.047645822289088,2,100,100,42452
16,0.85,0.1,0.26368421052631574,0.513501908980206,0.00139999995008111,40.66328945286661,21.878568542498392,2,100,100,47316
16,0.85,0.1,0.28315789473684216,0.5321258260382051,0.0005999999702908099,61.82271559570638,29.87635751403648,2,100,100,64359
16,0.85,0.1,0.3026315789473685,0.5501196042201809,0.00029999998514540493,91.6127690021507,45.41082418683946,2,100,100,71243
16,0.85,0.1,0.32210526315789473,0.5675431817561504,0.0,119.60903076193011,57.92945697650516,2,100,100,51059
16,0.85,0.1,0.3415789473684211,0.5844475574150525,0.0,174.54669905437237,94.57491636597848,2,100,100,98157
16,0.85,0.1,0.3610526315789474,0.6008765526952665,0.0,210.3608391594637,127.86099362626275,2,100,100,94464
16,0.85,0.1,0.3805263157894737,0.616868151057804,0.0,286.14941746092217,158.96528550130498,2,100,100,17000
16,0.85,0.1,0.4,0.6324555320336759,0.0,378.3639979261542,210.1205215017183,2,100,100,55951
16,0.85,0.5,1e-06,0.001,1.0,3.046214372523082e-06,2.3246993853898416e-06,1000,100,100,4966
16,0.85,0.5,1.4649382061914714e-06,0.0012103463166348181,1.0,4.6919212962620806e-06,3.5540672717564707e-06,826,100,100,10914
16,0.85,0.5,2.1460439479594814e-06,0.0014649382061914698,1.0,6.660787908651856e-06,5.105033010805886e-06,683,100,100,13302
16,0.85,0.5,3.1438217715318246e-06,0.0017730825619614629,1.0,9.685054860392484e-06,7.5228370722146144e-06,564,100,100,2106
16,0.85,0.5,4.605504626573514e-06,0.0021460439479594807,1.0,1.4240005039721383e-05,1.088545294903e-05,466,100,100,93076
16,0.85,0.5,6.7467796862591274e-06,0.002597456387749201,1.0,2.166456673086259e-05,1.6891608778718447e-05,385,100,100,75883
16,0.85,0.5,9.883615331157482e-06,0.0031438217715318217,1.0,3.124471631282404e-05,2.3787891488159e-05,318,100,100,73938
16,0.85,0.5,1.4478885713912363e-05,0.0038051131013298886,1.0,4.5896043967263724e-05,3.457763306374682e-05,263,100,100,38056
16,0.85,0.5,2.1210672865390052e-05,0.004605504626573515,1.0,6.913323326623413e-05,5.23545672802797e-05,217,100,100,17742
16,0.85,0.5,3.1072325059538616e-05,0.005574255561017867,0.9998999834060669,0.00010026317160759391,7.570764057075154e-05,179,100,100,29949
16,0.85,0.5,4.55190361349187e-05,0.0067467796862591195,1.0,0.00014368124443471972,0.00010891598471141299,148,100,100,91367
16,0.85,0.5,6.668257514305255e-05,0.008165939942410338,0.9995999932289124,0.00020819895074184844,0.00016073620276108792,122,100,100,65246
16,0.85,0.5,9.768585201429122e-05,0.009883615331157482,0.9997999668121338,0.0003197848234854405,0.00024168805430863704,101,100,100,567
16,0.85,0.5,0.00014310373682010125,0.011962597411101873,0.9997999668121338,0.0004555834785682805,0.000339356124663953,84,100,100,40077
16,0.85,0.5,0.0002096381315165353,0.014478885713912355,0.9993999600410461,0.0006665043559765422,0.0005100886338950988,69,100,100,74579
16,0.85,0.5,0.0003071069083331647,0.0175244659928103,0.9991999864578247,0.0009837547904163898,0.0007514780175072119,57,100,100,8971
16,0.85,0.5,0.00044989264340259425,0.02121067286539006,0.9993999600410461,0.0014270681352916428,0.0010885870913390668,47,100,100,6679
16,0.85,0.5,0.000659064922004935,0.02567225977597093,0.9993000030517578,0.0020536267079395657,0.0015705240791220173,39,100,100,99050
16,0.85,0.5,0.0009654893846056303,0.031072325059538598,0.9978999495506287,0.0030918474971658497,0.002354315527415672,32,100,100,16763
16,0.85,0.5,0.0014143822871810778,0.03760827418509227,0.9971999526023865,0.004353667300153017,0.003344880612153464,27,100,100,14967
16,0.85,0.5,0.002071982650652037,0.04551903613491873,0.9966999888420105,0.006526272236731871,0.004961171956160239,22,100,100,70570
16,0.85,0.5,0.0030353265475060406,0.05509379772266603,0.9950999617576599,0.0093282215525766,0.00708939808198362,18,100,100,55026
16,0.85,0.5,0.004446565827708846,0.06668257514305252,0.9939999580383301,0.0143718406111297,0.010887388776820944,15,100,100,96366
16,0.85,0.5,0.006513944167356084,0.08070900920811805,0.9904999732971191,0.020716915337493574,0.015993956880382427,12,100,100,51810
16,0.85,0.5,0.009542525683758019,0.0976858520142913,0.9854999780654907,0.03135519459425974,0.024206168989350484,10,100,100,66368
16,0.85,0.5,0.013979210457700486,0.11823371117283127,0.977899968624115,0.04392144590295922,0.03382935924321809,8,100,100,17849
16,0.85,0.5,0.020478679491876803,0.14310373682010125,0.9662999510765076,0.06661320221448237,0.050341455150871725,7,100,100,84769
16,0.85,0.5,0.03,0.17320508075688773,0.9505999684333801,0.09744801539051641,0.07417358866053836,6,100,100,91592
16,0.85,0.5,0.04947368421052632,0.22242680641174148,0.910099983215332,0.18524965399181223,0.1419456544127425,4,100,100,105
16,0.85,0.5,0.06894736842105263,0.26257830912139835,0.839199960231781,0.33575675406437616,0.262653677152538,4,100,100,37925
16,0.85,0.5,0.08842105263157896,0.29735677667001126,0.6882999539375305,0.6891025771325289,0.5344911696178493,3,100,100,71566
16,0.85,0.5,0.10789473684210528,0.3284733426658932,0.48829999566078186,1.4242581244173795,1.1042180290019095,3,100,100,51030
16,0.85,0.5,0.12736842105263158,0.35688712648767756,0.23119999468326569,3.244347511364437,2.248686725288644,3,100,100,84266
16,0.85,0.5,0.14684210526315788,0.38319982419510307,0.065700002014637,7.674103900236594,4.482967048284419,3,100,100,80317
16,0.85,0.5,0.16631578947368422,0.4078183290065372,0.040300000458955765,9.576687001967922,5.083578298877502,2,100,100,54987
16,0.85,0.5,0.18578947368421053,0.4310330308505492,0.0139999995008111,14.991475524441782,7.116843435652789,2,100,100,96269
16,0.85,0.5,0.20526315789473684,0.45305977298225986,0.0030999998562037945,26.830560636260874,11.326445432317781,2,100,100,69622
16,0.85,0.5,0.22473684210526315,0.4740641750915831,0.0008999999845400453,43.126641550121825,17.939415344758995,2,100,100,25741
16,0.85,0.5,0.2442105263157895,0.4941766144970738,0.00039999998989515007,64.71677760883856,27.817853854056498,2,100,100,53581
16,0.85,0.5,0.26368421052631574,0.513501908980206,9.999999747378752e-05,85.4472561348494,36.30189695930664,2,100,100,56356
16,0.85,0.5,0.28315789473684216,0.5321258260382051,0.0,105.97592195580968,43.53427869634629,2,100,100,27347
16,0.85,0.5,0.3026315789473685,0.5501196042201809,9.999999747378752e-05,148.60266217263631,70.84548013149535,2,100,100,33237
16,0.85,0.5,0.32210526315789473,0.5675431817561504,0.0,194.93191401986425,108.88714784466494,2,100,100,90306
16,0.85,0.5,0.3415789473684211,0.5844475574150525,0.0,257.38320907258446,135.2381229697798,2,100,100,93105
16,0.85,0.5,0.3610526315789474,0.6008765526952665,0.0,356.5473742268798,435.0149197228342,2,100,100,77512
16,0.85,0.5,0.3805263157894737,0.616868151057804,0.0,454.96472827930296,380.51025259555985,2,100,100,79156
16,0.85,0.5,0.4,0.6324555320336759,0.00019999999494757503,721.6578881650951,6036.430074997053,2,100,100,29113
16,0.85,1.0,1e-06,0.001,1.0,4.288998417825952e-06,3.320210965151868e-06,1000,100,100,17746
16,0.85,1.0,1.4649382061914714e-06,0.0012103463166348181,1.0,6.348657779250289e-06,4.804177912590331e-06,826,100,100,82888
16,0.85,1.0,2.1460439479594814e-06,0.0014649382061914698,1.0,9.560453421812554e-06,7.202659908789662e-06,683,100,100,47670
16,0.85,1.0,3.1438217715318246e-06,0.0017730825619614629,1.0,1.3817607230583917e-05,1.0324983984471211e-05,564,100,100,65041
16,0.85,1.0,4.605504626573514e-06,0.0021460439479594807,1.0,2.0127791429962373e-05,1.56713658553407e-05,466,100,100,54285
16,0.85,1.0,6.7467796862591274e-06,0.002597456387749201,1.0,2.9081397864445083e-05,2.229109474982969e-05,385,100,100,19638
16,0.85,1.0,9.883615331157482e-06,0.0031438217715318217,1.0,4.1728449524475766e-05,3.2146075138384494e-05,318,100,100,84445
16,0.85,1.0,1.4478885713912363e-05,0.0038051131013298886,1.0,6.20897109314683e-05,4.8514209596686595e-05,263,100,100,22296
16,0.85,1.0,2.1210672865390052e-05,0.004605504626573515,0.9998999834060669,9.088175333471327e-05,7.041503360957512e-05,217,100,100,27627
16,0.85,1.0,3.1072325059538616e-05,0.005574255561017867,1.0,0.00013336486743484102,0.00010086339984871174,179,100,100,12193
16,0.85,1.0,4.55190361349187e-05,0.0067467796862591195,0.9998999834060669,0.00019728635522509423,0.0001504290020931958,148,100,100,63830
16,0.85,1.0,6.668257514305255e-05,0.008165939942410338,1.0,0.0002856415303165875,0.00021861306437406819,122,100,100,3729
16,0.85,1.0,9.768585201429122e-05,0.009883615331157482,0.9995999932289124,0.0004221906191666449,0.0003184871073533605,101,100,100,56942
16,0.85,1.0,0.00014310373682010125,0.011962597411101873,0.9998999834060669,0.0006100019263273566,0.0004725218056287335,84,100,100,85762
16,0.85,1.0,0.0002096381315165353,0.014478885713912355,0.9994999766349792,0.0009097165424741548,0.0006889863871207955,69,100,100,67507
16,0.85,1.0,0.0003071069083331647,0.0175244659928103,0.9991999864578247,0.001322448890494269,0.0010194594876428297,57,100,100,90289
16,0.85,1.0,0.00044989264340259425,0.02121067286539006,0.9990999698638916,0.0019320079168997496,0.0014754387651262398,47,100,100,2704
16,0.85,1.0,0.000659064922004935,0.02567225977597093,0.9990999698638916,0.0028439176848615772,0.0021680170217878904,39,100,100,93993
16,0.85,1.0,0.0009654893846056303,0.031072325059538598,0.9977999925613403,0.004237955348633688,0.0032264691796115553,32,100,100,84053
16,0.85,1.0,0.0014143822871810778,0.03760827418509227,0.9965999722480774,0.006071743676264777,0.004727615986838563,27,100,100,15594
16,0.85,1.0,0.002071982650652037,0.04551903613491873,0.9961999654769897,0.008976614109944075,0.006861464803284569,22,100,100,26330
16,0.85,1.0,0.0030353265475060406,0.05509379772266603,0.9928999543190002,0.01326823889806774,0.010056573571891655,18,100,100,15288
16,0.85,1.0,0.004446565827708846,0.06668257514305252,0.9908999800682068,0.019099235780867117,0.014360964752627096,15,100,100,20706
16,0.85,1.0,0.006513944167356084,0.08070900920811805,0.9865999817848206,0.029011373659569194,0.02205162882089554,12,100,100,12482
16,0.85,1.0,0.009542525683758019,0.0976858520142913,0.9785999655723572,0.04158018251715077,0.03159755670753342,10,100,100,30293
16,0.85,1.0,0.013979210457700486,0.11823371117283127,0.9688999652862549,0.06130113742329984,0.04688999351031121,8,100,100,21359
16,0.85,1.0,0.020478679491876803,0.14310373682010125,0.9541999697685242,0.09108162824199789,0.0698695078867856,7,100,100,89314
16,0.85,1.0,0.03,0.17320508075688773,0.9265999794006348,0.13842102465194295,0.10611073300018985,6,100,100,32867
16,0.85,1.0,0.04947368421052632,0.22242680641174148,0.849399983882904,0.3089946988633386,0.24119517415706035,4,100,100,61458
16,0.85,1.0,0.06894736842105263,0.26257830912139835,0.6646999716758728,0.76486488523383,0.6028624147342858,4,100,100,56769
16,0.85,1.0,0.08842105263157896,0.29735677667001126,0.3862999975681305,1.9060448453759933,1.4361908489527357,3,100,100,41994
16,0.85,1.0,0.10789473684210528,0.3284733426658932,0.12409999966621399,5.139776547807192,3.1488189255613124,3,100,100,14649
16,0.85,1.0,0.12736842105263158,0.35688712648767756,0.02410000003874302,12.061798094458343,6.03553019462753,3,100,100,51709
16,0.85,1.0,0.14684210526315788,0.38319982419510307,0.003999999724328518,27.6503224828369,13.541980838279176,3,100,100,42890
16,0.85,1.0,0.16631578947368422,0.4078183290065372,0.003599999938160181,26.01992085564315,11.187219030025437,2,100,100,97488
16,0.85,1.0,0.18578947368421053,0.4310330308505492,0.0009999999310821295,44.46343457168387,18.038652842579104,2,100,100,128
16,0.85,1.0,0.20526315789473684,0.45305977298225986,0.00019999999494757503,64.06158420026519,26.423730774023387,2,100,100,95921
16,0.85,1.0,0.22473684210526315,0.4740641750915831,0.00029999998514540493,92.04135091564387,38.7185838774276,2,100,100,90773
16,0.85,1.0,0.2442105263157895,0.4941766144970738,0.0,120.57932373690089,57.62896438295367,2,100,100,65115
16,0.85,1.0,0.26368421052631574,0.513501908980206,0.0,183.0353670652641,118.66366447348503,2,100,100,40343
16,0.85,1.0,0.28315789473684216,0.5321258260382051,0.0,248.594658491847,1195.7023285519163,2,100,100,64152
16,0.85,1.0,0.3026315789473685,0.5501196042201809,0.00019999999494757503,262.4422639136702,1611.627432474639,2,100,100,28542
16,0.85,1.0,0.32210526315789473,0.5675431817561504,0.0,329.2305227515083,1047.1289375884583,2,100,100,86675
16,0.85,1.0,0.3415789473684211,0.5844475574150525,0.0,495.9020191694021,3839.795951424559,2,100,100,17873
16,0.85,1.0,0.3610526315789474,0.6008765526952665,0.0,865.3607687581447,16265.380647338827,2,100,100,96433
16,0.85,1.0,0.3805263157894737,0.616868151057804,0.0,1564.5187078850784,27667.531850335734,2,100,100,96099
16,0.85,1.0,0.4,0.6324555320336759,0.0,2768.2549133335237,27665.646607530194,2,100,100,96692
16,0.85,2.0,1e-06,0.001,1.0,5.108382758089647e-06,3.951600537845329e-06,1000,100,100,46799
16,0.85,2.0,1.4649382061914714e-06,0.0012103463166348181,1.0,7.559300468187758e-06,5.822675326687788e-06,826,100,100,88831
16,0.85,2.0,2.1460439479594814e-06,0.0014649382061914698,1.0,1.1040932467784615e-05,8.393896642123033e-06,683,100,100,64449
16,0.85,2.0,3.1438217715318246e-06,0.0017730825619614629,1.0,1.6326871589495797e-05,1.2526656555473923e-05,564,100,100,28585
16,0.85,2.0,4.605504626573514e-06,0.0021460439479594807,1.0,2.3750214188709152e-05,1.810588937406226e-05,466,100,100,78487
16,0.85,2.0,6.7467796862591274e-06,0.002597456387749201,1.0,3.449814239834836e-05,2.6460185071498238e-05,385,100,100,90162
16,0.85,2.0,9.883615331157482e-06,0.0031438217715318217,0.9998999834060669,5.0475916430349346e-05,3.884142773344354e-05,318,100,100,71266
16,0.85,2.0,1.4478885713912363e-05,0.0038051131013298886,1.0,7.508521257019539e-05,5.848502346770889e-05,263,100,100,80353
16,0.85,2.0,2.1210672865390052e-05,0.004605504626573515,1.0,0.00011058076331417511,8.544350592515202e-05,217,100,100,20116
16,0.85,2.0,3.1072325059538616e-05,0.005574255561017867,1.0,0.00016151640184776852,0.0001231391890440333,179,100,100,65512
16,0.85,2.0,4.55190361349187e-05,0.0067467796862591195,0.9996999502182007,0.00023407463183629603,0.00018115383007908585,148,100,100,47983
16,0.85,2.0,6.668257514305255e-05,0.008165939942410338,0.9997999668121338,0.00034457422152709685,0.0002622133807927758,122,100,100,122
16,0.85,2.0,9.768585201429122e-05,0.009883615331157482,0.9998999834060669,0.0005009117051327053,0.00038886190109389644,101,100,100,30841
16,0.85,2.0,0.00014310373682010125,0.011962597411101873,0.9995999932289124,0.0007292030012824967,0.0005504183598153351,84,100,100,15953
16,0.85,2.0,0.0002096381315165353,0.014478885713912355,0.9995999932289124,0.0010958302356953767,0.000846193104514184,69,100,100,32829
16,0.85,2.0,0.0003071069083331647,0.0175244659928103,0.9993999600410461,0.0016020078413759734,0.0012542961474671206,57,100,100,40875
16,0.85,2.0,0.00044989264340259425,0.02121067286539006,0.9985999464988708,0.0023049657918580635,0.0017501385484088698,47,100,100,99060
16,0.85,2.0,0.000659064922004935,0.02567225977597093,0.9975999593734741,0.0033740468539464135,0.002635207777913092,39,100,100,47672
16,0.85,2.0,0.0009654893846056303,0.031072325059538598,0.9975000023841858,0.005000893405000728,0.0038567495545566853,32,100,100,86373
16,0.85,2.0,0.0014143822871810778,0.03760827418509227,0.9966999888420105,0.007005742082813612,0.005328150686678219,27,100,100,69081
16,0.85,2.0,0.002071982650652037,0.04551903613491873,0.9948999881744385,0.010583532803450885,0.008255681041116148,22,100,100,21261
16,0.85,2.0,0.0030353265475060406,0.05509379772266603,0.9927999973297119,0.015642777823523177,0.01207135663857631,18,100,100,38209
16,0.85,2.0,0.004446565827708846,0.06668257514305252,0.9869999885559082,0.022855320883086998,0.017511069927733727,15,100,100,99142
16,0.85,2.0,0.006513944167356084,0.08070900920811805,0.9819999933242798,0.035704638589314795,0.02766248020303199,12,100,100,61897
16,0.85,2.0,0.009542525683758019,0.0976858520142913,0.9741999506950378,0.052278088846011296,0.03995841183075198,10,100,100,51030
16,0.85,2.0,0.013979210457700486,0.11823371117283127,0.9607999920845032,0.08114443631967372,0.062089313909539416,8,100,100,74337
16,0.85,2.0,0.020478679491876803,0.14310373682010125,0.9406999945640564,0.1154925988937318,0.08912708076943637,7,100,100,4153
16,0.85,2.0,0.03,0.17320508075688773,0.9030999541282654,0.1915431984010005,0.1494470944970027,6,100,100,10358
16,0.85,2.0,0.04947368421052632,0.22242680641174148,0.6699000000953674,0.7439990046093325,0.5898060043659652,4,100,100,68508
16,0.85,2.0,0.06894736842105263,0.26257830912139835,0.2352999895811081,3.346032974980854,2.2988415664266197,4,100,100,65994
16,0.85,2.0,0.08842105263157896,0.29735677667001126,0.04360000044107437,8.896592486250661,4.671833477250923,3,100,100,8731
16,0.85,2.0,0.10789473684210528,0.3284733426658932,0.003700000001117587,26.185787663938175,12.873674405172874,3,100,100,30001
16,0.85,2.0,0.12736842105263158,0.35688712648767756,0.00019999999494757503,70.03186483664014,24.33767047116311,3,100,100,17337
16,0.85,2.0,0.14684210526315788,0.38319982419510307,0.00039999998989515007,117.74176495561152,45.647982854535925,3,100,100,80408
16,0.85,2.0,0.16631578947368422,0.4078183290065372,0.0,91.02025749805743,38.97483665825201,2,100,100,46536
16,0.85,2.0,0.18578947368421053,0.4310330308505492,9.999999747378752e-05,144.07712583852629,62.685258750811755,2,100,100,78800
16,0.85,2.0,0.20526315789473684,0.45305977298225986,0.0,199.391933693673,108.8299265919973,2,100,100,86542
16,0.85,2.0,0.22473684210526315,0.4740641750915831,0.0,878.5747682940806,37227.37337476178,2,100,100,50095
16,0.85,2.0,0.2442105263157895,0.4941766144970738,0.0,2092.092579187251,58083.64681368076,2,100,100,79093
16,0.85,2.0,0.26368421052631574,0.513501908980206,0.0,6669.493817710618,112876.90156026083,2,100,100,90121
16,0.85,2.0,0.28315789473684216,0.5321258260382051,0.0,49791907494019.336,4978941781900243.0,2,100,100,8281
16,0.85,2.0,0.3026315789473685,0.5501196042201809,0.0,3088681023027.504,301258083217379.7,2,100,100,48907
16,0.85,2.0,0.32210526315789473,0.5675431817561504,0.0,3.0055333179637854e+19,2.9886967992899066e+21,2,100,100,71269
16,0.85,2.0,0.3415789473684211,0.5844475574150525,0.0,9.313922951964623e+22,9.312900682999599e+24,2,100,100,39277
16,0.85,2.0,0.3610526315789474,0.6008765526952665,0.0,4.2759843294600506e+28,4.2755862150024214e+30,2,100,100,83828
16,0.85,2.0,0.3805263157894737,0.616868151057804,0.0,1.0104782932069573e+28,6.948187787097891e+29,2,100,100,39035
16,0.85,2.0,0.4,0.6324555320336759,0.0,1.5876409504052105e+30,8.67606147172196e+31,2,100,100,757
16,0.85,5.0,1e-06,0.001,1.0,3.5642476528181535e-06,2.8995822702201354e-06,1000,100,100,44950
16,0.85,5.0,1.4649382061914714e-06,0.0012103463166348181,1.0,5.241141644563641e-06,4.308377395936147e-06,826,100,100,79642
16,0.85,5.0,2.1460439479594814e-06,0.0014649382061914698,1.0,7.725189693181278e-06,6.385801178289698e-06,683,100,100,38907
16,0.85,5.0,3.1438217715318246e-06,0.0017730825619614629,1.0,1.1163604680015738e-05,9.056267185965253e-06,564,100,100,72180
16,0.85,5.0,4.605504626573514e-06,0.0021460439479594807,1.0,1.659159856067163e-05,1.3909609874981517e-05,466,100,100,76635
16,0.85,5.0,6.7467796862591274e-06,0.002597456387749201,1.0,2.4114514851186186e-05,1.9339067683961885e-05,385,100,100,29006
16,0.85,5.0,9.883615331157482e-06,0.0031438217715318217,1.0,3.464057636987548e-05,2.8368137655473046e-05,318,100,100,89654
16,0.85,5.0,1.4478885713912363e-05,0.0038051131013298886,1.0,5.150448627216378e-05,4.289481665797455e-05,263,100,100,32756
16,0.85,5.0,2.1210672865390052e-05,0.004605504626573515,0.9998999834060669,7.539018427170561e-05,6.280850685775469e-05,217,100,100,66371
16,0.85,5.0,3.1072325059538616e-05,0.005574255561017867,0.9998999834060669,0.00011047947227304178,9.098514816966641e-05,179,100,100,38098
16,0.85,5.0,4.55190361349187e-05,0.0067467796862591195,0.9998999834060669,0.00016395424972238858,0.00013490665453956286,148,100,100,90891
16,0.85,5.0,6.668257514305255e-05,0.008165939942410338,0.9998999834060669,0.00023288176864709272,0.00019281905303366448,122,100,100,79121
16,0.85,5.0,9.768585201429122e-05,0.009883615331157482,0.9997999668121338,0.00034708173781403676,0.0002858932425854362,101,100,100,81287
16,0.85,5.0,0.00014310373682010125,0.011962597411101873,0.9994999766349792,0.000523155432328204,0.00042276978819548607,84,100,100,34179
16,0.85,5.0,0.0002096381315165353,0.014478885713912355,0.9997999668121338,0.0007350045040370674,0.0006011455904155118,69,100,100,75548
16,0.85,5.0,0.0003071069083331647,0.0175244659928103,0.9993999600410461,0.0011203946787744599,0.000933513779915322,57,100,100,79401
16,0.85,5.0,0.00044989264340259425,0.02121067286539006,0.9990999698638916,0.0015584061657954267,0.0013031523470128604,47,100,100,50099
16,0.85,5.0,0.000659064922004935,0.02567225977597093,0.9990999698638916,0.0023170898020815375,0.0018955464166452135,39,100,100,63029
16,0.85,5.0,0.0009654893846056303,0.031072325059538598,0.9985999464988708,0.0033973560839509844,0.002803021196923865,32,100,100,66831
16,0.85,5.0,0.0014143822871810778,0.03760827418509227,0.9971999526023865,0.005341170795959676,0.004275267032312973,27,100,100,34851
16,0.85,5.0,0.002071982650652037,0.04551903613491873,0.9954999685287476,0.007486256442231238,0.00611741315740004,22,100,100,78587
16,0.85,5.0,0.0030353265475060406,0.05509379772266603,0.9953999519348145,0.010568187968435235,0.008844177663218104,18,100,100,94990
16,0.85,5.0,0.004446565827708846,0.06668257514305252,0.9924999475479126,0.015639210513576147,0.012963038798072979,15,100,100,7554
16,0.85,5.0,0.006513944167356084,0.08070900920811805,0.9884999990463257,0.021709963828834312,0.01910098602816776,12,100,100,11530
16,0.85,5.0,0.009542525683758019,0.0976858520142913,0.9799999594688416,0.03734921205056083,0.03098020896854415,10,100,100,11223
16,0.85,5.0,0.013979210457700486,0.11823371117283127,0.9672999978065491,0.0666754896958499,0.05478015843038133,8,100,100,82111
16,0.85,5.0,0.020478679491876803,0.14310373682010125,0.8944000005722046,0.21776983202345482,0.1714593805685059,7,100,100,17241
16,0.85,5.0,0.03,0.17320508075688773,0.5988999605178833,0.9526314627125503,0.7329456236148779,6,100,100,49574
16,0.85,5.0,0.04947368421052632,0.22242680641174148,0.049300000071525574,9.064604759824721,4.77144069029569,4,100,100,78772
16,0.85,5.0,0.06894736842105263,0.26257830912139835,0.0,165.04967943264882,42.2213947913135,4,100,100,38937
16,0.85,5.0,0.08842105263157896,0.29735677667001126,0.0,296.8548926890111,71.6683665069711,3,100,100,97917
16,0.85,5.0,0.10789473684210528,0.3284733426658932,0.0,1414.6817615592815,22559.48448574532,3,100,100,77446
16,0.85,5.0,0.12736842105263158,0.35688712648767756,0.0,5.446867799869558e+37,4.6467887750095486e+39,3,100,100,33680
16,0.85,5.0,0.14684210526315788,0.38319982419510307,0.0,2.9775177698237276e+65,1.3240920572963965e+67,3,100,100,22990
16,0.85,5.0,0.16631578947368422,0.4078183290065372,0.0,4047962.028611789,353393261.94804794,2,100,100,86690
16,0.85,5.0,0.18578947368421053,0.4310330308505492,0.0,8.348393188511163e+20,8.347039425789358e+22,2,100,100,65906
16,0.85,5.0,0.20526315789473684,0.45305977298225986,0.0,6.923656876816063e+23,5.625634934923848e+25,2,100,100,56998
16,0.85,5.0,0.22473684210526315,0.4740641750915831,0.0,5.225734757045571e+35,5.22545930118075e+37,2,100,100,48824
16,0.85,5.0,0.2442105263157895,0.4941766144970738,0.0,6.3447468961841744e+35,3.5619168581430717e+37,2,100,100,5154
16,0.85,5.0,0.26368421052631574,0.513501908980206,0.0,2.4714485467666795e+41,2.38340279596703e+43,2,100,100,5011
16,0.85,5.0,0.28315789473684216,0.5321258260382051,0.0,6.1033016109819055e+44,4.079930676756667e+46,2,100,100,88084
16,0.85,5.0,0.3026315789473685,0.5501196042201809,0.0,1.0534467716783826e+48,5.886683239223171e+49,2,100,100,29737
16,0.85,5.0,0.32210526315789473,0.5675431817561504,0.0,8.073621917990203e+52,7.471562905226647e+54,2,100,100,4704
16,0.85,5.0,0.3415789473684211,0.5844475574150525,0.0,2.9286521709205893e+57,2.464375528072148e+59,2,100,100,75022
16,0.85,5.0,0.3610526315789474,0.6008765526952665,0.0,5.273454529917741e+59,4.358634445016426e+61,2,100,100,47131
16,0.85,5.0,0.3805263157894737,0.616868151057804,0.0,2.1910122200836148e+64,2.1753077145376433e+66,2,100,100,5000
16,0.85,5.0,0.4,0.6324555320336759,0.0,2.0511595698909423e+66,2.048659937006911e+68,2,100,100,69394
16,0.85,10.0,1e-06,0.001,1.0,1.349307046117403e-05,1.0356174318350557e-05,1000,100,100,69254
16,0.85,10.0,1.4649382061914714e-06,0.0012103463166348181,1.0,1.9778144315979065e-05,1.530318466657086e-05,826,100,100,29248
16,0.85,10.0,2.1460439479594814e-06,0.0014649382061914698,1.0,2.9562959574499814e-05,2.244047051219382e-05,683,100,100,17477
16,0.85,10.0,3.1438217715318246e-06,0.0017730825619614629,0.9998999834060669,4.223926234292748e-05,3.2343340958820997e-05,564,100,100,97859
16,0.85,10.0,4.605504626573514e-06,0.0021460439479594807,0.9996999502182007,6.26907188639791e-05,4.711612071297263e-05,466,100,100,78959
16,0.85,10.0,6.7467796862591274e-06,0.002597456387749201,0.9997999668121338,8.999769264088116e-05,6.958940618503748e-05,385,100,100,190
16,0.85,10.0,9.883615331157482e-06,0.0031438217715318217,1.0,0.00013282921627664663,0.00010052714302063552,318,100,100,76727
16,0.85,10.0,1.4478885713912363e-05,0.0038051131013298886,0.9997999668121338,0.00019468750064161142,0.00014998635370192112,263,100,100,97450
16,0.85,10.0,2.1210672865390052e-05,0.004605504626573515,0.9997999668121338,0.00028007303161449004,0.00021421458539177805,217,100,100,57733
16,0.85,10.0,3.1072325059538616e-05,0.005574255561017867,0.9997999668121338,0.00042021046705811074,0.00032408919877221457,179,100,100,14388
16,0.85,10.0,4.55190361349187e-05,0.0067467796862591195,1.0,0.0006001056235996295,0.0004638912091657842,148,100,100,21140
16,0.85,10.0,6.668257514305255e-05,0.008165939942410338,0.9993000030517578,0.000876919360008619,0.0006731624977667198,122,100,100,87544
16,0.85,10.0,9.768585201429122e-05,0.009883615331157482,1.0,0.0013213109536001548,0.0010016478133738952,101,100,100,92941
16,0.85,10.0,0.00014310373682010125,0.011962597411101873,0.9991999864578247,0.0019846147136079054,0.0015013704721300559,84,100,100,59773
16,0.85,10.0,0.0002096381315165353,0.014478885713912355,0.9983999729156494,0.0028682585548419136,0.002197482182206291,69,100,100,64051
16,0.85,10.0,0.0003071069083331647,0.0175244659928103,0.9975999593734741,0.004119524468069711,0.0031105873071390665,57,100,100,2427
16,0.85,10.0,0.00044989264340259425,0.02121067286539006,0.9975000023841858,0.005899500891324038,0.004620700899370848,47,100,100,74421
16,0.85,10.0,0.000659064922004935,0.02567225977597093,0.9946999549865723,0.009081482932324672,0.006812441053783173,39,100,100,60961
16,0.85,10.0,0.0009654893846056303,0.031072325059538598,0.9926999807357788,0.013108970883269965,0.010057147141122939,32,100,100,18726
16,0.85,10.0,0.0014143822871810778,0.03760827418509227,0.9902999997138977,0.019469625722026325,0.014914916357873238,27,100,100,52620
16,0.85,10.0,0.002071982650652037,0.04551903613491873,0.9851999878883362,0.027925001176427395,0.021157713939073005,22,100,100,92369
16,0.85,10.0,0.0030353265475060406,0.05509379772266603,0.9800999760627747,0.0423506893341406,0.03240472525162685,18,100,100,49232
16,0.85,10.0,0.004446565827708846,0.06668257514305252,0.9688999652862549,0.06270379734716039,0.04783965122533327,15,100,100,33916
16,0.85,10.0,0.006513944167356084,0.08070900920811805,0.9556999802589417,0.08989217796321054,0.06919550661313058,12,100,100,28700
16,0.85,10.0,0.009542525683758019,0.0976858520142913,0.927899956703186,0.14735178573532012,0.11233160960780815,10,100,100,67489
16,0.85,10.0,0.013979210457700486,0.11823371117283127,0.8560000061988831,0.30329769026671205,0.2452982047303746,8,100,100,32372
16,0.85,10.0,0.020478679491876803,0.14310373682010125,0.5306000113487244,1.2299319182144623,0.9984373376217588,7,100,100,40037
16,0.85,10.0,0.03,0.17320508075688773,0.0,135.50728236581693,44.036704367386776,6,100,100,91846
16,0.85,10.0,0.04947368421052632,0.22242680641174148,0.0,896.0407199588111,326.0221907536858,4,100,100,63426
16,0.85,10.0,0.06894736842105263,0.26257830912139835,0.0,7.009661272768948e+59,6.586033356671757e+61,4,100,100,54042
16,0.85,10.0,0.08842105263157896,0.29735677667001126,0.0,1.2659799992732984e+66,8.241007579644094e+67,3,100,100,81330
16,0.85,10.0,0.10789473684210528,0.3284733426658932,0.0,9.000614602300292e+149,9.000164560318865e+151,3,100,100,86785
16,0.85,10.0,0.12736842105263158,0.35688712648767756,0.0,2.0229256595324728e+260,inf,3,100,100,97495
16,0.85,10.0,0.14684210526315788,0.38319982419510307,0.0,inf,nan,3,100,100,63833
16,0.85,10.0,0.16631578947368422,0.4078183290065372,0.0,2.0270424933583165e+41,1.184474721722743e+43,2,100,100,70769
16,0.85,10.0,0.18578947368421053,0.4310330308505492,0.0,9.003915284885846e+50,6.983280447914513e+52,2,100,100,86069
16,0.85,10.0,0.20526315789473684,0.45305977298225986,0.0,1.766892851107975e+54,1.0678059357926382e+56,2,100,100,13447
16,0.85,10.0,0.22473684210526315,0.4740641750915831,0.0,1.4158305703119204e+61,1.4076957360345914e+63,2,100,100,56732
16,0.85,10.0,0.2442105263157895,0.4941766144970738,0.0,1.8193174009709358e+65,1.6623702988085897e+67,2,100,100,39745
16,0.85,10.0,0.26368421052631574,0.513501908980206,0.0,1.1809505396065386e+69,8.126105910775838e+70,2,100,100,70584
16,0.85,10.0,0.28315789473684216,0.5321258260382051,0.0,9.965878586332593e+73,7.211362823779815e+75,2,100,100,98066
16,0.85,10.0,0.3026315789473685,0.5501196042201809,0.0,1.2239201231811449e+89,1.2238589256441096e+91,2,100,100,76394
16,0.85,10.0,0.32210526315789473,0.5675431817561504,0.0,6.285113052716218e+86,6.284780446561048e+88,2,100,100,33159
16,0.85,10.0,0.3415789473684211,0.5844475574150525,0.0,1.2941206248232365e+87,7.811219892209093e+88,2,100,100,33178
16,0.85,10.0,0.3610526315789474,0.6008765526952665,0.0,3.9669921757861863e+102,3.966780777988321e+104,2,100,100,82799
16,0.85,10.0,0.3805263157894737,0.616868151057804,0.0,6.551872082507289e+114,6.551532668954353e+116,2,100,100,35272
16,0.85,10.0,0.4,0.6324555320336759,0.0,1.1030118889463301e+121,1.0997878369185581e+123,2,100,100,20872
16,0.85,100.0,1e-06,0.001,1.0,4.453967753511279e-05,3.410371830594553e-05,1000,100,100,54165
16,0.85,100.0,1.4649382061914714e-06,0.0012103463166348181,0.9998999834060669,6.487817716146083e-05,4.997138542151077e-05,826,100,100,21144
16,0.85,100.0,2.1460439479594814e-06,0.0014649382061914698,1.0,9.822712567084864e-05,7.515654729636857e-05,683,100,100,43282
16,0.85,100.0,3.1438217715318246e-06,0.0017730825619614629,1.0,0.0001462961686170786,0.00011389259973980693,564,100,100,99583
16,0.85,100.0,4.605504626573514e-06,0.0021460439479594807,1.0,0.00021558334463123288,0.00016707249662085486,466,100,100,28180
16,0.85,100.0,6.7467796862591274e-06,0.002597456387749201,1.0,0.000313744047216386,0.00024061608192739215,385,100,100,96156
16,0.85,100.0,9.883615331157482e-06,0.0031438217715318217,0.9997999668121338,0.00047286064248820594,0.00035626259686580405,318,100,100,15624
16,0.85,100.0,1.4478885713912363e-05,0.0038051131013298886,0.9994999766349792,0.0006910254283650716,0.0005348577093484168,263,100,100,64530
16,0.85,100.0,2.1210672865390052e-05,0.004605504626573515,0.9996999502182007,0.0010036579270074186,0.0007624460863165827,217,100,100,5779
16,0.85,100.0,3.1072325059538616e-05,0.005574255561017867,0.9994999766349792,0.0015268655299973887,0.0011821910141769866,179,100,100,63100
16,0.85,100.0,4.55190361349187e-05,0.0067467796862591195,0.9987999796867371,0.0020893129000025623,0.001557584541524667,148,100,100,50591
16,0.85,100.0,6.668257514305255e-05,0.008165939942410338,0.9982999563217163,0.0032538337802278765,0.0024464144089402394,122,100,100,82983
16,0.85,100.0,9.768585201429122e-05,0.009883615331157482,0.9979999661445618,0.004569283576113026,0.003346382770568302,101,100,100,77704
16,0.85,100.0,0.00014310373682010125,0.011962597411101873,0.9964999556541443,0.006582160781037414,0.004782122908594918,84,100,100,98744
16,0.85,100.0,0.0002096381315165353,0.014478885713912355,0.9941999912261963,0.010669428257792345,0.008234714915182328,69,100,100,96570
16,0.85,100.0,0.0003071069083331647,0.0175244659928103,0.9914999604225159,0.01452967159306889,0.011166257952610212,57,100,100,29776
16,0.85,100.0,0.00044989264340259425,0.02121067286539006,0.9888999462127686,0.02145983288088876,0.016359049754168672,47,100,100,93685
16,0.85,100.0,0.000659064922004935,0.02567225977597093,0.9811999797821045,0.03610990653100652,0.027273125747426966,39,100,100,47815
16,0.85,100.0,0.0009654893846056303,0.031072325059538598,0.9745000004768372,0.052719505153925914,0.04034522459316675,32,100,100,39102
16,0.85,100.0,0.0014143822871810778,0.03760827418509227,0.9523999691009521,0.09327241565823419,0.07065418968558716,27,100,100,48075
16,0.85,100.0,0.002071982650652037,0.04551903613491873,0.004399999976158142,278.7752548530105,294.5887170937164,22,100,100,26499
16,0.85,100.0,0.0030353265475060406,0.05509379772266603,0.0,nan,nan,18,100,100,68407
16,0.85,100.0,0.004446565827708846,0.06668257514305252,0.0,nan,nan,15,100,100,45731
16,0.85,100.0,0.006513944167356084,0.08070900920811805,0.0,nan,nan,12,100,100,40174
16,0.85,100.0,0.009542525683758019,0.0976858520142913,0.0,nan,nan,10,100,100,17572
16,0.85,100.0,0.013979210457700486,0.11823371117283127,0.0,nan,nan,8,100,100,78893
16,0.85,100.0,0.020478679491876803,0.14310373682010125,0.0,nan,nan,7,100,100,43261
16,0.85,100.0,0.03,0.17320508075688773,0.0,nan,nan,6,100,100,13073
16,0.85,100.0,0.04947368421052632,0.22242680641174148,0.0,nan,nan,4,100,100,81504
16,0.85,100.0,0.06894736842105263,0.26257830912139835,0.0,nan,nan,4,100,100,35826
16,0.85,100.0,0.08842105263157896,0.29735677667001126,0.0,nan,nan,3,100,100,89456
16,0.85,100.0,0.10789473684210528,0.3284733426658932,0.0,nan,nan,3,100,100,11879
16,0.85,100.0,0.12736842105263158,0.35688712648767756,0.0,nan,nan,3,100,100,39681
16,0.85,100.0,0.14684210526315788,0.38319982419510307,0.0,nan,nan,3,100,100,74936
16,0.85,100.0,0.16631578947368422,0.4078183290065372,0.0,7.047473266542953e+190,inf,2,100,100,56094
16,0.85,100.0,0.18578947368421053,0.4310330308505492,0.0,1.694918860388818e+207,inf,2,100,100,85823
16,0.85,100.0,0.20526315789473684,0.45305977298225986,0.0,3.0869003605060345e+216,inf,2,100,100,70314
16,0.85,100.0,0.22473684210526315,0.4740641750915831,0.0,5.665756121306912e+226,inf,2,100,100,81477
16,0.85,100.0,0.2442105263157895,0.4941766144970738,0.0,3.1286804039865696e+231,inf,2,100,100,65293
16,0.85,100.0,0.26368421052631574,0.513501908980206,0.0,6.51725049537729e+248,inf,2,100,100,93665
16,0.85,100.0,0.28315789473684216,0.5321258260382051,0.0,8.168126079191462e+250,inf,2,100,100,37109
16,0.85,100.0,0.3026315789473685,0.5501196042201809,0.0,4.363985184952086e+259,inf,2,100,100,63917
16,0.85,100.0,0.32210526315789473,0.5675431817561504,0.0,1.1547394769131715e+266,inf,2,100,100,49555
16,0.85,100.0,0.3415789473684211,0.5844475574150525,0.0,3.6997810052864456e+271,inf,2,100,100,89563
16,0.85,100.0,0.3610526315789474,0.6008765526952665,0.0,3.2403621475946454e+287,inf,2,100,100,53201
16,0.85,100.0,0.3805263157894737,0.616868151057804,0.0,3.1507858634186933e+286,inf,2,100,100,77884
16,0.85,100.0,0.4,0.6324555320336759,0.0,1.0939495030061074e+298,inf,2,100,100,17446
16,0.44,0.1,1e-06,0.001,1.0,1.115945816299302e-06,8.609402724993668e-07,1000,100,100,23685
16,0.44,0.1,1.4649382061914714e-06,0.0012103463166348181,1.0,1.6622033091763912e-06,1.276700786316232e-06,826,100,100,19107
16,0.44,0.1,2.1460439479594814e-06,0.0014649382061914698,1.0,2.3924755132838983e-06,1.8298096296506748e-06,683,100,100,72734
16,0.44,0.1,3.1438217715318246e-06,0.0017730825619614629,1.0,3.595287317162388e-06,2.7348418648404154e-06,564,100,100,86161
16,0.44,0.1,4.605504626573514e-06,0.0021460439479594807,1.0,5.198244292527932e-06,3.988909030803517e-06,466,100,100,37506
16,0.44,0.1,6.7467796862591274e-06,0.002597456387749201,1.0,7.6271493972910775e-06,5.783361709856612e-06,385,100,100,23748
16,0.44,0.1,9.883615331157482e-06,0.0031438217715318217,1.0,1.1182627762867982e-05,8.464734230614906e-06,318,100,100,86185
16,0.44,0.1,1.4478885713912363e-05,0.0038051131013298886,1.0,1.6388506662755733e-05,1.2534509752520033e-05,263,100,100,86099
16,0.44,0.1,2.1210672865390052e-05,0.004605504626573515,0.9998999834060669,2.418616065492074e-05,1.8456480060016578e-05,217,100,100,4286
16,0.44,0.1,3.1072325059538616e-05,0.005574255561017867,1.0,3.580038302978608e-05,2.7391029489673398e-05,179,100,100,80710
16,0.44,0.1,4.55190361349187e-05,0.0067467796862591195,1.0,5.177908394786215e-05,3.952079205755402e-05,148,100,100,84569
16,0.44,0.1,6.668257514305255e-05,0.008165939942410338,1.0,7.659236864866302e-05,5.818664220356762e-05,122,100,100,3363
16,0.44,0.1,9.768585201429122e-05,0.009883615331157482,1.0,0.00011027870825338227,8.346758632476868e-05,101,100,100,85090
16,0.44,0.1,0.00014310373682010125,0.011962597411101873,0.9997999668121338,0.00016465537642691006,0.00012613429164287732,84,100,100,53032
16,0.44,0.1,0.0002096381315165353,0.014478885713912355,1.0,0.00023728374121610471,0.00018198022248785655,69,100,100,1769
16,0.44,0.1,0.0003071069083331647,0.0175244659928103,1.0,0.0003487683404102683,0.000263863751717036,57,100,100,24140
16,0.44,0.1,0.00044989264340259425,0.02121067286539006,0.9998999834060669,0.000505038152690598,0.0003870142153038124,47,100,100,74378
16,0.44,0.1,0.000659064922004935,0.02567225977597093,0.9994999766349792,0.0007476702481954462,0.0005670097329004278,39,100,100,11458
16,0.44,0.1,0.0009654893846056303,0.031072325059538598,0.9990999698638916,0.0010845333185554055,0.0008290316026922359,32,100,100,61585
16,0.44,0.1,0.0014143822871810778,0.03760827418509227,0.9994999766349792,0.001628771495087918,0.0012404720362570885,27,100,100,4733
16,0.44,0.1,0.002071982650652037,0.04551903613491873,0.9983999729156494,0.002367610927172916,0.0018009231336220805,22,100,100,50299
16,0.44,0.1,0.0030353265475060406,0.05509379772266603,0.9988999962806702,0.0034606733908040073,0.002623899812450417,18,100,100,61912
16,0.44,0.1,0.004446565827708846,0.06668257514305252,0.9976999759674072,0.00499052542336253,0.0037412822756786937,15,100,100,4306
16,0.44,0.1,0.006513944167356084,0.08070900920811805,0.9960999488830566,0.007262419890714974,0.0055304701167830555,12,100,100,32578
16,0.44,0.1,0.009542525683758019,0.0976858520142913,0.9953999519348145,0.010775921525502769,0.00823668416042776,10,100,100,82634
16,0.44,0.1,0.013979210457700486,0.11823371117283127,0.9922999739646912,0.015280624985938948,0.011512044811358835,8,100,100,30139
16,0.44,0.1,0.020478679491876803,0.14310373682010125,0.9890999794006348,0.023366164479624172,0.017942157447123665,7,100,100,31022
16,0.44,0.1,0.03,0.17320508075688773,0.9827999472618103,0.03540564339682834,0.027055781899494587,6,100,100,70894
16,0.44,0.1,0.04947368421052632,0.22242680641174148,0.973800003528595,0.053482262324199156,0.04050002492373001,4,100,100,64721
16,0.44,0.1,0.06894736842105263,0.26257830912139835,0.9589999914169312,0.0872959988786782,0.06652706606613885,4,100,100,90767
16,0.44,0.1,0.08842105263157896,0.29735677667001126,0.9475999474525452,0.10160160859308587,0.07797144369591436,3,100,100,81309
16,0.44,0.1,0.10789473684210528,0.3284733426658932,0.9321999549865723,0.13833644134971637,0.10521065146576,3,100,100,98622
16,0.44,0.1,0.12736842105263158,0.35688712648767756,0.913100004196167,0.18345562793288628,0.14027065455134569,3,100,100,54160
16,0.44,0.1,0.14684210526315788,0.38319982419510307,0.8853999972343445,0.23203524058496225,0.18008688453802285,3,100,100,36252
16,0.44,0.1,0.16631578947368422,0.4078183290065372,0.882599949836731,0.23990147111254378,0.18796252303123817,2,100,100,3883
16,0.44,0.1,0.18578947368421053,0.4310330308505492,0.8410999774932861,0.31978085742360207,0.25011241741932755,2,100,100,76703
16,0.44,0.1,0.20526315789473684,0.45305977298225986,0.7949000000953674,0.42483346951123085,0.33473758158808187,2,100,100,61348
16,0.44,0.1,0.22473684210526315,0.4740641750915831,0.7389999628067017,0.5562323393540055,0.4418567611459683,2,100,100,36698
16,0.44,0.1,0.2442105263157895,0.4941766144970738,0.6733999848365784,0.7390641004714711,0.5884485557596133,2,100,100,22565
16,0.44,0.1,0.26368421052631574,0.513501908980206,0.5988999605178833,0.9583638952777369,0.7517951005744957,2,100,100,66888
16,0.44,0.1,0.28315789473684216,0.5321258260382051,0.5148000121116638,1.2676528255583321,0.9868517178354577,2,100,100,63188
16,0.44,0.1,0.3026315789473685,0.5501196042201809,0.4377000033855438,1.6357430116557339,1.2521823831857504,2,100,100,42404
16,0.44,0.1,0.32210526315789473,0.5675431817561504,0.3452000021934509,2.1676729913508637,1.600725870877306,2,100,100,46171
16,0.44,0.1,0.3415789473684211,0.5844475574150525,0.28129997849464417,2.776955619313357,2.0071219900199964,2,100,100,66437
16,0.44,0.1,0.3610526315789474,0.6008765526952665,0.21040000021457672,3.5685343298143586,2.455224513523313,2,100,100,15978
16,0.44,0.1,0.3805263157894737,0.616868151057804,0.155799999833107,4.634165264104144,3.0217456244647054,2,100,100,30072
16,0.44,0.1,0.4,0.6324555320336759,0.10569999366998672,5.841524702942777,3.543494448442501,2,100,100,71184
16,0.44,0.5,1e-06,0.001,1.0,2.7306237789872514e-06,2.0833581305789e-06,1000,100,100,12465
16,0.44,0.5,1.4649382061914714e-06,0.0012103463166348181,1.0,4.059278366108288e-06,3.086625459233034e-06,826,100,100,85852
16,0.44,0.5,2.1460439479594814e-06,0.0014649382061914698,1.0,5.96745028369412e-06,4.514495120972847e-06,683,100,100,30294
16,0.44,0.5,3.1438217715318246e-06,0.0017730825619614629,1.0,8.611851162159212e-06,6.533087874984673e-06,564,100,100,33465
16,0.44,0.5,4.605504626573514e-06,0.0021460439479594807,1.0,1.2386762282149278e-05,9.459331748223107e-06,466,100,100,25038
16,0.44,0.5,6.7467796862591274e-06,0.002597456387749201,1.0,1.8414385396895485e-05,1.4198409269063723e-05,385,100,100,63300
16,0.44,0.5,9.883615331157482e-06,0.0031438217715318217,1.0,2.7222366583963266e-05,2.051256580512489e-05,318,100,100,39901
16,0.44,0.5,1.4478885713912363e-05,0.0038051131013298886,1.0,3.947667984285417e-05,3.0112056602360368e-05,263,100,100,94677
16,0.44,0.5,2.1210672865390052e-05,0.004605504626573515,1.0,5.748085567310639e-05,4.36945099509443e-05,217,100,100,55858
16,0.44,0.5,3.1072325059538616e-05,0.005574255561017867,0.9998999834060669,8.693473411954074e-05,6.641743355725323e-05,179,100,100,73484
16,0.44,0.5,4.55190361349187e-05,0.0067467796862591195,0.9998999834060669,0.0001250636061482666,9.504721863449282e-05,148,100,100,3312
16,0.44,0.5,6.668257514305255e-05,0.008165939942410338,0.9997999668121338,0.00018629655043001777,0.00014109896192006027,122,100,100,1679
16,0.44,0.5,9.768585201429122e-05,0.009883615331157482,1.0,0.00026705127901740085,0.00020275752108429453,101,100,100,16648
16,0.44,0.5,0.00014310373682010125,0.011962597411101873,0.9995999932289124,0.0003938602450709894,0.00030042609283445796,84,100,100,15370
16,0.44,0.5,0.0002096381315165353,0.014478885713912355,0.9995999932289124,0.0005812130086108425,0.00044729461536684785,69,100,100,82189
16,0.44,0.5,0.0003071069083331647,0.0175244659928103,0.9991999864578247,0.0008493015895874373,0.0006490789881826058,57,100,100,31444
16,0.44,0.5,0.00044989264340259425,0.02121067286539006,0.9995999932289124,0.0012499560638375442,0.0009457581624278578,47,100,100,51208
16,0.44,0.5,0.000659064922004935,0.02567225977597093,0.9994999766349792,0.001810371686030593,0.001387347426336592,39,100,100,93706
16,0.44,0.5,0.0009654893846056303,0.031072325059538598,0.9988999962806702,0.002618897697442364,0.00200161483141062,32,100,100,51185
16,0.44,0.5,0.0014143822871810778,0.03760827418509227,0.9970999956130981,0.0038798860721908288,0.0029486944468438085,27,100,100,20878
16,0.44,0.5,0.002071982650652037,0.04551903613491873,0.9971999526023865,0.005709921941550112,0.0043927407479004725,22,100,100,47702
16,0.44,0.5,0.0030353265475060406,0.05509379772266603,0.9957000017166138,0.008494555287541485,0.006494785210349995,18,100,100,77072
16,0.44,0.5,0.004446565827708846,0.06668257514305252,0.9943999648094177,0.012044553020897035,0.00930783565683897,15,100,100,90414
16,0.44,0.5,0.006513944167356084,0.08070900920811805,0.990399956703186,0.017894405015348724,0.01363764403560383,12,100,100,16111
16,0.44,0.5,0.009542525683758019,0.0976858520142913,0.9863999485969543,0.025979251618334184,0.019702913518602476,10,100,100,24326
16,0.44,0.5,0.013979210457700486,0.11823371117283127,0.9799000024795532,0.03896853383030447,0.029883407764500363,8,100,100,3580
16,0.44,0.5,0.020478679491876803,0.14310373682010125,0.9695000052452087,0.058813605428961004,0.04421864990656455,7,100,100,401
16,0.44,0.5,0.03,0.17320508075688773,0.9581999778747559,0.08687725362981898,0.06617475977636482,6,100,100,57851
16,0.44,0.5,0.04947368421052632,0.22242680641174148,0.9333999752998352,0.13915609877265375,0.10615152545639994,4,100,100,24074
16,0.44,0.5,0.06894736842105263,0.26257830912139835,0.8939999938011169,0.21637503278015613,0.16585033536547442,4,100,100,5055
16,0.44,0.5,0.08842105263157896,0.29735677667001126,0.8504999876022339,0.30566993120703384,0.23813952367594382,3,100,100,57375
16,0.44,0.5,0.10789473684210528,0.3284733426658932,0.7818999886512756,0.46717629424032886,0.37035005019073186,3,100,100,54468
16,0.44,0.5,0.12736842105263158,0.35688712648767756,0.6686999797821045,0.751960448301612,0.5995296213600849,3,100,100,30709
16,0.44,0.5,0.14684210526315788,0.38319982419510307,0.5295999646186829,1.198503896043552,0.9381476727210356,3,100,100,70374
16,0.44,0.5,0.16631578947368422,0.4078183290065372,0.4690999984741211,1.5097164164177426,1.1982327431755893,2,100,100,65279
16,0.44,0.5,0.18578947368421053,0.4310330308505492,0.3384000062942505,2.3170252415234445,1.7388494827179166,2,100,100,65090
16,0.44,0.5,0.20526315789473684,0.45305977298225986,0.2248999923467636,3.3805819689974625,2.4002586333340465,2,100,100,12434
16,0.44,0.5,0.22473684210526315,0.4740641750915831,0.13099999725818634,5.083559417903288,3.238071316265335,2,100,100,85970
16,0.44,0.5,0.2442105263157895,0.4941766144970738,0.07660000026226044,7.040214063386772,4.1251659911407765,2,100,100,5294
16,0.44,0.5,0.26368421052631574,0.513501908980206,0.03659999743103981,9.47614179924761,4.986272239994123,2,100,100,69036
16,0.44,0.5,0.28315789473684216,0.5321258260382051,0.021900000050663948,11.835663079645402,5.847875546152887,2,100,100,57559
16,0.44,0.5,0.3026315789473685,0.5501196042201809,0.012600000016391277,14.889979061352706,7.050767505605664,2,100,100,47250
16,0.44,0.5,0.32210526315789473,0.5675431817561504,0.006399999838322401,17.298841018211423,7.592284016510166,2,100,100,29455
16,0.44,0.5,0.3415789473684211,0.5844475574150525,0.003599999938160181,21.09993792466002,8.89602967696357,2,100,100,19140
16,0.44,0.5,0.3610526315789474,0.6008765526952665,0.0017999999690800905,23.93068885728252,10.133152115013067,2,100,100,99731
16,0.44,0.5,0.3805263157894737,0.616868151057804,0.0010999999940395355,27.173765413687235,11.229575747975668,2,100,100,72614
16,0.44,0.5,0.4,0.6324555320336759,0.001500000013038516,30.99387805346298,13.363924573283233,2,100,100,58952
16,0.44,1.0,1e-06,0.001,1.0,4.19739697431325e-06,3.156997411681081e-06,1000,100,100,60749
16,0.44,1.0,1.4649382061914714e-06,0.0012103463166348181,1.0,6.190449608360637e-06,4.723041630345159e-06,826,100,100,38415
16,0.44,1.0,2.1460439479594814e-06,0.0014649382061914698,1.0,8.87551283149719e-06,6.714781433900572e-06,683,100,100,67562
16,0.44,1.0,3.1438217715318246e-06,0.0017730825619614629,1.0,1.3285817915743793e-05,1.0009139043958922e-05,564,100,100,95545
16,0.44,1.0,4.605504626573514e-06,0.0021460439479594807,1.0,1.993780700909653e-05,1.5144968611447247e-05,466,100,100,38695
16,0.44,1.0,6.7467796862591274e-06,0.002597456387749201,0.9997999668121338,2.8544320477400476e-05,2.13802171747156e-05,385,100,100,89403
16,0.44,1.0,9.883615331157482e-06,0.0031438217715318217,0.9998999834060669,4.177706607544849e-05,3.151280953912816e-05,318,100,100,77647
16,0.44,1.0,1.4478885713912363e-05,0.0038051131013298886,0.9998999834060669,6.102158876304529e-05,4.613615720555673e-05,263,100,100,51730
16,0.44,1.0,2.1210672865390052e-05,0.004605504626573515,1.0,8.982915113398563e-05,6.845638591759441e-05,217,100,100,46456
16,0.44,1.0,3.1072325059538616e-05,0.005574255561017867,1.0,0.00013215226821854955,0.00010101042500530745,179,100,100,17934
16,0.44,1.0,4.55190361349187e-05,0.0067467796862591195,0.9998999834060669,0.0001912975089006153,0.00014667943830995662,148,100,100,94150
16,0.44,1.0,6.668257514305255e-05,0.008165939942410338,0.9997999668121338,0.0002808524962933028,0.00021302817583266273,122,100,100,88598
16,0.44,1.0,9.768585201429122e-05,0.009883615331157482,0.9998999834060669,0.00042175795073923726,0.00031887216654495046,101,100,100,5568
16,0.44,1.0,0.00014310373682010125,0.011962597411101873,0.9996999502182007,0.0006059752284888724,0.0004550915189708024,84,100,100,56646
16,0.44,1.0,0.0002096381315165353,0.014478885713912355,0.9995999932289124,0.000888015923003043,0.0006771926497473003,69,100,100,44281
16,0.44,1.0,0.0003071069083331647,0.0175244659928103,0.9993000030517578,0.0012913324132416278,0.0009784424500742113,57,100,100,76749
16,0.44,1.0,0.00044989264340259425,0.02121067286539006,0.9994999766349792,0.001876194597840295,0.0014177713165502727,47,100,100,85132
16,0.44,1.0,0.000659064922004935,0.02567225977597093,0.9975999593734741,0.0027616059899701045,0.0020982929927742346,39,100,100,65147
16,0.44,1.0,0.0009654893846056303,0.031072325059538598,0.9983999729156494,0.004089774884669099,0.0031326557092324634,32,100,100,77695
16,0.44,1.0,0.0014143822871810778,0.03760827418509227,0.9973999857902527,0.005875653936188642,0.0045056644406222075,27,100,100,58345
16,0.44,1.0,0.002071982650652037,0.04551903613491873,0.9953999519348145,0.008750718898832882,0.0066392352522342876,22,100,100,60721
16,0.44,1.0,0.0030353265475060406,0.05509379772266603,0.9941999912261963,0.012676833655659067,0.00963338476403612,18,100,100,2932
16,0.44,1.0,0.004446565827708846,0.06668257514305252,0.9902999997138977,0.01891720081002378,0.01462734397490931,15,100,100,18512
16,0.44,1.0,0.006513944167356084,0.08070900920811805,0.9861999750137329,0.027445278550460035,0.020623595603444324,12,100,100,68697
16,0.44,1.0,0.009542525683758019,0.0976858520142913,0.9794999957084656,0.04004499251177075,0.03078051318278179,10,100,100,50707
16,0.44,1.0,0.013979210457700486,0.11823371117283127,0.9718999862670898,0.05834331830939007,0.045125916345765626,8,100,100,39337
16,0.44,1.0,0.020478679491876803,0.14310373682010125,0.957099974155426,0.09002426493067164,0.06817518840039244,7,100,100,66868
16,0.44,1.0,0.03,0.17320508075688773,0.9303999543190002,0.1335531107002711,0.10175505792743986,6,100,100,99803
16,0.44,1.0,0.04947368421052632,0.22242680641174148,0.8872999548912048,0.2290482855582085,0.17608489979198183,4,100,100,98543
16,0.44,1.0,0.06894736842105263,0.26257830912139835,0.8039999604225159,0.41362717315088615,0.3211795417537732,4,100,100,98893
16,0.44,1.0,0.08842105263157896,0.29735677667001126,0.6746999621391296,0.7357560944057977,0.5906707319561475,3,100,100,96298
16,0.44,1.0,0.10789473684210528,0.3284733426658932,0.4731999933719635,1.4786780818956582,1.1601027516828053,3,100,100,70152
16,0.44,1.0,0.12736842105263158,0.35688712648767756,0.273499995470047,2.8566697597295176,2.0687766781068286,3,100,100,95246
16,0.44,1.0,0.14684210526315788,0.38319982419510307,0.12449999898672104,5.287738640436148,3.307577413027705,3,100,100,19198
16,0.44,1.0,0.16631578947368422,0.4078183290065372,0.0949999988079071,6.205095623762862,3.858119312167168,2,100,100,48260
16,0.44,1.0,0.18578947368421053,0.4310330308505492,0.037299998104572296,9.405694683106983,5.023324939765936,2,100,100,64591
16,0.44,1.0,0.20526315789473684,0.45305977298225986,0.01979999989271164,12.523301669982864,6.041186783183835,2,100,100,53399
16,0.44,1.0,0.22473684210526315,0.4740641750915831,0.006599999964237213,16.591180414871076,7.273428874564812,2,100,100,45403
16,0.44,1.0,0.2442105263157895,0.4941766144970738,0.0038999998942017555,20.728900566864628,8.789491647395211,2,100,100,18274
16,0.44,1.0,0.26368421052631574,0.513501908980206,0.0017999999690800905,25.615873038382254,10.506561149263634,2,100,100,726
16,0.44,1.0,0.28315789473684216,0.5321258260382051,0.0015999999595806003,30.616855563115582,13.585827717372439,2,100,100,83359
16,0.44,1.0,0.3026315789473685,0.5501196042201809,0.0008999999845400453,36.94119935037678,23.638973638997292,2,100,100,65931
16,0.44,1.0,0.32210526315789473,0.5675431817561504,9.999999747378752e-05,47.07199514116668,71.93654564271634,2,100,100,9966
16,0.44,1.0,0.3415789473684211,0.5844475574150525,9.999999747378752e-05,100.07299854683546,2432.893740976011,2,100,100,74525
16,0.44,1.0,0.3610526315789474,0.6008765526952665,9.999999747378752e-05,142.33380562646587,3608.768678426802,2,100,100,25461
16,0.44,1.0,0.3805263157894737,0.616868151057804,9.999999747378752e-05,561.7540613393929,17672.026200796583,2,100,100,19714
16,0.44,1.0,0.4,0.6324555320336759,0.0,1412.7242495888938,34274.17325811002,2,100,100,61421
16,0.44,2.0,1e-06,0.001,1.0,6.239762074734046e-06,4.749662304258022e-06,1000,100,100,21172
16,0.44,2.0,1.4649382061914714e-06,0.0012103463166348181,1.0,9.40551854094025e-06,7.064290019780354e-06,826,100,100,16841
16,0.44,2.0,2.1460439479594814e-06,0.0014649382061914698,1.0,1.3628584046318794e-05,1.0269365829701853e-05,683,100,100,1369
16,0.44,2.0,3.1438217715318246e-06,0.0017730825619614629,1.0,1.9711438149352745e-05,1.5106228769674015e-05,564,100,100,52123
16,0.44,2.0,4.605504626573514e-06,0.0021460439479594807,1.0,2.936105311438837e-05,2.2459145383756167e-05,466,100,100,36673
16,0.44,2.0,6.7467796862591274e-06,0.002597456387749201,1.0,4.318217736212802e-05,3.305274250749076e-05,385,100,100,36280
16,0.44,2.0,9.883615331157482e-06,0.0031438217715318217,1.0,6.11853816938762e-05,4.666146125108708e-05,318,100,100,36862
16,0.44,2.0,1.4478885713912363e-05,0.0038051131013298886,1.0,9.217217918948748e-05,6.963872093033362e-05,263,100,100,45839
16,0.44,2.0,2.1210672865390052e-05,0.004605504626573515,0.9998999834060669,0.00013333066878754777,9.973644601060075e-05,217,100,100,92247
16,0.44,2.0,3.1072325059538616e-05,0.005574255561017867,1.0,0.00019886354243290683,0.00015171317191577002,179,100,100,48638
16,0.44,2.0,4.55190361349187e-05,0.0067467796862591195,1.0,0.00028668220659816085,0.00021775337474035696,148,100,100,40404
16,0.44,2.0,6.668257514305255e-05,0.008165939942410338,0.9998999834060669,0.00042330267934409353,0.0003176469068694848,122,100,100,73683
16,0.44,2.0,9.768585201429122e-05,0.009883615331157482,0.9995999932289124,0.0006147590422258383,0.0004673914475695323,101,100,100,48361
16,0.44,2.0,0.00014310373682010125,0.011962597411101873,0.9994999766349792,0.0008972832959595515,0.0006936597831080247,84,100,100,56418
16,0.44,2.0,0.0002096381315165353,0.014478885713912355,0.9993999600410461,0.0013174771601461729,0.0010035567523250613,69,100,100,28526
16,0.44,2.0,0.0003071069083331647,0.0175244659928103,0.9989999532699585,0.001907394680596346,0.0014861702079001593,57,100,100,88890
16,0.44,2.0,0.00044989264340259425,0.02121067286539006,0.9984999895095825,0.00284183518321384,0.0021615272073124484,47,100,100,70770
16,0.44,2.0,0.000659064922004935,0.02567225977597093,0.9976999759674072,0.004171988448648546,0.003174682925708468,39,100,100,8836
16,0.44,2.0,0.0009654893846056303,0.031072325059538598,0.9966999888420105,0.006146260145879213,0.004643225053229166,32,100,100,19643
16,0.44,2.0,0.0014143822871810778,0.03760827418509227,0.9966999888420105,0.008895308432489155,0.006876464096735892,27,100,100,11565
16,0.44,2.0,0.002071982650652037,0.04551903613491873,0.9939999580383301,0.013290482929989259,0.010006639875149558,22,100,100,88156
16,0.44,2.0,0.0030353265475060406,0.05509379772266603,0.9892999529838562,0.019357742525766553,0.014594521374978204,18,100,100,26229
16,0.44,2.0,0.004446565827708846,0.06668257514305252,0.9860999584197998,0.02854823722361679,0.021689469176762725,15,100,100,50155
16,0.44,2.0,0.006513944167356084,0.08070900920811805,0.9800999760627747,0.041563893387743266,0.031689750591388635,12,100,100,75186
16,0.44,2.0,0.009542525683758019,0.0976858520142913,0.9692999720573425,0.0619295229764812,0.047186460138928334,10,100,100,36180
16,0.44,2.0,0.013979210457700486,0.11823371117283127,0.9544999599456787,0.09024549300687167,0.06795680360257308,8,100,100,98587
16,0.44,2.0,0.020478679491876803,0.14310373682010125,0.9317999482154846,0.13595969009209552,0.10382641506634069,7,100,100,50339
16,0.44,2.0,0.03,0.17320508075688773,0.8998000025749207,0.20502804213147616,0.1564423016585894,6,100,100,41373
16,0.44,2.0,0.04947368421052632,0.22242680641174148,0.7620999813079834,0.4998584153336858,0.3846924779820209,4,100,100,71158
16,0.44,2.0,0.06894736842105263,0.26257830912139835,0.468999981880188,1.4827375632402369,1.139843038769838,4,100,100,89543
16,0.44,2.0,0.08842105263157896,0.29735677667001126,0.21689999103546143,3.504014767431296,2.39468255622455,3,100,100,48116
16,0.44,2.0,0.10789473684210528,0.3284733426658932,0.05209999904036522,8.20111937884949,4.383100864441347,3,100,100,39134
16,0.44,2.0,0.12736842105263158,0.35688712648767756,0.010199999436736107,15.54390238492081,6.847202650065848,3,100,100,36397
16,0.44,2.0,0.14684210526315788,0.38319982419510307,0.0026000000070780516,26.765720346826853,10.932023216554496,3,100,100,49766
16,0.44,2.0,0.16631578947368422,0.4078183290065372,0.002699999837204814,24.396716188312684,9.97042735126447,2,100,100,55892
16,0.44,2.0,0.18578947368421053,0.4310330308505492,0.00039999998989515007,34.616048649010146,15.468136183046141,2,100,100,42809
16,0.44,2.0,0.20526315789473684,0.45305977298225986,9.999999747378752e-05,49.62233882978219,24.50692874895846,2,100,100,29007
16,0.44,2.0,0.22473684210526315,0.4740641750915831,0.00029999998514540493,114.53545567124472,3717.0056577904934,2,100,100,48428
16,0.44,2.0,0.2442105263157895,0.4941766144970738,0.0,235.65993503454814,9615.116842480838,2,100,100,38097
16,0.44,2.0,0.26368421052631574,0.513501908980206,0.0,4191.613066152986,112449.4176270236,2,100,100,16352
16,0.44,2.0,0.28315789473684216,0.5321258260382051,0.0,14557.675653804148,209268.20230192415,2,100,100,56009
16,0.44,2.0,0.3026315789473685,0.5501196042201809,0.0,49658.48912040441,381643.43651061,2,100,100,26837
16,0.44,2.0,0.32210526315789473,0.5675431817561504,0.0,5564850353.210439,332594234945.4325,2,100,100,83475
16,0.44,2.0,0.3415789473684211,0.5844475574150525,0.0,4.7424307584324104e+16,4.733096716528469e+18,2,100,100,81039
16,0.44,2.0,0.3610526315789474,0.6008765526952665,0.0,1.0037221584753477e+17,7.631666235087397e+18,2,100,100,35552
16,0.44,2.0,0.3805263157894737,0.616868151057804,0.0,9.330924224072296e+22,7.544631547031429e+24,2,100,100,67034
16,0.44,2.0,0.4,0.6324555320336759,0.0,2.0773661383673283e+29,2.074935927987209e+31,2,100,100,55785
16,0.44,5.0,1e-06,0.001,1.0,5.2132404223719675e-06,4.247903832853276e-06,1000,100,100,39699
16,0.44,5.0,1.4649382061914714e-06,0.0012103463166348181,1.0,7.557734412905148e-06,6.29071927665254e-06,826,100,100,87430
16,0.44,5.0,2.1460439479594814e-06,0.0014649382061914698,1.0,1.08735497307201e-05,8.982924055998238e-06,683,100,100,46414
16,0.44,5.0,3.1438217715318246e-06,0.0017730825619614629,1.0,1.615238745332377e-05,1.3192098785774383e-05,564,100,100,56824
16,0.44,5.0,4.605504626573514e-06,0.0021460439479594807,1.0,2.3455883742038e-05,1.9579781300750716e-05,466,100,100,3503
16,0.44,5.0,6.7467796862591274e-06,0.002597456387749201,1.0,3.4599266799401106e-05,2.8462918737264627e-05,385,100,100,6458
16,0.44,5.0,9.883615331157482e-06,0.0031438217715318217,1.0,5.129613287164361e-05,4.218838077497303e-05,318,100,100,34104
16,0.44,5.0,1.4478885713912363e-05,0.0038051131013298886,1.0,7.397928900168865e-05,6.160957814394571e-05,263,100,100,27619
16,0.44,5.0,2.1210672865390052e-05,0.004605504626573515,1.0,0.0001061944394823641,8.795140078338643e-05,217,100,100,76475
16,0.44,5.0,3.1072325059538616e-05,0.005574255561017867,1.0,0.00016071685716962563,0.00013324826156410743,179,100,100,66147
16,0.44,5.0,4.55190361349187e-05,0.0067467796862591195,0.9998999834060669,0.00023834302803774535,0.00019700191355348273,148,100,100,82284
16,0.44,5.0,6.668257514305255e-05,0.008165939942410338,1.0,0.00034608216700764914,0.00028289374947971927,122,100,100,56190
16,0.44,5.0,9.768585201429122e-05,0.009883615331157482,0.9995999932289124,0.0005007617135457927,0.00041473934293274873,101,100,100,82037
16,0.44,5.0,0.00014310373682010125,0.011962597411101873,0.9997999668121338,0.0007384468992386659,0.0006034276979611067,84,100,100,73277
16,0.44,5.0,0.0002096381315165353,0.014478885713912355,0.9997999668121338,0.0010632352651192662,0.0008798634247675819,69,100,100,66375
16,0.44,5.0,0.0003071069083331647,0.0175244659928103,0.9989999532699585,0.001572775258076804,0.00129215375003824,57,100,100,16149
16,0.44,5.0,0.00044989264340259425,0.02121067286539006,0.9991999864578247,0.0023771159790828486,0.0019732627481869043,47,100,100,94242
16,0.44,5.0,0.000659064922004935,0.02567225977597093,0.9985999464988708,0.003270238600359595,0.0026396188701964477,39,100,100,37446
16,0.44,5.0,0.0009654893846056303,0.031072325059538598,0.9979999661445618,0.004992949414902934,0.004061750902799883,32,100,100,48329
16,0.44,5.0,0.0014143822871810778,0.03760827418509227,0.996399998664856,0.006842855051244268,0.005682408372549226,27,100,100,2489
16,0.44,5.0,0.002071982650652037,0.04551903613491873,0.996399998664856,0.010417439928014886,0.00874995038074176,22,100,100,31173
16,0.44,5.0,0.0030353265475060406,0.05509379772266603,0.9924999475479126,0.015992242967737783,0.013057043762252515,18,100,100,53104
16,0.44,5.0,0.004446565827708846,0.06668257514305252,0.9884999990463257,0.022934710448028358,0.01872677382031873,15,100,100,12851
16,0.44,5.0,0.006513944167356084,0.08070900920811805,0.9801999926567078,0.037721431464487504,0.02965673266340555,12,100,100,90200
16,0.44,5.0,0.009542525683758019,0.0976858520142913,0.9745000004768372,0.0555292886656904,0.04506079714727817,10,100,100,94800
16,0.44,5.0,0.013979210457700486,0.11823371117283127,0.95169997215271,0.09642625767204027,0.0768577947872439,8,100,100,53507
16,0.44,5.0,0.020478679491876803,0.14310373682010125,0.9174000024795532,0.16476239378643587,0.13853779740349437,7,100,100,71594
16,0.44,5.0,0.03,0.17320508075688773,0.7295999526977539,0.6025738487812142,0.47079647465614627,6,100,100,91639
16,0.44,5.0,0.04947368421052632,0.22242680641174148,0.12529999017715454,5.102654692483575,3.1405384434687673,4,100,100,17003
16,0.44,5.0,0.06894736842105263,0.26257830912139835,0.0,92.31806088359232,22.901458434362468,4,100,100,67880
16,0.44,5.0,0.08842105263157896,0.29735677667001126,0.0,167.33608949798855,36.34016101677341,3,100,100,42429
16,0.44,5.0,0.10789473684210528,0.3284733426658932,0.0,378.4094730369396,472.4996902215854,3,100,100,62047
16,0.44,5.0,0.12736842105263158,0.35688712648767756,0.0,3.254043179300597e+39,3.250197535790164e+41,3,100,100,56083
16,0.44,5.0,0.14684210526315788,0.38319982419510307,0.0,3.79526858372587e+65,2.5996325558954715e+67,3,100,100,19142
16,0.44,5.0,0.16631578947368422,0.4078183290065372,0.0,368421.23708577995,2445805.202362228,2,100,100,55672
16,0.44,5.0,0.18578947368421053,0.4310330308505492,0.0,1.2465057244187732e+19,1.246440406814378e+21,2,100,100,98160
16,0.44,5.0,0.20526315789473684,0.45305977298225986,0.0,1.1791138754244069e+27,1.1790503851956875e+29,2,100,100,66222
16,0.44,5.0,0.22473684210526315,0.4740641750915831,0.0,8.756729661833833e+27,7.413603596862312e+29,2,100,100,42575
16,0.44,5.0,0.2442105263157895,0.4941766144970738,0.0,1.363285304033792e+37,1.3564575257266728e+39,2,100,100,31084
16,0.44,5.0,0.26368421052631574,0.513501908980206,0.0,3.0566873574066826e+35,1.5701229438389855e+37,2,100,100,16532
16,0.44,5.0,0.28315789473684216,0.5321258260382051,0.0,3.8167442071138445e+42,3.4331990603986893e+44,2,100,100,90175
16,0.44,5.0,0.3026315789473685,0.5501196042201809,0.0,1.9224752156610738e+46,1.899567694731133e+48,2,100,100,17579
16,0.44,5.0,0.32210526315789473,0.5675431817561504,0.0,5.032676283497426e+53,5.031441289143043e+55,2,100,100,28338
16,0.44,5.0,0.3415789473684211,0.5844475574150525,0.0,9.178092985392717e+51,8.453553994169946e+53,2,100,100,1083
16,0.44,5.0,0.3610526315789474,0.6008765526952665,0.0,1.4692408248897225e+55,9.900030985782716e+56,2,100,100,96245
16,0.44,5.0,0.3805263157894737,0.616868151057804,0.0,1.0633980301642904e+61,8.212012842227372e+62,2,100,100,80768
16,0.44,5.0,0.4,0.6324555320336759,0.0,9.872441487987757e+61,9.351765916657901e+63,2,100,100,40363
16,0.44,10.0,1e-06,0.001,1.0,1.2265446429881877e-05,9.517602609674948e-06,1000,100,100,52717
16,0.44,10.0,1.4649382061914714e-06,0.0012103463166348181,1.0,1.8160917571827895e-05,1.381506591682892e-05,826,100,100,13399
16,0.44,10.0,2.1460439479594814e-06,0.0014649382061914698,0.9998999834060669,2.661039073199163e-05,2.037870353086861e-05,683,100,100,2925
16,0.44,10.0,3.1438217715318246e-06,0.0017730825619614629,1.0,3.863650166296111e-05,2.979865831001209e-05,564,100,100,46821
16,0.44,10.0,4.605504626573514e-06,0.0021460439479594807,1.0,5.704151405287235e-05,4.3938031253832034e-05,466,100,100,61962
16,0.44,10.0,6.7467796862591274e-06,0.002597456387749201,0.9998999834060669,8.441592282640614e-05,6.344958058916214e-05,385,100,100,28439
16,0.44,10.0,9.883615331157482e-06,0.0031438217715318217,0.9998999834060669,0.00012213528671111364,9.350623107038653e-05,318,100,100,96072
16,0.44,10.0,1.4478885713912363e-05,0.0038051131013298886,0.9998999834060669,0.00018104538877774417,0.0001400044923872114,263,100,100,5229
16,0.44,10.0,2.1210672865390052e-05,0.004605504626573515,0.9997999668121338,0.00026154790251941906,0.00020133274592074764,217,100,100,72265
16,0.44,10.0,3.1072325059538616e-05,0.005574255561017867,1.0,0.0003811440849046221,0.00028659924150190735,179,100,100,42908
16,0.44,10.0,4.55190361349187e-05,0.0067467796862591195,0.9996999502182007,0.0005602597364108987,0.0004324768252754668,148,100,100,46363
16,0.44,10.0,6.668257514305255e-05,0.008165939942410338,0.9997999668121338,0.0008167663370014538,0.0006229011485305307,122,100,100,5587
16,0.44,10.0,9.768585201429122e-05,0.009883615331157482,0.9991999864578247,0.0012145140750539044,0.0009326571036162621,101,100,100,72765
16,0.44,10.0,0.00014310373682010125,0.011962597411101873,0.9994999766349792,0.0017818834435798239,0.0013738041120260394,84,100,100,78820
16,0.44,10.0,0.0002096381315165353,0.014478885713912355,0.9987999796867371,0.0025776482442330917,0.0019743886147777306,69,100,100,32820
16,0.44,10.0,0.0003071069083331647,0.0175244659928103,0.9970999956130981,0.003769982254448553,0.0029137671896652443,57,100,100,52311
16,0.44,10.0,0.00044989264340259425,0.02121067286539006,0.9976999759674072,0.005489486188792529,0.00417282429969541,47,100,100,6730
16,0.44,10.0,0.000659064922004935,0.02567225977597093,0.9964999556541443,0.008206296209479104,0.006196799277674847,39,100,100,27390
16,0.44,10.0,0.0009654893846056303,0.031072325059538598,0.9932000041007996,0.011705371986327857,0.008818474739255537,32,100,100,78913
16,0.44,10.0,0.0014143822871810778,0.03760827418509227,0.9917999505996704,0.01826452029608441,0.013842706073206264,27,100,100,33582
16,0.44,10.0,0.002071982650652037,0.04551903613491873,0.9875999689102173,0.026277360581063763,0.019927653353630566,22,100,100,71273
16,0.44,10.0,0.0030353265475060406,0.05509379772266603,0.9812999963760376,0.037467809224345845,0.028619091838955644,18,100,100,10956
16,0.44,10.0,0.004446565827708846,0.06668257514305252,0.9735999703407288,0.05609712584016391,0.042707104633693094,15,100,100,95585
16,0.44,10.0,0.006513944167356084,0.08070900920811805,0.9624999761581421,0.07895848794173359,0.060415865815442366,12,100,100,61133
16,0.44,10.0,0.009542525683758019,0.0976858520142913,0.9364999532699585,0.12770349985048582,0.09821180796721685,10,100,100,56617
16,0.44,10.0,0.013979210457700486,0.11823371117283127,0.8804000020027161,0.2452516909253997,0.19504953596127256,8,100,100,6926
16,0.44,10.0,0.020478679491876803,0.14310373682010125,0.5740000009536743,1.0727332451100173,0.8415121836072229,7,100,100,69526
16,0.44,10.0,0.03,0.17320508075688773,0.0008999999845400453,106.08704842520706,33.94987904906756,6,100,100,32762
16,0.44,10.0,0.04947368421052632,0.22242680641174148,0.0,692.2546717865836,174.2974703438855,4,100,100,75811
16,0.44,10.0,0.06894736842105263,0.26257830912139835,0.0,3.8645512596804382e+233,inf,4,100,100,88477
16,0.44,10.0,0.08842105263157896,0.29735677667001126,0.0,3.342285764673207e+68,2.7358127037996656e+70,3,100,100,40593
16,0.44,10.0,0.10789473684210528,0.3284733426658932,0.0,2.4852000621194107e+185,inf,3,100,100,77857
16,0.44,10.0,0.12736842105263158,0.35688712648767756,0.0,inf,nan,3,100,100,32685
16,0.44,10.0,0.14684210526315788,0.38319982419510307,0.0,inf,nan,3,100,100,16225
16,0.44,10.0,0.16631578947368422,0.4078183290065372,0.0,3.1311732774537414e+43,2.7049037226062056e+45,2,100,100,56071
16,0.44,10.0,0.18578947368421053,0.4310330308505492,0.0,6.630466612634048e+49,6.321392669060313e+51,2,100,100,29300
16,0.44,10.0,0.20526315789473684,0.45305977298225986,0.0,1.262466874988157e+53,7.578504376903755e+54,2,100,100,51718
16,0.44,10.0,0.22473684210526315,0.4740641750915831,0.0,6.155113139792564e+58,4.49946234368577e+60,2,100,100,88008
16,0.44,10.0,0.2442105263157895,0.4941766144970738,0.0,1.7087741037113604e+62,7.76874521605133e+63,2,100,100,95578
16,0.44,10.0,0.26368421052631574,0.513501908980206,0.0,9.193394804658452e+69,7.682325083129332e+71,2,100,100,87710
16,0.44,10.0,0.28315789473684216,0.5321258260382051,0.0,1.4028454305296276e+71,9.468364625757695e+72,2,100,100,70835
16,0.44,10.0,0.3026315789473685,0.5501196042201809,0.0,1.1819362520115227e+82,1.181877133153556e+84,2,100,100,24481
16,0.44,10.0,0.32210526315789473,0.5675431817561504,0.0,1.8230725431599018e+80,1.7994757321437552e+82,2,100,100,92734
16,0.44,10.0,0.3415789473684211,0.5844475574150525,0.0,7.011026603956025e+83,6.122912751534351e+85,2,100,100,83363
16,0.44,10.0,0.3610526315789474,0.6008765526952665,0.0,3.0462537662911007e+91,2.4319268149393957e+93,2,100,100,98215
16,0.44,10.0,0.3805263157894737,0.616868151057804,0.0,6.069481193093299e+109,6.06917770613205e+111,2,100,100,16116
16,0.44,10.0,0.4,0.6324555320336759,0.0,5.225680099802627e+119,5.225418809204592e+121,2,100,100,40626
16,0.44,100.0,1e-06,0.001,1.0,4.825010212734924e-05,3.6693573022779e-05,1000,100,100,8844
16,0.44,100.0,1.4649382061914714e-06,0.0012103463166348181,0.9998999834060669,7.09242632002372e-05,5.339957405812043e-05,826,100,100,92461
16,0.44,100.0,2.1460439479594814e-06,0.0014649382061914698,0.9998999834060669,0.00010144286786214708,7.706612964256626e-05,683,100,100,78610
16,0.44,100.0,3.1438217715318246e-06,0.0017730825619614629,1.0,0.00014309209104773686,0.00011150627121846544,564,100,100,27292
16,0.44,100.0,4.605504626573514e-06,0.0021460439479594807,0.9997999668121338,0.0002246820488730748,0.00016910567910271174,466,100,100,25794
16,0.44,100.0,6.7467796862591274e-06,0.002597456387749201,0.9998999834060669,0.00033196628509596734,0.00024851703705177795,385,100,100,18125
16,0.44,100.0,9.883615331157482e-06,0.0031438217715318217,0.9997999668121338,0.00046172658245727694,0.0003612114125603387,318,100,100,37195
16,0.44,100.0,1.4478885713912363e-05,0.0038051131013298886,0.9995999932289124,0.0006840589708012658,0.0005212706520383338,263,100,100,61707
16,0.44,100.0,2.1210672865390052e-05,0.004605504626573515,0.9993000030517578,0.0010291833376347768,0.0007815331687107481,217,100,100,44667
16,0.44,100.0,3.1072325059538616e-05,0.005574255561017867,0.9993999600410461,0.0014629634587132387,0.0011136400144609207,179,100,100,47954
16,0.44,100.0,4.55190361349187e-05,0.0067467796862591195,0.9991999864578247,0.002208659869018203,0.0016894883713792135,148,100,100,60975
16,0.44,100.0,6.668257514305255e-05,0.008165939942410338,0.9980999827384949,0.0030458152662583417,0.0023293776618569535,122,100,100,4167
16,0.44,100.0,9.768585201429122e-05,0.009883615331157482,0.9980999827384949,0.004854418762804977,0.0037127949621944506,101,100,100,4211
16,0.44,100.0,0.00014310373682010125,0.011962597411101873,0.996999979019165,0.007109200662493691,0.005378907010927116,84,100,100,88643
16,0.44,100.0,0.0002096381315165353,0.014478885713912355,0.9946999549865723,0.009748436577902617,0.007462506188911488,69,100,100,30002
16,0.44,100.0,0.0003071069083331647,0.0175244659928103,0.9925999641418457,0.015229586370991024,0.011769316219451764,57,100,100,87860
16,0.44,100.0,0.00044989264340259425,0.02121067286539006,0.989799976348877,0.022352037207838998,0.017047028144419933,47,100,100,35043
16,0.44,100.0,0.000659064922004935,0.02567225977597093,0.9842000007629395,0.03361888454165987,0.025012306120296344,39,100,100,49778
16,0.44,100.0,0.0009654893846056303,0.031072325059538598,0.973800003528595,0.05492838457146875,0.04098147670191642,32,100,100,99182
16,0.44,100.0,0.0014143822871810778,0.03760827418509227,0.955299973487854,0.08996326844635755,0.06900486131618437,27,100,100,57550
16,0.44,100.0,0.002071982650652037,0.04551903613491873,0.001999999862164259,202.50393312340552,261.7324881241255,22,100,100,43956
16,0.44,100.0,0.0030353265475060406,0.05509379772266603,0.0,nan,nan,18,100,100,83250
16,0.44,100.0,0.004446565827708846,0.06668257514305252,0.0,nan,nan,15,100,100,60065
16,0.44,100.0,0.006513944167356084,0.08070900920811805,0.0,nan,nan,12,100,100,8669
16,0.44,100.0,0.009542525683758019,0.0976858520142913,0.0,nan,nan,10,100,100,45273
16,0.44,100.0,0.013979210457700486,0.11823371117283127,0.0,nan,nan,8,100,100,99862
16,0.44,100.0,0.020478679491876803,0.14310373682010125,0.0,nan,nan,7,100,100,96113
16,0.44,100.0,0.03,0.17320508075688773,0.0,nan,nan,6,100,100,73519
16,0.44,100.0,0.04947368421052632,0.22242680641174148,0.0,nan,nan,4,100,100,83246
16,0.44,100.0,0.06894736842105263,0.26257830912139835,0.0,nan,nan,4,100,100,52749
16,0.44,100.0,0.08842105263157896,0.29735677667001126,0.0,nan,nan,3,100,100,74755
16,0.44,100.0,0.10789473684210528,0.3284733426658932,0.0,nan,nan,3,100,100,49283
16,0.44,100.0,0.12736842105263158,0.35688712648767756,0.0,nan,nan,3,100,100,60554
16,0.44,100.0,0.14684210526315788,0.38319982419510307,0.0,nan,nan,3,100,100,65582
16,0.44,100.0,0.16631578947368422,0.4078183290065372,0.0,6.552912500132923e+201,inf,2,100,100,24624
16,0.44,100.0,0.18578947368421053,0.4310330308505492,0.0,8.825093722007843e+208,inf,2,100,100,42720
16,0.44,100.0,0.20526315789473684,0.45305977298225986,0.0,5.331644762953948e+219,inf,2,100,100,67025
16,0.44,100.0,0.22473684210526315,0.4740641750915831,0.0,2.3948255890262732e+228,inf,2,100,100,74844
16,0.44,100.0,0.2442105263157895,0.4941766144970738,0.0,9.310726243830093e+242,inf,2,100,100,10916
16,0.44,100.0,0.26368421052631574,0.513501908980206,0.0,1.4223020742115845e+249,inf,2,100,100,81957
16,0.44,100.0,0.28315789473684216,0.5321258260382051,0.0,1.8849257150166463e+247,inf,2,100,100,41974
16,0.44,100.0,0.3026315789473685,0.5501196042201809,0.0,8.642136218577171e+260,inf,2,100,100,69808
16,0.44,100.0,0.32210526315789473,0.5675431817561504,0.0,1.303127388624535e+263,inf,2,100,100,4701
16,0.44,100.0,0.3415789473684211,0.5844475574150525,0.0,1.779418929793471e+275,inf,2,100,100,76450
16,0.44,100.0,0.3610526315789474,0.6008765526952665,0.0,8.518227794720064e+282,inf,2,100,100,27369
16,0.44,100.0,0.3805263157894737,0.616868151057804,0.0,2.1917517038141034e+283,inf,2,100,100,22672
16,0.44,100.0,0.4,0.6324555320336759,0.0,7.972023608973919e+291,inf,2,100,100,28649
16,0.28,0.1,1e-06,0.001,1.0,4.7154495234735806e-07,3.61705655331457e-07,1000,100,100,61249
16,0.28,0.1,1.4649382061914714e-06,0.0012103463166348181,1.0,6.994512052187929e-07,5.389098397706795e-07,826,100,100,169
16,0.28,0.1,2.1460439479594814e-06,0.0014649382061914698,1.0,1.0086843398255497e-06,7.850902757903558e-07,683,100,100,66529
16,0.28,0.1,3.1438217715318246e-06,0.0017730825619614629,1.0,1.4902796151460507e-06,1.1564249391868493e-06,564,100,100,8459
16,0.28,0.1,4.605504626573514e-06,0.0021460439479594807,1.0,2.1688514101469994e-06,1.6484275461239732e-06,466,100,100,63884
16,0.28,0.1,6.7467796862591274e-06,0.002597456387749201,1.0,3.249606203974054e-06,2.4717339936957994e-06,385,100,100,98111
16,0.28,0.1,9.883615331157482e-06,0.0031438217715318217,1.0,4.695559780236635e-06,3.611231144476102e-06,318,100,100,41667
16,0.28,0.1,1.4478885713912363e-05,0.0038051131013298886,1.0,6.87224079124178e-06,5.3158124497899935e-06,263,100,100,19992
16,0.28,0.1,2.1210672865390052e-05,0.004605504626573515,1.0,1.0020312336345683e-05,7.70681279602984e-06,217,100,100,82684
16,0.28,0.1,3.1072325059538616e-05,0.005574255561017867,1.0,1.4843221367357274e-05,1.1671698971779948e-05,179,100,100,53088
16,0.28,0.1,4.55190361349187e-05,0.0067467796862591195,1.0,2.1802417388761343e-05,1.6754641002030886e-05,148,100,100,43011
16,0.28,0.1,6.668257514305255e-05,0.008165939942410338,1.0,3.138410129709257e-05,2.414867364522659e-05,122,100,100,36167
16,0.28,0.1,9.768585201429122e-05,0.009883615331157482,1.0,4.649948747315875e-05,3.6085767219373235e-05,101,100,100,62285
16,0.28,0.1,0.00014310373682010125,0.011962597411101873,1.0,6.785803963711885e-05,5.2711986720161955e-05,84,100,100,55928
16,0.28,0.1,0.0002096381315165353,0.014478885713912355,1.0,9.900542336663421e-05,7.717691003096684e-05,69,100,100,73532
16,0.28,0.1,0.0003071069083331647,0.0175244659928103,0.9998999834060669,0.00014453285404807445,0.00011246699387043612,57,100,100,27630
16,0.28,0.1,0.00044989264340259425,0.02121067286539006,0.9998999834060669,0.00021192586807960084,0.0001660180634753373,47,100,100,70449
16,0.28,0.1,0.000659064922004935,0.02567225977597093,0.9997999668121338,0.0003093583148696524,0.00023779917493160817,39,100,100,25736
16,0.28,0.1,0.0009654893846056303,0.031072325059538598,0.9998999834060669,0.0004548838743687327,0.00035442307676542803,32,100,100,94396
16,0.28,0.1,0.0014143822871810778,0.03760827418509227,0.9998999834060669,0.0006681053711856976,0.0005225582491839564,27,100,100,45633
16,0.28,0.1,0.002071982650652037,0.04551903613491873,0.9993999600410461,0.0009888603047043774,0.0007545001682037061,22,100,100,53851
16,0.28,0.1,0.0030353265475060406,0.05509379772266603,0.9990999698638916,0.0014336628275356618,0.0010967929471188654,18,100,100,65388
16,0.28,0.1,0.004446565827708846,0.06668257514305252,0.998699963092804,0.002115130364599932,0.001636756033559227,15,100,100,98886
16,0.28,0.1,0.006513944167356084,0.08070900920811805,0.9983999729156494,0.003041777184678685,0.002370629781957309,12,100,100,52621
16,0.28,0.1,0.009542525683758019,0.0976858520142913,0.9984999895095825,0.004425334454383901,0.003386232331404375,10,100,100,46937
16,0.28,0.1,0.013979210457700486,0.11823371117283127,0.9958999752998352,0.00642341751460391,0.004892303672765699,8,100,100,63663
16,0.28,0.1,0.020478679491876803,0.14310373682010125,0.9952999949455261,0.009728896741999215,0.007526537228202366,7,100,100,718
16,0.28,0.1,0.03,0.17320508075688773,0.9934999942779541,0.014268885071516866,0.011049427160473949,6,100,100,27433
16,0.28,0.1,0.04947368421052632,0.22242680641174148,0.9893999695777893,0.022247268566573258,0.017359616856965302,4,100,100,21286
16,0.28,0.1,0.06894736842105263,0.26257830912139835,0.9856999516487122,0.03277982472239131,0.025621000574055378,4,100,100,7082
16,0.28,0.1,0.08842105263157896,0.29735677667001126,0.9843999743461609,0.0398660518504883,0.030645289431463447,3,100,100,10235
16,0.28,0.1,0.10789473684210528,0.3284733426658932,0.9752999544143677,0.050330290322118006,0.038949940126013195,3,100,100,4809
16,0.28,0.1,0.12736842105263158,0.35688712648767756,0.97079998254776,0.06117961213848762,0.047335514464707774,3,100,100,72545
16,0.28,0.1,0.14684210526315788,0.38319982419510307,0.9630999565124512,0.07369890173017493,0.05800805317218554,3,100,100,37338
16,0.28,0.1,0.16631578947368422,0.4078183290065372,0.965399980545044,0.07277939039831492,0.05768291285179634,2,100,100,12771
16,0.28,0.1,0.18578947368421053,0.4310330308505492,0.957099974155426,0.08451699568164528,0.06729097519662429,2,100,100,61829
16,0.28,0.1,0.20526315789473684,0.45305977298225986,0.9480999708175659,0.09997063414414943,0.08209284062149255,2,100,100,356
16,0.28,0.1,0.22473684210526315,0.4740641750915831,0.9418999552726746,0.11797261992597116,0.09575024568938714,2,100,100,85690
16,0.28,0.1,0.2442105263157895,0.4941766144970738,0.9286999702453613,0.13835007142493289,0.11412133247677403,2,100,100,21155
16,0.28,0.1,0.26368421052631574,0.513501908980206,0.9178999662399292,0.16779164149690035,0.13902889969439403,2,100,100,29136
16,0.28,0.1,0.28315789473684216,0.5321258260382051,0.9041999578475952,0.1925911684680912,0.16486540644564315,2,100,100,65261
16,0.28,0.1,0.3026315789473685,0.5501196042201809,0.8817999958992004,0.23453649059773413,0.2025999682017396,2,100,100,71331
16,0.28,0.1,0.32210526315789473,0.5675431817561504,0.8666999936103821,0.2721074164252693,0.23433726402009347,2,100,100,26790
16,0.28,0.1,0.3415789473684211,0.5844475574150525,0.8407999873161316,0.31783209340656843,0.2684482738727344,2,100,100,55002
16,0.28,0.1,0.3610526315789474,0.6008765526952665,0.8241999745368958,0.3796338917177434,0.3271822623134939,2,100,100,66307
16,0.28,0.1,0.3805263157894737,0.616868151057804,0.7912999987602234,0.4379107002224986,0.3793692945658272,2,100,100,52049
16,0.28,0.1,0.4,0.6324555320336759,0.7670999765396118,0.5027966443540424,0.42214006272366933,2,100,100,960
16,0.28,0.5,1e-06,0.001,1.0,1.5945108093802675e-06,1.2212609896743732e-06,1000,100,100,88422
16,0.28,0.5,1.4649382061914714e-06,0.0012103463166348181,1.0,2.279938590601205e-06,1.7523563874079127e-06,826,100,100,19587
16,0.28,0.5,2.1460439479594814e-06,0.0014649382061914698,1.0,3.329408733083028e-06,2.5833810676907348e-06,683,100,100,53724
16,0.28,0.5,3.1438217715318246e-06,0.0017730825619614629,1.0,4.8743384395322665e-06,3.7251589383568425e-06,564,100,100,76234
16,0.28,0.5,4.605504626573514e-06,0.0021460439479594807,1.0,7.244416327012005e-06,5.5278549509901556e-06,466,100,100,21484
16,0.28,0.5,6.7467796862591274e-06,0.002597456387749201,1.0,1.0426876953354736e-05,7.953302942963814e-06,385,100,100,17701
16,0.28,0.5,9.883615331157482e-06,0.0031438217715318217,1.0,1.5145754598495387e-05,1.1567030860537627e-05,318,100,100,5260
16,0.28,0.5,1.4478885713912363e-05,0.0038051131013298886,0.9998999834060669,2.2551579869298166e-05,1.726352330312291e-05,263,100,100,93729
16,0.28,0.5,2.1210672865390052e-05,0.004605504626573515,1.0,3.276108466215817e-05,2.4835852703357473e-05,217,100,100,92115
16,0.28,0.5,3.1072325059538616e-05,0.005574255561017867,0.9997999668121338,4.903611837315794e-05,3.769754521679125e-05,179,100,100,50857
16,0.28,0.5,4.55190361349187e-05,0.0067467796862591195,0.9998999834060669,7.16235390529505e-05,5.4579389987052384e-05,148,100,100,38646
16,0.28,0.5,6.668257514305255e-05,0.008165939942410338,1.0,0.00010385314283792013,7.961823242921358e-05,122,100,100,78709
16,0.28,0.5,9.768585201429122e-05,0.009883615331157482,0.9998999834060669,0.00015234530686239226,0.00011708432069065283,101,100,100,77360
16,0.28,0.5,0.00014310373682010125,0.011962597411101873,1.0,0.0002187936794877942,0.00016664426879591502,84,100,100,18709
16,0.28,0.5,0.0002096381315165353,0.014478885713912355,1.0,0.0003226613361291641,0.0002465940353969149,69,100,100,29590
16,0.28,0.5,0.0003071069083331647,0.0175244659928103,0.9997999668121338,0.0004737347814217486,0.0003631798009013753,57,100,100,82259
16,0.28,0.5,0.00044989264340259425,0.02121067286539006,0.9991999864578247,0.0006923972368144434,0.0005250876631222902,47,100,100,55376
16,0.28,0.5,0.000659064922004935,0.02567225977597093,0.9993000030517578,0.0010131633164873904,0.0007788456347702051,39,100,100,61051
16,0.28,0.5,0.0009654893846056303,0.031072325059538598,0.9994999766349792,0.001521035025348934,0.0011535480323200092,32,100,100,97703
16,0.28,0.5,0.0014143822871810778,0.03760827418509227,0.9991999864578247,0.0022216086182231154,0.0016750733730463345,27,100,100,28691
16,0.28,0.5,0.002071982650652037,0.04551903613491873,0.998699963092804,0.0031609819697026582,0.002438735400804634,22,100,100,54765
16,0.28,0.5,0.0030353265475060406,0.05509379772266603,0.9975000023841858,0.004732007884000924,0.0036451392646226714,18,100,100,5840
16,0.28,0.5,0.004446565827708846,0.06668257514305252,0.9964999556541443,0.006967712370125236,0.005312678809245726,15,100,100,84055
16,0.28,0.5,0.006513944167356084,0.08070900920811805,0.9947999715805054,0.010112771537747884,0.007729223897491741,12,100,100,81107
16,0.28,0.5,0.009542525683758019,0.0976858520142913,0.9914999604225159,0.014769629416310017,0.011418572393555291,10,100,100,6217
16,0.28,0.5,0.013979210457700486,0.11823371117283127,0.9891999959945679,0.02197759501549351,0.016819289407023163,8,100,100,4301
16,0.28,0.5,0.020478679491876803,0.14310373682010125,0.9839999675750732,0.0316930011096046,0.02408655612192087,7,100,100,35970
16,0.28,0.5,0.03,0.17320508075688773,0.9775999784469604,0.04637556485317669,0.035769381525194946,6,100,100,24627
16,0.28,0.5,0.04947368421052632,0.22242680641174148,0.9632999897003174,0.07969029269912295,0.06132369549982983,4,100,100,49425
16,0.28,0.5,0.06894736842105263,0.26257830912139835,0.9467999935150146,0.11385523936033425,0.08702883677422579,4,100,100,68570
16,0.28,0.5,0.08842105263157896,0.29735677667001126,0.9246999621391296,0.1546557065322443,0.1210718832033526,3,100,100,38531
16,0.28,0.5,0.10789473684210528,0.3284733426658932,0.890999972820282,0.21104669450282054,0.16860315937534398,3,100,100,40453
16,0.28,0.5,0.12736842105263158,0.35688712648767756,0.8549000024795532,0.2979863083735588,0.24795719168985078,3,100,100,22982
16,0.28,0.5,0.14684210526315788,0.38319982419510307,0.7978999614715576,0.41941409081019365,0.3482973580493458,3,100,100,27401
16,0.28,0.5,0.16631578947368422,0.4078183290065372,0.7675999999046326,0.5161391972889234,0.4463238982816259,2,100,100,71778
16,0.28,0.5,0.18578947368421053,0.4310330308505492,0.6940999627113342,0.6998886061909682,0.6074922915179104,2,100,100,7939
16,0.28,0.5,0.20526315789473684,0.45305977298225986,0.5959999561309814,0.9731043145967467,0.8395031136869872,2,100,100,23415
16,0.28,0.5,0.22473684210526315,0.4740641750915831,0.5266000032424927,1.257158073135799,1.0721432485946651,2,100,100,85405
16,0.28,0.5,0.2442105263157895,0.4941766144970738,0.45739999413490295,1.6430504788545806,1.4012706434606645,2,100,100,61822
16,0.28,0.5,0.26368421052631574,0.513501908980206,0.37439998984336853,2.0890646398966926,1.6811682426957475,2,100,100,78721
16,0.28,0.5,0.28315789473684216,0.5321258260382051,0.2897999882698059,2.7523295993676937,2.119553588985054,2,100,100,22780
16,0.28,0.5,0.3026315789473685,0.5501196042201809,0.22939999401569366,3.5463483803177867,2.678246972840016,2,100,100,10978
16,0.28,0.5,0.32210526315789473,0.5675431817561504,0.16920000314712524,4.470043127950858,3.218598237612491,2,100,100,11174
16,0.28,0.5,0.3415789473684211,0.5844475574150525,0.1251000016927719,5.652912663282117,3.867859352987007,2,100,100,53234
16,0.28,0.5,0.3610526315789474,0.6008765526952665,0.0828000009059906,7.214386509863801,4.787092902824276,2,100,100,38666
16,0.28,0.5,0.3805263157894737,0.616868151057804,0.05460000038146973,8.667958816770609,5.288225671603382,2,100,100,27921
16,0.28,0.5,0.4,0.6324555320336759,0.03099999949336052,11.005067132347566,6.34397384795297,2,100,100,39001
16,0.28,1.0,1e-06,0.001,1.0,2.6786573396748284e-06,2.034798567542465e-06,1000,100,100,89805
16,0.28,1.0,1.4649382061914714e-06,0.0012103463166348181,1.0,3.97787476049416e-06,3.028863101024062e-06,826,100,100,99318
16,0.28,1.0,2.1460439479594814e-06,0.0014649382061914698,1.0,5.821276497437112e-06,4.4698208748896015e-06,683,100,100,17165
16,0.28,1.0,3.1438217715318246e-06,0.0017730825619614629,1.0,8.677088689171341e-06,6.609914027671126e-06,564,100,100,30001
16,0.28,1.0,4.605504626573514e-06,0.0021460439479594807,1.0,1.2393708421035399e-05,9.364380273686233e-06,466,100,100,45946
16,0.28,1.0,6.7467796862591274e-06,0.002597456387749201,1.0,1.8495458827726452e-05,1.391052165165708e-05,385,100,100,87285
16,0.28,1.0,9.883615331157482e-06,0.0031438217715318217,1.0,2.692778716851194e-05,2.0622276702591117e-05,318,100,100,76167
16,0.28,1.0,1.4478885713912363e-05,0.0038051131013298886,1.0,3.901595507278444e-05,2.971925926866584e-05,263,100,100,52652
16,0.28,1.0,2.1210672865390052e-05,0.004605504626573515,1.0,5.8227551591659226e-05,4.4392971368734056e-05,217,100,100,49033
16,0.28,1.0,3.1072325059538616e-05,0.005574255561017867,1.0,8.526903880112685e-05,6.474934332719862e-05,179,100,100,33633
16,0.28,1.0,4.55190361349187e-05,0.0067467796862591195,0.9998999834060669,0.00012424587878959983,9.379598956702277e-05,148,100,100,28580
16,0.28,1.0,6.668257514305255e-05,0.008165939942410338,1.0,0.00018239309700759918,0.00013707784080779287,122,100,100,89774
16,0.28,1.0,9.768585201429122e-05,0.009883615331157482,1.0,0.0002666865578515513,0.00020165642139388914,101,100,100,12518
16,0.28,1.0,0.00014310373682010125,0.011962597411101873,0.9994999766349792,0.000393536291888455,0.00029802421749783965,84,100,100,77982
16,0.28,1.0,0.0002096381315165353,0.014478885713912355,0.9998999834060669,0.000573084585512521,0.0004287758816280815,69,100,100,22504
16,0.28,1.0,0.0003071069083331647,0.0175244659928103,0.9994999766349792,0.0008381606931250417,0.000644512927272149,57,100,100,21276
16,0.28,1.0,0.00044989264340259425,0.02121067286539006,0.9988999962806702,0.0012255322975484831,0.0009400235340734508,47,100,100,73002
16,0.28,1.0,0.000659064922004935,0.02567225977597093,0.9991999864578247,0.0017783349978460138,0.0013660302507923978,39,100,100,22440
16,0.28,1.0,0.0009654893846056303,0.031072325059538598,0.9984999895095825,0.0025993820163905754,0.002001819268938431,32,100,100,35643
16,0.28,1.0,0.0014143822871810778,0.03760827418509227,0.9989999532699585,0.0038385589047085947,0.0029015481278525006,27,100,100,5421
16,0.28,1.0,0.002071982650652037,0.04551903613491873,0.9977999925613403,0.005621146579324892,0.004255817666186617,22,100,100,1419
16,0.28,1.0,0.0030353265475060406,0.05509379772266603,0.9945999979972839,0.008249385327972335,0.006320959676638183,18,100,100,2328
16,0.28,1.0,0.004446565827708846,0.06668257514305252,0.9935999512672424,0.012025481936667968,0.009314033106241676,15,100,100,86096
16,0.28,1.0,0.006513944167356084,0.08070900920811805,0.9904999732971191,0.01803816742692663,0.013732534373909549,12,100,100,72013
16,0.28,1.0,0.009542525683758019,0.0976858520142913,0.9868999719619751,0.02643027477427478,0.020069541064208427,10,100,100,20623
16,0.28,1.0,0.013979210457700486,0.11823371117283127,0.9809999465942383,0.03869598698251555,0.02940910696501882,8,100,100,76255
16,0.28,1.0,0.020478679491876803,0.14310373682010125,0.9731999635696411,0.05629738458250793,0.04308236471892126,7,100,100,55677
16,0.28,1.0,0.03,0.17320508075688773,0.9609999656677246,0.08272911194798067,0.06284589033198974,6,100,100,96096
16,0.28,1.0,0.04947368421052632,0.22242680641174148,0.9289000034332275,0.14753554481966127,0.11354616367478973,4,100,100,16066
16,0.28,1.0,0.06894736842105263,0.26257830912139835,0.8883999586105347,0.23081841604537262,0.1817016584872557,4,100,100,89459
16,0.28,1.0,0.08842105263157896,0.29735677667001126,0.8150999546051025,0.3869814164386935,0.31339645411445255,3,100,100,82702
16,0.28,1.0,0.10789473684210528,0.3284733426658932,0.7021999955177307,0.6662523842297273,0.5507929127426058,3,100,100,63328
16,0.28,1.0,0.12736842105263158,0.35688712648767756,0.557200014591217,1.129123279692064,0.9367050688065065,3,100,100,86471
16,0.28,1.0,0.14684210526315788,0.38319982419510307,0.3968999981880188,1.893294990320936,1.484062979068178,3,100,100,41180
16,0.28,1.0,0.16631578947368422,0.4078183290065372,0.3547999858856201,2.215610569764549,1.7566412024948244,2,100,100,79252
16,0.28,1.0,0.18578947368421053,0.4310330308505492,0.2289000004529953,3.38746103083209,2.464468610203438,2,100,100,86696
16,0.28,1.0,0.20526315789473684,0.45305977298225986,0.14559999108314514,4.916483457500295,3.313710999957618,2,100,100,80916
16,0.28,1.0,0.22473684210526315,0.4740641750915831,0.08669999986886978,6.808324843641751,4.213793398032763,2,100,100,753
16,0.28,1.0,0.2442105263157895,0.4941766144970738,0.045099999755620956,9.422354948513398,5.373209397476274,2,100,100,99409
16,0.28,1.0,0.26368421052631574,0.513501908980206,0.023499999195337296,12.525428398629044,6.66473270322665,2,100,100,88965
16,0.28,1.0,0.28315789473684216,0.5321258260382051,0.00969999935477972,16.438553367707804,8.20604900795492,2,100,100,20288
16,0.28,1.0,0.3026315789473685,0.5501196042201809,0.004900000058114529,20.144010514038786,20.530412483982992,2,100,100,94465
16,0.28,1.0,0.32210526315789473,0.5675431817561504,0.002300000051036477,25.86063963638086,106.20987061781143,2,100,100,55032
16,0.28,1.0,0.3415789473684211,0.5844475574150525,0.001500000013038516,38.86941431209027,471.45327760618136,2,100,100,21293
16,0.28,1.0,0.3610526315789474,0.6008765526952665,0.0008999999845400453,79.47263783941412,2356.0815320380952,2,100,100,2203
16,0.28,1.0,0.3805263157894737,0.616868151057804,0.0004999999655410647,574.7955530256421,20656.43048952554,2,100,100,9400
16,0.28,1.0,0.4,0.6324555320336759,9.999999747378752e-05,1548.7890366440724,42050.844613715555,2,100,100,36937
16,0.28,2.0,1e-06,0.001,1.0,5.00255060753716e-06,3.8135198049399023e-06,1000,100,100,83266
16,0.28,2.0,1.4649382061914714e-06,0.0012103463166348181,1.0,7.257734650619341e-06,5.47651733147515e-06,826,100,100,20156
16,0.28,2.0,2.1460439479594814e-06,0.0014649382061914698,1.0,1.0759149553405223e-05,8.095422668726988e-06,683,100,100,68385
16,0.28,2.0,3.1438217715318246e-06,0.0017730825619614629,0.9998999834060669,1.522451635233324e-05,1.1648167367421508e-05,564,100,100,81091
16,0.28,2.0,4.605504626573514e-06,0.0021460439479594807,1.0,2.2991955378194007e-05,1.767709165567179e-05,466,100,100,57620
16,0.28,2.0,6.7467796862591274e-06,0.002597456387749201,0.9998999834060669,3.341570862482968e-05,2.5210655669802734e-05,385,100,100,6396
16,0.28,2.0,9.883615331157482e-06,0.0031438217715318217,1.0,4.909059299631622e-05,3.730578506149061e-05,318,100,100,53326
16,0.28,2.0,1.4478885713912363e-05,0.0038051131013298886,1.0,7.185086045799949e-05,5.4526841780738924e-05,263,100,100,99531
16,0.28,2.0,2.1210672865390052e-05,0.004605504626573515,0.9998999834060669,0.00010466215663107619,8.042926272085908e-05,217,100,100,63588
16,0.28,2.0,3.1072325059538616e-05,0.005574255561017867,0.9997999668121338,0.00015594125772348095,0.00011802681398317126,179,100,100,87422
16,0.28,2.0,4.55190361349187e-05,0.0067467796862591195,0.9998999834060669,0.00022844113238271576,0.000171677562885639,148,100,100,57044
16,0.28,2.0,6.668257514305255e-05,0.008165939942410338,1.0,0.0003315493463749249,0.00025546905454073703,122,100,100,70585
16,0.28,2.0,9.768585201429122e-05,0.009883615331157482,0.9998999834060669,0.0004895035523267097,0.00036737175141895697,101,100,100,72759
16,0.28,2.0,0.00014310373682010125,0.011962597411101873,0.9996999502182007,0.000709391169771834,0.0005396853932749953,84,100,100,39705
16,0.28,2.0,0.0002096381315165353,0.014478885713912355,0.9995999932289124,0.0010457886413639643,0.0008009334378749726,69,100,100,80589
16,0.28,2.0,0.0003071069083331647,0.0175244659928103,0.9991999864578247,0.0015548526283467028,0.0011856990209450067,57,100,100,7281
16,0.28,2.0,0.00044989264340259425,0.02121067286539006,0.9980999827384949,0.0022262277804922124,0.001679713224431785,47,100,100,4443
16,0.28,2.0,0.000659064922004935,0.02567225977597093,0.9982999563217163,0.003343728914358457,0.002526534105964104,39,100,100,36803
16,0.28,2.0,0.0009654893846056303,0.031072325059538598,0.9979999661445618,0.004745473634081691,0.00359960697128414,32,100,100,24338
16,0.28,2.0,0.0014143822871810778,0.03760827418509227,0.9968999624252319,0.006914280977617091,0.00535619004076433,27,100,100,90603
16,0.28,2.0,0.002071982650652037,0.04551903613491873,0.9945999979972839,0.01039767987187991,0.007932798623848655,22,100,100,2862
16,0.28,2.0,0.0030353265475060406,0.05509379772266603,0.9901999831199646,0.015200966484795441,0.01150847902059114,18,100,100,29906
16,0.28,2.0,0.004446565827708846,0.06668257514305252,0.988599956035614,0.022282758810017983,0.016862888708261817,15,100,100,82290
16,0.28,2.0,0.006513944167356084,0.08070900920811805,0.9857999682426453,0.03317219342540292,0.025274169252794403,12,100,100,85840
16,0.28,2.0,0.009542525683758019,0.0976858520142913,0.9745000004768372,0.04882245592187741,0.03679282635701407,10,100,100,55177
16,0.28,2.0,0.013979210457700486,0.11823371117283127,0.967199981212616,0.07180130322291728,0.05440923610092596,8,100,100,66790
16,0.28,2.0,0.020478679491876803,0.14310373682010125,0.9508000016212463,0.10477848968421115,0.0792224724403526,7,100,100,6102
16,0.28,2.0,0.03,0.17320508075688773,0.9233999848365784,0.15968052818436668,0.12203572001579095,6,100,100,97325
16,0.28,2.0,0.04947368421052632,0.22242680641174148,0.8313999772071838,0.3532377046847334,0.2815915621660602,4,100,100,70842
16,0.28,2.0,0.06894736842105263,0.26257830912139835,0.625,0.8828376689616854,0.7137068262030395,4,100,100,53534
16,0.28,2.0,0.08842105263157896,0.29735677667001126,0.38089999556541443,1.9580566796649321,1.4965758268673908,3,100,100,205
16,0.28,2.0,0.10789473684210528,0.3284733426658932,0.15489999949932098,4.505649714817178,2.975343875898061,3,100,100,25128
16,0.28,2.0,0.12736842105263158,0.35688712648767756,0.0405999980866909,9.293637033874216,5.094771450655996,3,100,100,3258
16,0.28,2.0,0.14684210526315788,0.38319982419510307,0.008799999952316284,16.61667799344253,8.613406677164665,3,100,100,99912
16,0.28,2.0,0.16631578947368422,0.4078183290065372,0.007699999958276749,16.485178550895903,7.246628909680454,2,100,100,70515
16,0.28,2.0,0.18578947368421053,0.4310330308505492,0.0030999998562037945,23.520385140068715,9.772601774289555,2,100,100,78031
16,0.28,2.0,0.20526315789473684,0.45305977298225986,0.000699999975040555,32.42937622038863,14.859157230514967,2,100,100,95276
16,0.28,2.0,0.22473684210526315,0.4740641750915831,0.0005999999702908099,45.938192590670035,145.15723408893965,2,100,100,80039
16,0.28,2.0,0.2442105263157895,0.4941766144970738,9.999999747378752e-05,1267.432208700932,67080.02705771493,2,100,100,50874
16,0.28,2.0,0.26368421052631574,0.513501908980206,0.0,3805.977659556217,103453.17066406814,2,100,100,64445
16,0.28,2.0,0.28315789473684216,0.5321258260382051,0.0,15105.642667355016,222886.9149930696,2,100,100,9094
16,0.28,2.0,0.3026315789473685,0.5501196042201809,0.0,57057.555035584825,453981.85699285584,2,100,100,9454
16,0.28,2.0,0.32210526315789473,0.5675431817561504,0.0,640899.3860979266,50419518.94924721,2,100,100,51136
16,0.28,2.0,0.3415789473684211,0.5844475574150525,0.0,3.807479929285374e+19,3.806795195803397e+21,2,100,100,35595
16,0.28,2.0,0.3610526315789474,0.6008765526952665,0.0,5.434221054290181e+18,5.429809396249621e+20,2,100,100,68369
16,0.28,2.0,0.3805263157894737,0.616868151057804,0.0,4.302992203818403e+25,4.175227113503667e+27,2,100,100,97872
16,0.28,2.0,0.4,0.6324555320336759,0.0,5.495559368527413e+28,5.493419901714202e+30,2,100,100,54794
16,0.28,5.0,1e-06,0.001,0.9998999834060669,6.670389561142542e-06,5.111004407489567e-06,1000,100,100,999
16,0.28,5.0,1.4649382061914714e-06,0.0012103463166348181,1.0,9.676794674123813e-06,7.4976459720478806e-06,826,100,100,37779
16,0.28,5.0,2.1460439479594814e-06,0.0014649382061914698,1.0,1.4207400586332143e-05,1.0992066713503768e-05,683,100,100,2619
16,0.28,5.0,3.1438217715318246e-06,0.0017730825619614629,1.0,2.135729926106933e-05,1.6380547448727073e-05,564,100,100,74647
16,0.28,5.0,4.605504626573514e-06,0.0021460439479594807,0.9998999834060669,3.085520919110536e-05,2.425856394645546e-05,466,100,100,71511
16,0.28,5.0,6.7467796862591274e-06,0.002597456387749201,1.0,4.527787927524685e-05,3.503492516189663e-05,385,100,100,5885
16,0.28,5.0,9.883615331157482e-06,0.0031438217715318217,1.0,6.542021844458361e-05,5.1411575653744886e-05,318,100,100,22667
16,0.28,5.0,1.4478885713912363e-05,0.0038051131013298886,1.0,9.737084542146875e-05,7.599589797465e-05,263,100,100,44076
16,0.28,5.0,2.1210672865390052e-05,0.004605504626573515,1.0,0.0001410062760017496,0.00010965096007346454,217,100,100,65467
16,0.28,5.0,3.1072325059538616e-05,0.005574255561017867,0.9997999668121338,0.00020616096632581675,0.00015887756142592005,179,100,100,16592
16,0.28,5.0,4.55190361349187e-05,0.0067467796862591195,0.9998999834060669,0.0003028015339630457,0.00023505792629178448,148,100,100,30280
16,0.28,5.0,6.668257514305255e-05,0.008165939942410338,0.9994999766349792,0.00045592784899789365,0.0003502735054657285,122,100,100,7945
16,0.28,5.0,9.768585201429122e-05,0.009883615331157482,0.9994999766349792,0.000653440617073386,0.0005100492659884522,101,100,100,18813
16,0.28,5.0,0.00014310373682010125,0.011962597411101873,0.9997999668121338,0.0009504508339458739,0.0007476659231069609,84,100,100,59248
16,0.28,5.0,0.0002096381315165353,0.014478885713912355,0.9995999932289124,0.0013986147563283852,0.001093331578445993,69,100,100,99147
16,0.28,5.0,0.0003071069083331647,0.0175244659928103,0.9987999796867371,0.0020358895710334765,0.0016019809978477127,57,100,100,64881
16,0.28,5.0,0.00044989264340259425,0.02121067286539006,0.9987999796867371,0.0030031260730647887,0.002328072778463865,47,100,100,92242
16,0.28,5.0,0.000659064922004935,0.02567225977597093,0.9973999857902527,0.004424544788654191,0.0034179689373169536,39,100,100,22641
16,0.28,5.0,0.0009654893846056303,0.031072325059538598,0.9968999624252319,0.0064483175573491315,0.005011749833823201,32,100,100,83072
16,0.28,5.0,0.0014143822871810778,0.03760827418509227,0.9960999488830566,0.008993114930530968,0.007002342393869933,27,100,100,23861
16,0.28,5.0,0.002071982650652037,0.04551903613491873,0.9925999641418457,0.013831187665055743,0.010804572818662789,22,100,100,51440
16,0.28,5.0,0.0030353265475060406,0.05509379772266603,0.9882999658584595,0.0205474513902951,0.01581976229137084,18,100,100,61110
16,0.28,5.0,0.004446565827708846,0.06668257514305252,0.9861999750137329,0.029906549933637155,0.023234803088213633,15,100,100,33107
16,0.28,5.0,0.006513944167356084,0.08070900920811805,0.9781999588012695,0.04692949558797648,0.03626527206257237,12,100,100,37430
16,0.28,5.0,0.009542525683758019,0.0976858520142913,0.963699996471405,0.06972826987781452,0.054326610710807334,10,100,100,89921
16,0.28,5.0,0.013979210457700486,0.11823371117283127,0.9432999491691589,0.11663537258881927,0.08925913645780256,8,100,100,67388
16,0.28,5.0,0.020478679491876803,0.14310373682010125,0.9050999879837036,0.18340735528522684,0.14461954696435528,7,100,100,66550
16,0.28,5.0,0.03,0.17320508075688773,0.758899986743927,0.52994231497709,0.4162913552456571,6,100,100,55927
16,0.28,5.0,0.04947368421052632,0.22242680641174148,0.18379999697208405,4.075132957384036,2.6971769267412005,4,100,100,24689
16,0.28,5.0,0.06894736842105263,0.26257830912139835,0.0,78.4809109146948,19.208650792569987,4,100,100,32052
16,0.28,5.0,0.08842105263157896,0.29735677667001126,0.0,141.0314661395092,30.877925834568213,3,100,100,25319
16,0.28,5.0,0.10789473684210528,0.3284733426658932,0.0,318.1352853093108,68.50280601031677,3,100,100,70574
16,0.28,5.0,0.12736842105263158,0.35688712648767756,0.0,4.928803039901721e+40,4.0007486848115335e+42,3,100,100,38359
16,0.28,5.0,0.14684210526315788,0.38319982419510307,0.0,1.7849021429997697e+65,1.7779479946714044e+67,3,100,100,67576
16,0.28,5.0,0.16631578947368422,0.4078183290065372,0.0,369381.925829944,2491816.1732425713,2,100,100,18367
16,0.28,5.0,0.18578947368421053,0.4310330308505492,0.0,2.865757780035667e+16,2.4224057421326915e+18,2,100,100,63395
16,0.28,5.0,0.20526315789473684,0.45305977298225986,0.0,4.260193535096055e+23,2.8601542023898767e+25,2,100,100,26966
16,0.28,5.0,0.22473684210526315,0.4740641750915831,0.0,3.911223379086937e+26,2.0931905412143083e+28,2,100,100,27692
16,0.28,5.0,0.2442105263157895,0.4941766144970738,0.0,1.6269117088893008e+36,1.6172639106448245e+38,2,100,100,22831
16,0.28,5.0,0.26368421052631574,0.513501908980206,0.0,8.459418705735073e+39,8.437838107500035e+41,2,100,100,78652
16,0.28,5.0,0.28315789473684216,0.5321258260382051,0.0,4.751616664807442e+41,4.707330892846239e+43,2,100,100,60384
16,0.28,5.0,0.3026315789473685,0.5501196042201809,0.0,2.1836087528324683e+47,2.1820255543853894e+49,2,100,100,43555
16,0.28,5.0,0.32210526315789473,0.5675431817561504,0.0,3.078796031999129e+48,2.8427833873652822e+50,2,100,100,3685
16,0.28,5.0,0.3415789473684211,0.5844475574150525,0.0,4.983120448348845e+52,4.851263650329226e+54,2,100,100,42638
16,0.28,5.0,0.3610526315789474,0.6008765526952665,0.0,4.799047018963697e+54,3.164530529595924e+56,2,100,100,92397
16,0.28,5.0,0.3805263157894737,0.616868151057804,0.0,6.714715526523485e+56,4.809425005520833e+58,2,100,100,90717
16,0.28,5.0,0.4,0.6324555320336759,0.0,1.0458837694999888e+60,8.871357429520986e+61,2,100,100,12015
16,0.28,10.0,1e-06,0.001,1.0,1.1657095090288295e-05,8.819675311137485e-06,1000,100,100,87167
16,0.28,10.0,1.4649382061914714e-06,0.0012103463166348181,1.0,1.7331373651092008e-05,1.3136698717441044e-05,826,100,100,24694
16,0.28,10.0,2.1460439479594814e-06,0.0014649382061914698,1.0,2.5623040401592335e-05,1.949172830235708e-05,683,100,100,91678
16,0.28,10.0,3.1438217715318246e-06,0.0017730825619614629,1.0,3.809781071506109e-05,2.8936211889014234e-05,564,100,100,44979
16,0.28,10.0,4.605504626573514e-06,0.0021460439479594807,1.0,5.4647040622938905e-05,4.1544465474533233e-05,466,100,100,78749
16,0.28,10.0,6.7467796862591274e-06,0.002597456387749201,0.9998999834060669,8.099691196513277e-05,6.251592770891588e-05,385,100,100,39275
16,0.28,10.0,9.883615331157482e-06,0.0031438217715318217,0.9997999668121338,0.0001170006463970708,8.984264947636823e-05,318,100,100,68634
16,0.28,10.0,1.4478885713912363e-05,0.0038051131013298886,0.9997999668121338,0.00017170861656167063,0.0001285944542355116,263,100,100,88516
16,0.28,10.0,2.1210672865390052e-05,0.004605504626573515,0.9998999834060669,0.0002514552809554573,0.00019136197692496163,217,100,100,92465
16,0.28,10.0,3.1072325059538616e-05,0.005574255561017867,1.0,0.00037024080203251514,0.0002810623952065697,179,100,100,15872
16,0.28,10.0,4.55190361349187e-05,0.0067467796862591195,0.9995999932289124,0.0005357812494423456,0.00040977860672404,148,100,100,10918
16,0.28,10.0,6.668257514305255e-05,0.008165939942410338,0.9993999600410461,0.0007901481844917669,0.0006033274922556805,122,100,100,44281
16,0.28,10.0,9.768585201429122e-05,0.009883615331157482,0.9996999502182007,0.001136940637504,0.0008722421791968753,101,100,100,91398
16,0.28,10.0,0.00014310373682010125,0.011962597411101873,0.9994999766349792,0.001708526651005218,0.0013113142701012667,84,100,100,42954
16,0.28,10.0,0.0002096381315165353,0.014478885713912355,0.9985999464988708,0.002469310900964712,0.0018667743653222545,69,100,100,95537
16,0.28,10.0,0.0003071069083331647,0.0175244659928103,0.9977999925613403,0.0036384521547953227,0.0027783862011991635,57,100,100,40178
16,0.28,10.0,0.00044989264340259425,0.02121067286539006,0.996999979019165,0.005324267044654016,0.004064393676030849,47,100,100,24505
16,0.28,10.0,0.000659064922004935,0.02567225977597093,0.9960999488830566,0.00794659245416492,0.006053932054697794,39,100,100,58652
16,0.28,10.0,0.0009654893846056303,0.031072325059538598,0.9942999482154846,0.011498641096764857,0.008743948446707265,32,100,100,36060
16,0.28,10.0,0.0014143822871810778,0.03760827418509227,0.9919999837875366,0.01766843111620329,0.01355953959893705,27,100,100,6952
16,0.28,10.0,0.002071982650652037,0.04551903613491873,0.9866999983787537,0.024831401665744653,0.018808567349953183,22,100,100,28679
16,0.28,10.0,0.0030353265475060406,0.05509379772266603,0.9825999736785889,0.03533802148945226,0.027175319222310236,18,100,100,9830
16,0.28,10.0,0.004446565827708846,0.06668257514305252,0.972599983215332,0.05505050763397467,0.0421391861552004,15,100,100,14164
16,0.28,10.0,0.006513944167356084,0.08070900920811805,0.962399959564209,0.07501078434426689,0.056408856289867526,12,100,100,68413
16,0.28,10.0,0.009542525683758019,0.0976858520142913,0.945099949836731,0.12219125786928776,0.09268384200588226,10,100,100,30268
16,0.28,10.0,0.013979210457700486,0.11823371117283127,0.8899999856948853,0.23189425875216554,0.18289677554517866,8,100,100,34172
16,0.28,10.0,0.020478679491876803,0.14310373682010125,0.5971999764442444,0.968295555849137,0.7622313887616997,7,100,100,25569
16,0.28,10.0,0.03,0.17320508075688773,0.002199999988079071,101.35651574668033,33.46280887213377,6,100,100,5990
16,0.28,10.0,0.04947368421052632,0.22242680641174148,0.0,658.8003585562874,152.81124809243974,4,100,100,70637
16,0.28,10.0,0.06894736842105263,0.26257830912139835,0.0,4.732795792969425e+55,4.732559147263511e+57,4,100,100,10274
16,0.28,10.0,0.08842105263157896,0.29735677667001126,0.0,1.5192117522122351e+69,1.397319510433464e+71,3,100,100,45436
16,0.28,10.0,0.10789473684210528,0.3284733426658932,0.0,1.4376387351825838e+169,inf,3,100,100,62055
16,0.28,10.0,0.12736842105263158,0.35688712648767756,0.0,8.542074523407776e+252,inf,3,100,100,71091
16,0.28,10.0,0.14684210526315788,0.38319982419510307,0.0,inf,nan,3,100,100,1521
16,0.28,10.0,0.16631578947368422,0.4078183290065372,0.0,1.024092960031072e+43,9.414387760371024e+44,2,100,100,16269
16,0.28,10.0,0.18578947368421053,0.4310330308505492,0.0,1.8769473236177263e+48,9.864710571751375e+49,2,100,100,67384
16,0.28,10.0,0.20526315789473684,0.45305977298225986,0.0,1.9486383421661532e+55,1.922805549984287e+57,2,100,100,13907
16,0.28,10.0,0.22473684210526315,0.4740641750915831,0.0,1.1996689885484232e+60,1.1112154973396265e+62,2,100,100,87050
16,0.28,10.0,0.2442105263157895,0.4941766144970738,0.0,8.661781432196279e+61,3.987513727526859e+63,2,100,100,72540
16,0.28,10.0,0.26368421052631574,0.513501908980206,0.0,8.90829402880685e+65,4.048973951081877e+67,2,100,100,23852
16,0.28,10.0,0.28315789473684216,0.5321258260382051,0.0,1.1811206180800603e+72,1.1675551334733306e+74,2,100,100,27897
16,0.28,10.0,0.3026315789473685,0.5501196042201809,0.0,1.4149018749348416e+75,1.2474164637474004e+77,2,100,100,12377
16,0.28,10.0,0.32210526315789473,0.5675431817561504,0.0,5.811852272792831e+90,5.811551525291106e+92,2,100,100,52017
16,0.28,10.0,0.3415789473684211,0.5844475574150525,0.0,8.977342397318745e+84,8.911098793338438e+86,2,100,100,91780
16,0.28,10.0,0.3610526315789474,0.6008765526952665,0.0,1.155120153573711e+91,9.607982379962644e+92,2,100,100,42382
16,0.28,10.0,0.3805263157894737,0.616868151057804,0.0,3.500217162453136e+99,3.369183069974302e+101,2,100,100,67145
16,0.28,10.0,0.4,0.6324555320336759,0.0,2.1212737618884237e+114,2.1194235384093627e+116,2,100,100,25096
16,0.28,100.0,1e-06,0.001,1.0,4.761529063499666e-05,3.545448292015218e-05,1000,100,100,27050
16,0.28,100.0,1.4649382061914714e-06,0.0012103463166348181,1.0,6.709617504919834e-05,5.0562063483186564e-05,826,100,100,64287
16,0.28,100.0,2.1460439479594814e-06,0.0014649382061914698,1.0,0.00010198279719132871,8.118543129649438e-05,683,100,100,24981
16,0.28,100.0,3.1438217715318246e-06,0.0017730825619614629,0.9998999834060669,0.00015130436260529337,0.00011195132805621888,564,100,100,64302
16,0.28,100.0,4.605504626573514e-06,0.0021460439479594807,1.0,0.0002113211480743928,0.00016814708291123615,466,100,100,45830
16,0.28,100.0,6.7467796862591274e-06,0.002597456387749201,0.9995999932289124,0.0003094061758558553,0.00023469728362696202,385,100,100,47780
16,0.28,100.0,9.883615331157482e-06,0.0031438217715318217,0.9998999834060669,0.00047456150666804435,0.0003662153547120347,318,100,100,37799
16,0.28,100.0,1.4478885713912363e-05,0.0038051131013298886,0.9995999932289124,0.000646667609027503,0.0005090963536551046,263,100,100,67546
16,0.28,100.0,2.1210672865390052e-05,0.004605504626573515,0.9997999668121338,0.001042853294221601,0.0007668757500731176,217,100,100,27929
16,0.28,100.0,3.1072325059538616e-05,0.005574255561017867,0.9994999766349792,0.0014138088242828474,0.0010866293500866049,179,100,100,34263
16,0.28,100.0,4.55190361349187e-05,0.0067467796862591195,0.9985999464988708,0.002366042136273245,0.0018073687566197152,148,100,100,28926
16,0.28,100.0,6.668257514305255e-05,0.008165939942410338,0.9979999661445618,0.003118255002235685,0.0024019737959419217,122,100,100,12385
16,0.28,100.0,9.768585201429122e-05,0.009883615331157482,0.9971999526023865,0.004631840241637355,0.003635865061673701,101,100,100,94313
16,0.28,100.0,0.00014310373682010125,0.011962597411101873,0.9960999488830566,0.0068215581876524085,0.005334246469065968,84,100,100,5137
16,0.28,100.0,0.0002096381315165353,0.014478885713912355,0.9941999912261963,0.009759650322644888,0.0074280307411954604,69,100,100,61632
16,0.28,100.0,0.0003071069083331647,0.0175244659928103,0.993399977684021,0.014942126145579762,0.01124843500578255,57,100,100,87833
16,0.28,100.0,0.00044989264340259425,0.02121067286539006,0.9902999997138977,0.022515580975514555,0.01713491475912419,47,100,100,80810
16,0.28,100.0,0.000659064922004935,0.02567225977597093,0.9817000031471252,0.035048330912156096,0.02690177524105465,39,100,100,93171
16,0.28,100.0,0.0009654893846056303,0.031072325059538598,0.9733999967575073,0.05474430410459678,0.04227268772543883,32,100,100,72377
16,0.28,100.0,0.0014143822871810778,0.03760827418509227,0.9531999826431274,0.09042474197849906,0.06832055019369127,27,100,100,60114
16,0.28,100.0,0.002071982650652037,0.04551903613491873,0.0015999999595806003,190.3532154084414,247.61638382014314,22,100,100,85099
16,0.28,100.0,0.0030353265475060406,0.05509379772266603,0.0,nan,nan,18,100,100,27504
16,0.28,100.0,0.004446565827708846,0.06668257514305252,0.0,nan,nan,15,100,100,73284
16,0.28,100.0,0.006513944167356084,0.08070900920811805,0.0,nan,nan,12,100,100,69522
16,0.28,100.0,0.009542525683758019,0.0976858520142913,0.0,nan,nan,10,100,100,54842
16,0.28,100.0,0.013979210457700486,0.11823371117283127,0.0,nan,nan,8,100,100,95312
16,0.28,100.0,0.020478679491876803,0.14310373682010125,0.0,nan,nan,7,100,100,60133
16,0.28,100.0,0.03,0.17320508075688773,0.0,nan,nan,6,100,100,84618
16,0.28,100.0,0.04947368421052632,0.22242680641174148,0.0,nan,nan,4,100,100,41734
16,0.28,100.0,0.06894736842105263,0.26257830912139835,0.0,nan,nan,4,100,100,12228
16,0.28,100.0,0.08842105263157896,0.29735677667001126,0.0,nan,nan,3,100,100,68688
16,0.28,100.0,0.10789473684210528,0.3284733426658932,0.0,nan,nan,3,100,100,48098
16,0.28,100.0,0.12736842105263158,0.35688712648767756,0.0,nan,nan,3,100,100,99204
16,0.28,100.0,0.14684210526315788,0.38319982419510307,0.0,nan,nan,3,100,100,94789
16,0.28,100.0,0.16631578947368422,0.4078183290065372,0.0,5.0108764308014677e+197,inf,2,100,100,5788
16,0.28,100.0,0.18578947368421053,0.4310330308505492,0.0,3.595870667776218e+213,inf,2,100,100,815
16,0.28,100.0,0.20526315789473684,0.45305977298225986,0.0,2.0872767518181223e+215,inf,2,100,100,30354
16,0.28,100.0,0.22473684210526315,0.4740641750915831,0.0,4.3590698081273386e+232,inf,2,100,100,48283
16,0.28,100.0,0.2442105263157895,0.4941766144970738,0.0,2.310666326897419e+241,inf,2,100,100,37111
16,0.28,100.0,0.26368421052631574,0.513501908980206,0.0,4.6790062586153244e+243,inf,2,100,100,67010
16,0.28,100.0,0.28315789473684216,0.5321258260382051,0.0,2.7909982375343145e+250,inf,2,100,100,81917
16,0.28,100.0,0.3026315789473685,0.5501196042201809,0.0,6.129676653299886e+261,inf,2,100,100,30440
16,0.28,100.0,0.32210526315789473,0.5675431817561504,0.0,1.549323978203127e+266,inf,2,100,100,55255
16,0.28,100.0,0.3415789473684211,0.5844475574150525,0.0,4.2491268095967865e+271,inf,2,100,100,89555
16,0.28,100.0,0.3610526315789474,0.6008765526952665,0.0,9.498799155689757e+281,inf,2,100,100,79694
16,0.28,100.0,0.3805263157894737,0.616868151057804,0.0,1.231894522196755e+282,inf,2,100,100,41418
16,0.28,100.0,0.4,0.6324555320336759,0.0,3.6397181316182074e+292,inf,2,100,100,73361
32,0.85,0.1,1e-06,0.001,1.0,2.9716539269429635e-06,2.1862593738799606e-06,1000,100,100,44318
32,0.85,0.1,1.4649382061914714e-06,0.0012103463166348181,1.0,4.213356779291644e-06,3.2361823262628035e-06,826,100,100,15053
32,0.85,0.1,2.1460439479594814e-06,0.0014649382061914698,1.0,6.284807315569197e-06,4.715182165641484e-06,683,100,100,17844
32,0.85,0.1,3.1438217715318246e-06,0.0017730825619614629,1.0,8.964993565496116e-06,6.868397789641768e-06,564,100,100,79500
32,0.85,0.1,4.605504626573514e-06,0.0021460439479594807,1.0,1.3770367508004711e-05,1.0401121955711049e-05,466,100,100,74089
32,0.85,0.1,6.7467796862591274e-06,0.002597456387749201,1.0,1.9617750126781175e-05,1.4442528506643863e-05,385,100,100,61493
32,0.85,0.1,9.883615331157482e-06,0.0031438217715318217,0.9998999834060669,2.9125831002056657e-05,2.201532695369673e-05,318,100,100,97046
32,0.85,0.1,1.4478885713912363e-05,0.0038051131013298886,1.0,4.246482545258914e-05,3.2411750174174474e-05,263,100,100,18721
32,0.85,0.1,2.1210672865390052e-05,0.004605504626573515,1.0,6.236547502303438e-05,4.62138695500098e-05,217,100,100,43883
32,0.85,0.1,3.1072325059538616e-05,0.005574255561017867,1.0,9.010170768851822e-05,6.753353451755281e-05,179,100,100,71974
32,0.85,0.1,4.55190361349187e-05,0.0067467796862591195,0.9998999834060669,0.00013613557918833977,9.996771732714481e-05,148,100,100,26182
32,0.85,0.1,6.668257514305255e-05,0.008165939942410338,0.9998999834060669,0.00021430074961626815,0.0001558545768402696,122,100,100,12186
32,0.85,0.1,9.768585201429122e-05,0.009883615331157482,0.9998999834060669,0.00028126941847240235,0.0002167954436652979,101,100,100,49492
32,0.85,0.1,0.00014310373682010125,0.011962597411101873,0.9997999668121338,0.0003979356216150336,0.0003001176714831762,84,100,100,30909
32,0.85,0.1,0.0002096381315165353,0.014478885713912355,0.9997999668121338,0.000629088779034646,0.0004674694999525757,69,100,100,29075
32,0.85,0.1,0.0003071069083331647,0.0175244659928103,0.9996999502182007,0.0009251155704501798,0.0006949373403687992,57,100,100,27419
32,0.85,0.1,0.00044989264340259425,0.02121067286539006,0.9991999864578247,0.0015053622089308191,0.001116806467880236,47,100,100,79788
32,0.85,0.1,0.000659064922004935,0.02567225977597093,0.9989999532699585,0.001957860055841411,0.0015844946456800575,39,100,100,61094
32,0.85,0.1,0.0009654893846056303,0.031072325059538598,0.998699963092804,0.0028700952894863806,0.0021895392507471616,32,100,100,36118
32,0.85,0.1,0.0014143822871810778,0.03760827418509227,0.9973999857902527,0.0042455368402776,0.0032235374783099982,27,100,100,6353
32,0.85,0.1,0.002071982650652037,0.04551903613491873,0.9976999759674072,0.006192068551550802,0.004617787201061535,22,100,100,90596
32,0.85,0.1,0.0030353265475060406,0.05509379772266603,0.995199978351593,0.008704258340154957,0.006915065596496884,18,100,100,98604
32,0.85,0.1,0.004446565827708846,0.06668257514305252,0.9937999844551086,0.013147693689488187,0.009846198904349355,15,100,100,90861
32,0.85,0.1,0.006513944167356084,0.08070900920811805,0.9904999732971191,0.018649738003948917,0.014204987920071181,12,100,100,33106
32,0.85,0.1,0.009542525683758019,0.0976858520142913,0.9853000044822693,0.029619330033599,0.021363000707309482,10,100,100,78640
32,0.85,0.1,0.013979210457700486,0.11823371117283127,0.9785999655723572,0.04109355104660008,0.03046023912153214,8,100,100,71028
32,0.85,0.1,0.020478679491876803,0.14310373682010125,0.9684999585151672,0.06187283713865327,0.04596286819910435,7,100,100,93677
32,0.85,0.1,0.03,0.17320508075688773,0.9532999992370605,0.08859674621808936,0.0672048583714166,6,100,100,90108
32,0.85,0.1,0.04947368421052632,0.22242680641174148,0.9138999581336975,0.16282256672452022,0.12362839505342405,4,100,100,94058
32,0.85,0.1,0.06894736842105263,0.26257830912139835,0.8661999702453613,0.28576531103823494,0.21362265768074887,4,100,100,48844
32,0.85,0.1,0.08842105263157896,0.29735677667001126,0.776199996471405,0.46514510939428566,0.3511799036593449,3,100,100,99151
32,0.85,0.1,0.10789473684210528,0.3284733426658932,0.6459000110626221,0.8115662963646686,0.6167712832856153,3,100,100,95403
32,0.85,0.1,0.12736842105263158,0.35688712648767756,0.4449999928474426,1.564385652700329,1.150618196797351,3,100,100,23067
32,0.85,0.1,0.14684210526315788,0.38319982419510307,0.21660000085830688,3.5785722770484965,2.847643220310177,3,100,100,72003
32,0.85,0.1,0.16631578947368422,0.4078183290065372,0.10920000076293945,5.570314329881812,3.180207457976697,2,100,100,36488
32,0.85,0.1,0.18578947368421053,0.4310330308505492,0.029899999499320984,10.319972857063508,4.8638525176554,2,100,100,93702
32,0.85,0.1,0.20526315789473684,0.45305977298225986,0.010099999606609344,19.16859579554191,8.269436134947792,2,100,100,67405
32,0.85,0.1,0.22473684210526315,0.4740641750915831,0.0016999999061226845,42.22628764373909,16.431259231744836,2,100,100,96871
32,0.85,0.1,0.2442105263157895,0.4941766144970738,9.999999747378752e-05,79.81389972656015,29.304455441908768,2,100,100,36225
32,0.85,0.1,0.26368421052631574,0.513501908980206,0.00019999999494757503,122.92695238567126,44.57909322185217,2,100,100,8943
32,0.85,0.1,0.28315789473684216,0.5321258260382051,9.999999747378752e-05,206.48745753366399,73.64140794747138,2,100,100,10817
32,0.85,0.1,0.3026315789473685,0.5501196042201809,0.0,251.5755829238177,93.10330515814363,2,100,100,1133
32,0.85,0.1,0.32210526315789473,0.5675431817561504,0.0,365.53138632683,128.46804260903863,2,100,100,96983
32,0.85,0.1,0.3415789473684211,0.5844475574150525,0.0,569.0546528030386,162.19293006664435,2,100,100,56974
32,0.85,0.1,0.3610526315789474,0.6008765526952665,0.0,833.4612139744726,244.13625017938293,2,100,100,35489
32,0.85,0.1,0.3805263157894737,0.616868151057804,0.0,917.110215277537,432.2221389760095,2,100,100,72973
32,0.85,0.1,0.4,0.6324555320336759,0.0,860.4878122825814,401.76375595244986,2,100,100,58758
32,0.85,0.5,1e-06,0.001,0.9998999834060669,6.565082709812487e-06,4.8963680241675925e-06,1000,100,100,9822
32,0.85,0.5,1.4649382061914714e-06,0.0012103463166348181,1.0,9.20205008260382e-06,6.905027015617199e-06,826,100,100,6707
32,0.85,0.5,2.1460439479594814e-06,0.0014649382061914698,1.0,1.3327819936694141e-05,9.984701083563685e-06,683,100,100,31215
32,0.85,0.5,3.1438217715318246e-06,0.0017730825619614629,1.0,1.977621057912984e-05,1.4758487493169272e-05,564,100,100,89562
32,0.85,0.5,4.605504626573514e-06,0.0021460439479594807,0.9998999834060669,2.7426084696162435e-05,2.0611741323566786e-05,466,100,100,74741
32,0.85,0.5,6.7467796862591274e-06,0.002597456387749201,0.9998999834060669,4.3296077950435576e-05,3.2340790851633366e-05,385,100,100,96689
32,0.85,0.5,9.883615331157482e-06,0.0031438217715318217,1.0,6.238385348065094e-05,4.8597768970137826e-05,318,100,100,49871
32,0.85,0.5,1.4478885713912363e-05,0.0038051131013298886,1.0,9.526512746811022e-05,7.086004394493028e-05,263,100,100,3493
32,0.85,0.5,2.1210672865390052e-05,0.004605504626573515,0.9997999668121338,0.00013773131913849285,0.00010232993661259212,217,100,100,21028
32,0.85,0.5,3.1072325059538616e-05,0.005574255561017867,1.0,0.00018957710499430504,0.00014312184694907529,179,100,100,37116
32,0.85,0.5,4.55190361349187e-05,0.0067467796862591195,0.9995999932289124,0.0002823979617047371,0.00021516647371492187,148,100,100,78086
32,0.85,0.5,6.668257514305255e-05,0.008165939942410338,0.9997999668121338,0.00041919564521363103,0.00031606261813920734,122,100,100,72818
32,0.85,0.5,9.768585201429122e-05,0.009883615331157482,0.9994999766349792,0.0006138041905490354,0.0004705179259216247,101,100,100,14563
32,0.85,0.5,0.00014310373682010125,0.011962597411101873,0.9996999502182007,0.0009403014953807543,0.0007143064465212866,84,100,100,92557
32,0.85,0.5,0.0002096381315165353,0.014478885713912355,0.9990999698638916,0.0013428839672530559,0.0010369399478788509,69,100,100,31785
32,0.85,0.5,0.0003071069083331647,0.0175244659928103,0.9989999532699585,0.0019533258235404903,0.0014820430022731948,57,100,100,47441
32,0.85,0.5,0.00044989264340259425,0.02121067286539006,0.998699963092804,0.0027590246543434662,0.0021066323908717974,47,100,100,76520
32,0.85,0.5,0.000659064922004935,0.02567225977597093,0.9978999495506287,0.004132130236169996,0.0031257547324104002,39,100,100,67729
32,0.85,0.5,0.0009654893846056303,0.031072325059538598,0.996399998664856,0.006167856766119758,0.004680551477778333,32,100,100,65166
32,0.85,0.5,0.0014143822871810778,0.03760827418509227,0.9954999685287476,0.008753775150590946,0.006727899065043537,27,100,100,21041
32,0.85,0.5,0.002071982650652037,0.04551903613491873,0.9935999512672424,0.013204970468304055,0.009996762416309367,22,100,100,24474
32,0.85,0.5,0.0030353265475060406,0.05509379772266603,0.9921999573707581,0.01841508537768382,0.01394316740196382,18,100,100,98492
32,0.85,0.5,0.004446565827708846,0.06668257514305252,0.9848999977111816,0.0283921298588612,0.0210491925996886,15,100,100,25223
32,0.85,0.5,0.006513944167356084,0.08070900920811805,0.9827999472618103,0.04258484420475952,0.03147442343471881,12,100,100,42078
32,0.85,0.5,0.009542525683758019,0.0976858520142913,0.9672999978065491,0.059376412328930796,0.04486911716143184,10,100,100,89880
32,0.85,0.5,0.013979210457700486,0.11823371117283127,0.9562999606132507,0.09341338951335425,0.07058520080664392,8,100,100,28121
32,0.85,0.5,0.020478679491876803,0.14310373682010125,0.935699999332428,0.12964511511447177,0.09837381431399236,7,100,100,75271
32,0.85,0.5,0.03,0.17320508075688773,0.9035999774932861,0.19744689347228198,0.14878525960991973,6,100,100,39894
32,0.85,0.5,0.04947368421052632,0.22242680641174148,0.8173999786376953,0.3803252471630995,0.28688185353913004,4,100,100,4357
32,0.85,0.5,0.06894736842105263,0.26257830912139835,0.6753999590873718,0.7307079418181323,0.5544094996153008,4,100,100,90104
32,0.85,0.5,0.08842105263157896,0.29735677667001126,0.42969998717308044,1.6652819647197121,1.2186158991216975,3,100,100,2927
32,0.85,0.5,0.10789473684210528,0.3284733426658932,0.14749999344348907,4.381401783730617,2.681948597481156,3,100,100,92158
32,0.85,0.5,0.12736842105263158,0.35688712648767756,0.020600000396370888,11.016070966143449,4.895875234506036,3,100,100,19665
32,0.85,0.5,0.14684210526315788,0.38319982419510307,0.0038999998942017555,22.522199580735393,8.851170770991233,3,100,100,11649
32,0.85,0.5,0.16631578947368422,0.4078183290065372,0.0026000000070780516,28.549952250978148,10.361108458405196,2,100,100,93294
32,0.85,0.5,0.18578947368421053,0.4310330308505492,0.00029999998514540493,51.05452176792572,16.70031941639087,2,100,100,52509
32,0.85,0.5,0.20526315789473684,0.45305977298225986,9.999999747378752e-05,81.32045003636766,26.85133219892298,2,100,100,48725
32,0.85,0.5,0.22473684210526315,0.4740641750915831,0.0,122.52308239203313,36.3125644423189,2,100,100,87549
32,0.85,0.5,0.2442105263157895,0.4941766144970738,0.00029999998514540493,192.47800615176996,60.21701105515769,2,100,100,72151
32,0.85,0.5,0.26368421052631574,0.513501908980206,9.999999747378752e-05,187.3717134259746,74.84138942404762,2,100,100,21338
32,0.85,0.5,0.28315789473684216,0.5321258260382051,0.0,311.66901260261284,98.30630225705315,2,100,100,8784
32,0.85,0.5,0.3026315789473685,0.5501196042201809,0.0,486.4558441836647,150.84961141492568,2,100,100,32329
32,0.85,0.5,0.32210526315789473,0.5675431817561504,0.0,725.0658941808948,203.4750053944165,2,100,100,10920
32,0.85,0.5,0.3415789473684211,0.5844475574150525,9.999999747378752e-05,966.4374168538689,320.27985860778557,2,100,100,25526
32,0.85,0.5,0.3610526315789474,0.6008765526952665,0.00019999999494757503,357.10832174817654,306.8525305065242,2,100,100,71312
32,0.85,0.5,0.3805263157894737,0.616868151057804,0.0,431.4596725317412,148.2403455544018,2,100,100,6028
32,0.85,0.5,0.4,0.6324555320336759,0.0,646.3094049286841,204.9923648029966,2,100,100,84165
32,0.85,1.0,1e-06,0.001,1.0,8.648093587407857e-06,6.498194841175598e-06,1000,100,100,29266
32,0.85,1.0,1.4649382061914714e-06,0.0012103463166348181,0.9998999834060669,1.2757859574276154e-05,9.661818502529728e-06,826,100,100,59033
32,0.85,1.0,2.1460439479594814e-06,0.0014649382061914698,1.0,1.825308534739634e-05,1.399835635413692e-05,683,100,100,21239
32,0.85,1.0,3.1438217715318246e-06,0.0017730825619614629,1.0,2.7582534830025907e-05,2.064748194808453e-05,564,100,100,40869
32,0.85,1.0,4.605504626573514e-06,0.0021460439479594807,1.0,3.9758357110031285e-05,3.0057333247910523e-05,466,100,100,54520
32,0.85,1.0,6.7467796862591274e-06,0.002597456387749201,0.9998999834060669,5.765585453682434e-05,4.371880727380369e-05,385,100,100,24454
32,0.85,1.0,9.883615331157482e-06,0.0031438217715318217,0.9998999834060669,8.3483366765131e-05,6.417708463691333e-05,318,100,100,46058
32,0.85,1.0,1.4478885713912363e-05,0.0038051131013298886,1.0,0.00012322422672314133,9.299758576504471e-05,263,100,100,38886
32,0.85,1.0,2.1210672865390052e-05,0.004605504626573515,0.9995999932289124,0.00018199686637358355,0.0001390440559429739,217,100,100,19192
32,0.85,1.0,3.1072325059538616e-05,0.005574255561017867,0.9997999668121338,0.00026372529679520086,0.0002009989928423983,179,100,100,6622
32,0.85,1.0,4.55190361349187e-05,0.0067467796862591195,1.0,0.0003959705325047253,0.0002999710170156823,148,100,100,77317
32,0.85,1.0,6.668257514305255e-05,0.008165939942410338,0.9995999932289124,0.0005868066946388809,0.00044538663711306546,122,100,100,1057
32,0.85,1.0,9.768585201429122e-05,0.009883615331157482,0.9995999932289124,0.0008403360811204948,0.0006334197347683904,101,100,100,13332
32,0.85,1.0,0.00014310373682010125,0.011962597411101873,0.9996999502182007,0.0012379110582420708,0.0009302901431093512,84,100,100,44469
32,0.85,1.0,0.0002096381315165353,0.014478885713912355,0.9988999962806702,0.001834546449654954,0.0013851294649454913,69,100,100,61954
32,0.85,1.0,0.0003071069083331647,0.0175244659928103,0.998199999332428,0.0027025547233709857,0.0020739421978772698,57,100,100,79348
32,0.85,1.0,0.00044989264340259425,0.02121067286539006,0.998199999332428,0.0039107560095817465,0.002975438093578628,47,100,100,65017
32,0.85,1.0,0.000659064922004935,0.02567225977597093,0.9970999956130981,0.005835088885448159,0.004394996688420939,39,100,100,53391
32,0.85,1.0,0.0009654893846056303,0.031072325059538598,0.9959999918937683,0.008328730832013617,0.006338247213368095,32,100,100,34870
32,0.85,1.0,0.0014143822871810778,0.03760827418509227,0.9934999942779541,0.012243696914646853,0.00915688821424087,27,100,100,63460
32,0.85,1.0,0.002071982650652037,0.04551903613491873,0.9914999604225159,0.01785335003212076,0.013358175481368915,22,100,100,36394
32,0.85,1.0,0.0030353265475060406,0.05509379772266603,0.9872999787330627,0.02631932153779585,0.020118878359077007,18,100,100,14683
32,0.85,1.0,0.004446565827708846,0.06668257514305252,0.9804999828338623,0.03884289411046343,0.02957892792911522,15,100,100,38267
32,0.85,1.0,0.006513944167356084,0.08070900920811805,0.9722999930381775,0.05731044108946494,0.04344871233536849,12,100,100,55306
32,0.85,1.0,0.009542525683758019,0.0976858520142913,0.9559999704360962,0.08407364190339059,0.06387129411358364,10,100,100,19261
32,0.85,1.0,0.013979210457700486,0.11823371117283127,0.9388999938964844,0.1273249186310778,0.0989416341230553,8,100,100,57940
32,0.85,1.0,0.020478679491876803,0.14310373682010125,0.9101999998092651,0.18252011407868218,0.1383247500475734,7,100,100,99169
32,0.85,1.0,0.03,0.17320508075688773,0.8695999979972839,0.27519311512354583,0.2084503327712715,6,100,100,13882
32,0.85,1.0,0.04947368421052632,0.22242680641174148,0.7035999894142151,0.6636118568060695,0.513550610084051,4,100,100,74553
32,0.85,1.0,0.06894736842105263,0.26257830912139835,0.38359999656677246,1.9429813628758283,1.3901653065665842,4,100,100,46986
32,0.85,1.0,0.08842105263157896,0.29735677667001126,0.09129999577999115,6.000406347715598,3.3221568159792105,3,100,100,58647
32,0.85,1.0,0.10789473684210528,0.3284733426658932,0.0072999997064471245,16.180090033847424,6.346336963920803,3,100,100,21059
32,0.85,1.0,0.12736842105263158,0.35688712648767756,0.0007999999797903001,48.28336923296808,17.471797148691557,3,100,100,16916
32,0.85,1.0,0.14684210526315788,0.38319982419510307,0.0,106.79948615595833,33.120000162347104,3,100,100,84779
32,0.85,1.0,0.16631578947368422,0.4078183290065372,0.00039999998989515007,76.52545871792373,25.071772396404906,2,100,100,96387
32,0.85,1.0,0.18578947368421053,0.4310330308505492,9.999999747378752e-05,104.02351884547988,41.17918191835655,2,100,100,69844
32,0.85,1.0,0.20526315789473684,0.45305977298225986,0.0,169.37239165395604,51.94884364386252,2,100,100,20348
32,0.85,1.0,0.22473684210526315,0.4740641750915831,0.0,294.2821156402836,77.23813435835389,2,100,100,54024
32,0.85,1.0,0.2442105263157895,0.4941766144970738,0.00019999999494757503,423.8779141423165,187.8215392755716,2,100,100,95900
32,0.85,1.0,0.26368421052631574,0.513501908980206,9.999999747378752e-05,286.7999168869337,109.33640223645193,2,100,100,13726
32,0.85,1.0,0.28315789473684216,0.5321258260382051,0.0,491.8005567264874,147.47503750137594,2,100,100,96027
32,0.85,1.0,0.3026315789473685,0.5501196042201809,0.0,794.3098088009278,239.07213294931915,2,100,100,58285
32,0.85,1.0,0.32210526315789473,0.5675431817561504,0.0,1220.198950496208,1405.5285920487975,2,100,100,85570
32,0.85,1.0,0.3415789473684211,0.5844475574150525,0.0,2249.3170301950954,15706.625648043688,2,100,100,84619
32,0.85,1.0,0.3610526315789474,0.6008765526952665,0.0,3152.8685486100453,14022.061863438841,2,100,100,6331
32,0.85,1.0,0.3805263157894737,0.616868151057804,0.0,6460.619998770859,41777.65758517489,2,100,100,33552
32,0.85,1.0,0.4,0.6324555320336759,0.0,11335.242988955046,57926.45187395535,2,100,100,536
32,0.85,2.0,1e-06,0.001,1.0,1.01850224035843e-05,7.779538932247204e-06,1000,100,100,22461
32,0.85,2.0,1.4649382061914714e-06,0.0012103463166348181,1.0,1.4872197430258895e-05,1.1377793915585904e-05,826,100,100,29491
32,0.85,2.0,2.1460439479594814e-06,0.0014649382061914698,1.0,2.206261013332096e-05,1.6650180378425553e-05,683,100,100,20018
32,0.85,2.0,3.1438217715318246e-06,0.0017730825619614629,1.0,3.303827270644888e-05,2.4954001761893815e-05,564,100,100,89535
32,0.85,2.0,4.605504626573514e-06,0.0021460439479594807,1.0,4.7617238702696344e-05,3.6301777407124444e-05,466,100,100,49499
32,0.85,2.0,6.7467796862591274e-06,0.002597456387749201,1.0,6.895507146998625e-05,5.222860949021578e-05,385,100,100,66592
32,0.85,2.0,9.883615331157482e-06,0.0031438217715318217,1.0,0.00010224791947312043,7.720883269072555e-05,318,100,100,9812
32,0.85,2.0,1.4478885713912363e-05,0.0038051131013298886,0.9998999834060669,0.0001496516573494546,0.00011351704251873429,263,100,100,12107
32,0.85,2.0,2.1210672865390052e-05,0.004605504626573515,0.9996999502182007,0.0002193984489426157,0.00016727635559621385,217,100,100,27123
32,0.85,2.0,3.1072325059538616e-05,0.005574255561017867,1.0,0.000320218382548228,0.0002445597108972253,179,100,100,24183
32,0.85,2.0,4.55190361349187e-05,0.0067467796862591195,1.0,0.00046214400832070626,0.00035527755776185947,148,100,100,9194
32,0.85,2.0,6.668257514305255e-05,0.008165939942410338,0.9993999600410461,0.0006840389986500214,0.0005168774161266445,122,100,100,90700
32,0.85,2.0,9.768585201429122e-05,0.009883615331157482,0.9991999864578247,0.0010090024149076726,0.0007744182989127839,101,100,100,77866
32,0.85,2.0,0.00014310373682010125,0.011962597411101873,0.9993000030517578,0.0014862639372265449,0.0011304898858649514,84,100,100,58879
32,0.85,2.0,0.0002096381315165353,0.014478885713912355,0.9990999698638916,0.0021510061927569953,0.0016377381738125892,69,100,100,28541
32,0.85,2.0,0.0003071069083331647,0.0175244659928103,0.9985999464988708,0.003143861528199773,0.0023944092610467898,57,100,100,36489
32,0.85,2.0,0.00044989264340259425,0.02121067286539006,0.9968999624252319,0.004688007345327515,0.00358900910284701,47,100,100,53198
32,0.85,2.0,0.000659064922004935,0.02567225977597093,0.996999979019165,0.006754440765922937,0.005202962915511482,39,100,100,90737
32,0.85,2.0,0.0009654893846056303,0.031072325059538598,0.9950999617576599,0.009781455095480169,0.007503810679724922,32,100,100,12806
32,0.85,2.0,0.0014143822871810778,0.03760827418509227,0.9923999905586243,0.014131573048375982,0.010648824782751786,27,100,100,43638
32,0.85,2.0,0.002071982650652037,0.04551903613491873,0.988599956035614,0.02114756918414694,0.015997598263342013,22,100,100,73059
32,0.85,2.0,0.0030353265475060406,0.05509379772266603,0.9843999743461609,0.03136153687155238,0.023915949244166682,18,100,100,21438
32,0.85,2.0,0.004446565827708846,0.06668257514305252,0.9765999913215637,0.04602967956166242,0.034882791203370726,15,100,100,97585
32,0.85,2.0,0.006513944167356084,0.08070900920811805,0.9641000032424927,0.07064548103489245,0.05372226078283247,12,100,100,98743
32,0.85,2.0,0.009542525683758019,0.0976858520142913,0.9483000040054321,0.10290582217786341,0.07730319091955191,10,100,100,92182
32,0.85,2.0,0.013979210457700486,0.11823371117283127,0.9179999828338623,0.1623039148446308,0.12289641504589584,8,100,100,40726
32,0.85,2.0,0.020478679491876803,0.14310373682010125,0.8876000046730042,0.22807724820116862,0.1727790224367036,7,100,100,42218
32,0.85,2.0,0.03,0.17320508075688773,0.8051999807357788,0.3941114411762413,0.2955726912824009,6,100,100,19037
32,0.85,2.0,0.04947368421052632,0.22242680641174148,0.3877999782562256,1.8601639912256873,1.349820794342486,4,100,100,45977
32,0.85,2.0,0.06894736842105263,0.26257830912139835,0.023599999025464058,10.943574843311055,4.932696850138135,4,100,100,62874
32,0.85,2.0,0.08842105263157896,0.29735677667001126,0.0018999999156221747,30.804938005004125,11.533411735767963,3,100,100,73270
32,0.85,2.0,0.10789473684210528,0.3284733426658932,0.0,112.56861267023997,28.91544267311941,3,100,100,49328
32,0.85,2.0,0.12736842105263158,0.35688712648767756,9.999999747378752e-05,182.33382109835665,53.87469547634689,3,100,100,20930
32,0.85,2.0,0.14684210526315788,0.38319982419510307,0.0,454.1616530913895,95.48669223638764,3,100,100,3259
32,0.85,2.0,0.16631578947368422,0.4078183290065372,9.999999747378752e-05,179.3330535248772,83.22322393575892,2,100,100,44006
32,0.85,2.0,0.18578947368421053,0.4310330308505492,0.0,384.1645647694706,102.99156788286079,2,100,100,44403
32,0.85,2.0,0.20526315789473684,0.45305977298225986,0.0,770.3829085719683,339.695346432627,2,100,100,55938
32,0.85,2.0,0.22473684210526315,0.4740641750915831,0.0,2163.86404831394,49486.99479413169,2,100,100,96358
32,0.85,2.0,0.2442105263157895,0.4941766144970738,0.0,4885.451493651397,68593.06952365229,2,100,100,70149
32,0.85,2.0,0.26368421052631574,0.513501908980206,0.0,613147.7957402946,58933161.18657071,2,100,100,57486
32,0.85,2.0,0.28315789473684216,0.5321258260382051,0.0,21812005.09392948,1686975935.7104669,2,100,100,55594
32,0.85,2.0,0.3026315789473685,0.5501196042201809,0.0,4.3591074691135754e+18,4.299393697921774e+20,2,100,100,197
32,0.85,2.0,0.32210526315789473,0.5675431817561504,0.0,5.0494713790706595e+20,4.952106958120118e+22,2,100,100,89489
32,0.85,2.0,0.3415789473684211,0.5844475574150525,0.0,7.156715242895244e+24,5.387340521545213e+26,2,100,100,35559
32,0.85,2.0,0.3610526315789474,0.6008765526952665,0.0,7.710177642035746e+26,6.814051891648712e+28,2,100,100,11119
32,0.85,2.0,0.3805263157894737,0.616868151057804,0.0,3.0158067066945766e+28,2.313789830491373e+30,2,100,100,6581
32,0.85,2.0,0.4,0.6324555320336759,0.0,6.693294778484718e+35,6.643036038886751e+37,2,100,100,75180
32,0.85,5.0,1e-06,0.001,1.0,7.525929742996596e-06,5.785831378465787e-06,1000,100,100,26637
32,0.85,5.0,1.4649382061914714e-06,0.0012103463166348181,1.0,1.091737675225204e-05,8.470130191236496e-06,826,100,100,92102
32,0.85,5.0,2.1460439479594814e-06,0.0014649382061914698,1.0,1.600178647551047e-05,1.238460068951097e-05,683,100,100,86709
32,0.85,5.0,3.1438217715318246e-06,0.0017730825619614629,1.0,2.3688110829743892e-05,1.8228611794994547e-05,564,100,100,12061
32,0.85,5.0,4.605504626573514e-06,0.0021460439479594807,1.0,3.4814095528065536e-05,2.7062325088287906e-05,466,100,100,23746
32,0.85,5.0,6.7467796862591274e-06,0.002597456387749201,1.0,5.019303631991079e-05,3.91425603394553e-05,385,100,100,10206
32,0.85,5.0,9.883615331157482e-06,0.0031438217715318217,0.9997999668121338,7.405812111728665e-05,5.680641187450688e-05,318,100,100,70311
32,0.85,5.0,1.4478885713912363e-05,0.0038051131013298886,1.0,0.0001089422303619017,8.517601904358324e-05,263,100,100,80614
32,0.85,5.0,2.1210672865390052e-05,0.004605504626573515,0.9998999834060669,0.00015957196517761077,0.0001227428247657907,217,100,100,51814
32,0.85,5.0,3.1072325059538616e-05,0.005574255561017867,1.0,0.00022958609753135308,0.00017719531637951699,179,100,100,93391
32,0.85,5.0,4.55190361349187e-05,0.0067467796862591195,0.9997999668121338,0.000340559166874084,0.0002591630385200789,148,100,100,44389
32,0.85,5.0,6.668257514305255e-05,0.008165939942410338,0.9996999502182007,0.0004910211684343267,0.0003770489887541342,122,100,100,12161
32,0.85,5.0,9.768585201429122e-05,0.009883615331157482,0.9998999834060669,0.000732090306384987,0.0005654577285294844,101,100,100,82311
32,0.85,5.0,0.00014310373682010125,0.011962597411101873,0.9993999600410461,0.0010992032613525112,0.0008498926579655819,84,100,100,91664
32,0.85,5.0,0.0002096381315165353,0.014478885713912355,0.9993000030517578,0.0015253244775822736,0.0012046943343289802,69,100,100,97117
32,0.85,5.0,0.0003071069083331647,0.0175244659928103,0.9993999600410461,0.0022774948358513826,0.0017668565429490833,57,100,100,10396
32,0.85,5.0,0.00044989264340259425,0.02121067286539006,0.9982999563217163,0.0033190979036783006,0.0025724134176521992,47,100,100,55517
32,0.85,5.0,0.000659064922004935,0.02567225977597093,0.9977999925613403,0.004932220416679001,0.0037662878269621547,39,100,100,69414
32,0.85,5.0,0.0009654893846056303,0.031072325059538598,0.9947999715805054,0.006998014550793733,0.005403785162154635,32,100,100,55119
32,0.85,5.0,0.0014143822871810778,0.03760827418509227,0.9950999617576599,0.010965487001844736,0.008375364687570611,27,100,100,38663
32,0.85,5.0,0.002071982650652037,0.04551903613491873,0.9943999648094177,0.015297624565711307,0.011861749695830325,22,100,100,16876
32,0.85,5.0,0.0030353265475060406,0.05509379772266603,0.9891999959945679,0.02164868706719116,0.016941367270840536,18,100,100,14229
32,0.85,5.0,0.004446565827708846,0.06668257514305252,0.9824000000953674,0.033396608654320925,0.025650402068521178,15,100,100,76989
32,0.85,5.0,0.006513944167356084,0.08070900920811805,0.9764999747276306,0.04723113232290839,0.03666397108614823,12,100,100,62076
32,0.85,5.0,0.009542525683758019,0.0976858520142913,0.9599999785423279,0.07806496194670298,0.061343764124022385,10,100,100,72179
32,0.85,5.0,0.013979210457700486,0.11823371117283127,0.9292999505996704,0.14172428903304696,0.11023056113144335,8,100,100,49938
32,0.85,5.0,0.020478679491876803,0.14310373682010125,0.793999969959259,0.44885455404891694,0.3451699166848381,7,100,100,98541
32,0.85,5.0,0.03,0.17320508075688773,0.3024999797344208,2.4773023260514724,1.7068129501403033,6,100,100,9741
32,0.85,5.0,0.04947368421052632,0.22242680641174148,0.00039999998989515007,99.7734486289084,35.68349735154812,4,100,100,69865
32,0.85,5.0,0.06894736842105263,0.26257830912139835,0.0,667.386080660506,85.78107891643599,4,100,100,35910
32,0.85,5.0,0.08842105263157896,0.29735677667001126,0.0,1201.0475932974798,144.5649616092851,3,100,100,19667
32,0.85,5.0,0.10789473684210528,0.3284733426658932,0.0,2.2436226162655645e+33,2.2435104323300486e+35,3,100,100,59609
32,0.85,5.0,0.12736842105263158,0.35688712648767756,0.0,1.030466233995913e+61,8.892692045774661e+62,3,100,100,36945
32,0.85,5.0,0.14684210526315788,0.38319982419510307,0.0,2.3806738310780122e+66,1.6559752602725736e+68,3,100,100,86146
32,0.85,5.0,0.16631578947368422,0.4078183290065372,0.0,322297057.19475627,23174028292.38743,2,100,100,39613
32,0.85,5.0,0.18578947368421053,0.4310330308505492,0.0,3.1549686871759076e+24,2.9152274914267638e+26,2,100,100,68119
32,0.85,5.0,0.20526315789473684,0.45305977298225986,0.0,2.767705375980455e+28,2.7649037564771134e+30,2,100,100,48396
32,0.85,5.0,0.22473684210526315,0.4740641750915831,0.0,8.082333205338125e+30,4.6677888635575755e+32,2,100,100,16731
32,0.85,5.0,0.2442105263157895,0.4941766144970738,0.0,4.4494283724156134e+39,3.170218059152546e+41,2,100,100,55491
32,0.85,5.0,0.26368421052631574,0.513501908980206,0.0,2.0189610516139617e+42,1.116048337390466e+44,2,100,100,49737
32,0.85,5.0,0.28315789473684216,0.5321258260382051,0.0,1.1831455101731676e+49,1.1823951786275118e+51,2,100,100,19528
32,0.85,5.0,0.3026315789473685,0.5501196042201809,0.0,4.4569328118383875e+56,4.456651498168825e+58,2,100,100,12182
32,0.85,5.0,0.32210526315789473,0.5675431817561504,0.0,2.0434282602559062e+58,2.0432011668018487e+60,2,100,100,97859
32,0.85,5.0,0.3415789473684211,0.5844475574150525,0.0,1.1401393848618305e+56,5.706158274362493e+57,2,100,100,60438
32,0.85,5.0,0.3610526315789474,0.6008765526952665,0.0,5.46781775883794e+62,5.464655803384276e+64,2,100,100,88734
32,0.85,5.0,0.3805263157894737,0.616868151057804,0.0,2.552392833442261e+62,1.466549964972242e+64,2,100,100,75318
32,0.85,5.0,0.4,0.6324555320336759,0.0,6.050397960920188e+66,4.1230957362828255e+68,2,100,100,1363
32,0.85,10.0,1e-06,0.001,1.0,2.7155932959075812e-05,2.038438141709478e-05,1000,100,100,73175
32,0.85,10.0,1.4649382061914714e-06,0.0012103463166348181,1.0,4.006920587840455e-05,3.0621292439801965e-05,826,100,100,20148
32,0.85,10.0,2.1460439479594814e-06,0.0014649382061914698,1.0,5.7801155200479575e-05,4.330557781954685e-05,683,100,100,71736
32,0.85,10.0,3.1438217715318246e-06,0.0017730825619614629,1.0,8.452429698131142e-05,6.45118115212567e-05,564,100,100,35762
32,0.85,10.0,4.605504626573514e-06,0.0021460439479594807,1.0,0.00012501240909409432,9.373116943320058e-05,466,100,100,40516
32,0.85,10.0,6.7467796862591274e-06,0.002597456387749201,1.0,0.00018041740168000048,0.00014108859714167423,385,100,100,51573
32,0.85,10.0,9.883615331157482e-06,0.0031438217715318217,0.9996999502182007,0.00027279684115887905,0.0002049249109227131,318,100,100,61017
32,0.85,10.0,1.4478885713912363e-05,0.0038051131013298886,0.9996999502182007,0.00038935866920888603,0.0002926539189935023,263,100,100,57419
32,0.85,10.0,2.1210672865390052e-05,0.004605504626573515,0.9998999834060669,0.0005701744275322909,0.0004307507431174753,217,100,100,75989
32,0.85,10.0,3.1072325059538616e-05,0.005574255561017867,0.9994999766349792,0.0008723212036330012,0.0006553504489188395,179,100,100,64483
32,0.85,10.0,4.55190361349187e-05,0.0067467796862591195,0.9989999532699585,0.0012176694716023576,0.0009148192464822465,148,100,100,90900
32,0.85,10.0,6.668257514305255e-05,0.008165939942410338,0.9993000030517578,0.0018020366102460684,0.0013765175242882737,122,100,100,64755
32,0.85,10.0,9.768585201429122e-05,0.009883615331157482,0.9983999729156494,0.0026665902877907343,0.0020321149935970183,101,100,100,93890
32,0.85,10.0,0.00014310373682010125,0.011962597411101873,0.9990999698638916,0.0037898979544685888,0.0028571276315728666,84,100,100,9060
32,0.85,10.0,0.0002096381315165353,0.014478885713912355,0.9970999956130981,0.005585633806088004,0.004262443485395765,69,100,100,23420
32,0.85,10.0,0.0003071069083331647,0.0175244659928103,0.9961999654769897,0.00844902776627677,0.006454244123429355,57,100,100,41354
32,0.85,10.0,0.00044989264340259425,0.02121067286539006,0.9940999746322632,0.012066707423378415,0.009179814691990052,47,100,100,3734
32,0.85,10.0,0.000659064922004935,0.02567225977597093,0.9911999702453613,0.018049915167875928,0.013862929090717452,39,100,100,57653
32,0.85,10.0,0.0009654893846056303,0.031072325059538598,0.9871999621391296,0.026151772247627623,0.0197924156917379,32,100,100,66059
32,0.85,10.0,0.0014143822871810778,0.03760827418509227,0.979699969291687,0.0390900559295826,0.029698090667766353,27,100,100,75055
32,0.85,10.0,0.002071982650652037,0.04551903613491873,0.9713999629020691,0.05657108289804619,0.04319488351068466,22,100,100,20875
32,0.85,10.0,0.0030353265475060406,0.05509379772266603,0.9592999815940857,0.08431708546157976,0.06360404782445064,18,100,100,11023
32,0.85,10.0,0.004446565827708846,0.06668257514305252,0.9317999482154846,0.12852307241407462,0.0979239487632345,15,100,100,39039
32,0.85,10.0,0.006513944167356084,0.08070900920811805,0.9093999862670898,0.18041487035843098,0.13588065446504086,12,100,100,26422
32,0.85,10.0,0.009542525683758019,0.0976858520142913,0.8560000061988831,0.30407917014937913,0.23197216327384235,10,100,100,50534
32,0.85,10.0,0.013979210457700486,0.11823371117283127,0.7210999727249146,0.6431470617914733,0.4969584370041762,8,100,100,96155
32,0.85,10.0,0.020478679491876803,0.14310373682010125,0.155799999833107,25.933208725526736,33.8440321269014,7,100,100,23342
32,0.85,10.0,0.03,0.17320508075688773,0.0,560.1275368717806,80.25873253788592,6,100,100,85619
32,0.85,10.0,0.04947368421052632,0.22242680641174148,0.0,3585.911318374563,1777.051067821016,4,100,100,13578
32,0.85,10.0,0.06894736842105263,0.26257830912139835,0.0,inf,nan,4,100,100,62927
32,0.85,10.0,0.08842105263157896,0.29735677667001126,0.0,8.206841254859439e+68,3.12409590940261e+70,3,100,100,31713
32,0.85,10.0,0.10789473684210528,0.3284733426658932,0.0,3.416325571262399e+206,inf,3,100,100,99861
32,0.85,10.0,0.12736842105263158,0.35688712648767756,0.0,6.487101580866361e+295,inf,3,100,100,41025
32,0.85,10.0,0.14684210526315788,0.38319982419510307,0.0,inf,nan,3,100,100,7902
32,0.85,10.0,0.16631578947368422,0.4078183290065372,0.0,1.7345514356036647e+45,9.375700770876196e+46,2,100,100,72366
32,0.85,10.0,0.18578947368421053,0.4310330308505492,0.0,8.956153280473793e+50,5.666979124318159e+52,2,100,100,26348
32,0.85,10.0,0.20526315789473684,0.45305977298225986,0.0,2.3971285866471308e+56,1.716516106616787e+58,2,100,100,80587
32,0.85,10.0,0.22473684210526315,0.4740641750915831,0.0,1.3189544369997693e+61,8.730480297632202e+62,2,100,100,53207
32,0.85,10.0,0.2442105263157895,0.4941766144970738,0.0,4.407212101766463e+65,2.58389736155245e+67,2,100,100,55681
32,0.85,10.0,0.26368421052631574,0.513501908980206,0.0,5.387046387735684e+72,5.355016713577842e+74,2,100,100,93941
32,0.85,10.0,0.28315789473684216,0.5321258260382051,0.0,3.711632476763821e+74,2.4505259855812775e+76,2,100,100,98656
32,0.85,10.0,0.3026315789473685,0.5501196042201809,0.0,2.057228781588675e+84,2.056950254508078e+86,2,100,100,71927
32,0.85,10.0,0.32210526315789473,0.5675431817561504,0.0,3.6606487176326573e+83,2.2583003092590498e+85,2,100,100,54221
32,0.85,10.0,0.3415789473684211,0.5844475574150525,0.0,1.3302093930207432e+97,1.064256621624053e+99,2,100,100,18790
32,0.85,10.0,0.3610526315789474,0.6008765526952665,0.0,1.9941143269772403e+101,1.219517859269105e+103,2,100,100,72590
32,0.85,10.0,0.3805263157894737,0.616868151057804,0.0,2.081223103084887e+111,1.912877616392166e+113,2,100,100,25541
32,0.85,10.0,0.4,0.6324555320336759,0.0,1.6640577139042215e+116,1.37414566923786e+118,2,100,100,64179
32,0.85,100.0,1e-06,0.001,1.0,9.803303969918035e-05,7.467720484378774e-05,1000,100,100,98122
32,0.85,100.0,1.4649382061914714e-06,0.0012103463166348181,0.9998999834060669,0.0001381455136711793,0.00010718903347490206,826,100,100,21659
32,0.85,100.0,2.1460439479594814e-06,0.0014649382061914698,0.9998999834060669,0.00021669234878861517,0.00016107842527187616,683,100,100,26845
32,0.85,100.0,3.1438217715318246e-06,0.0017730825619614629,0.9997999668121338,0.00031049006272166935,0.0002408687355697559,564,100,100,28277
32,0.85,100.0,4.605504626573514e-06,0.0021460439479594807,0.9995999932289124,0.00044349318017634687,0.0003323809582497932,466,100,100,71140
32,0.85,100.0,6.7467796862591274e-06,0.002597456387749201,1.0,0.0006186078690363729,0.0004905005115128158,385,100,100,73630
32,0.85,100.0,9.883615331157482e-06,0.0031438217715318217,0.9995999932289124,0.0009429991315767439,0.0007177389238822706,318,100,100,50753
32,0.85,100.0,1.4478885713912363e-05,0.0038051131013298886,0.9988999962806702,0.0013625145166448192,0.0010568036207967777,263,100,100,54968
32,0.85,100.0,2.1210672865390052e-05,0.004605504626573515,0.9994999766349792,0.0019482500861281097,0.0014895215871766295,217,100,100,99562
32,0.85,100.0,3.1072325059538616e-05,0.005574255561017867,0.9980999827384949,0.002890598302868807,0.0021912684706051028,179,100,100,56835
32,0.85,100.0,4.55190361349187e-05,0.0067467796862591195,0.9977999925613403,0.004271895195857201,0.003310161295155206,148,100,100,87550
32,0.85,100.0,6.668257514305255e-05,0.008165939942410338,0.9957999587059021,0.006474835036134096,0.004810239110907168,122,100,100,51261
32,0.85,100.0,9.768585201429122e-05,0.009883615331157482,0.9955999851226807,0.009419373747924897,0.007218487280857551,101,100,100,60874
32,0.85,100.0,0.00014310373682010125,0.011962597411101873,0.9925999641418457,0.013054546257970652,0.009855296602385911,84,100,100,82969
32,0.85,100.0,0.0002096381315165353,0.014478885713912355,0.9902999997138977,0.019385217506108554,0.014364897948111145,69,100,100,96312
32,0.85,100.0,0.0003071069083331647,0.0175244659928103,0.9853999614715576,0.029826179662809184,0.022757651027669797,57,100,100,82360
32,0.85,100.0,0.00044989264340259425,0.02121067286539006,0.9771999716758728,0.04471006418801922,0.034103875121307706,47,100,100,47269
32,0.85,100.0,0.000659064922004935,0.02567225977597093,0.9648000001907349,0.06878899615350988,0.05221642716096546,39,100,100,20039
32,0.85,100.0,0.0009654893846056303,0.031072325059538598,0.945099949836731,0.10888422456510881,0.08225940145086087,32,100,100,36648
32,0.85,100.0,0.0014143822871810778,0.03760827418509227,0.9043999910354614,0.18642951092744817,0.14194636850445372,27,100,100,12896
32,0.85,100.0,0.002071982650652037,0.04551903613491873,0.0,2153.186492124338,383.249458119607,22,100,100,95285
32,0.85,100.0,0.0030353265475060406,0.05509379772266603,0.0,nan,nan,18,100,100,58626
32,0.85,100.0,0.004446565827708846,0.06668257514305252,0.0,nan,nan,15,100,100,6997
32,0.85,100.0,0.006513944167356084,0.08070900920811805,0.0,nan,nan,12,100,100,47256
32,0.85,100.0,0.009542525683758019,0.0976858520142913,0.0,nan,nan,10,100,100,98315
32,0.85,100.0,0.013979210457700486,0.11823371117283127,0.0,nan,nan,8,100,100,80793
32,0.85,100.0,0.020478679491876803,0.14310373682010125,0.0,nan,nan,7,100,100,42881
32,0.85,100.0,0.03,0.17320508075688773,0.0,nan,nan,6,100,100,33727
32,0.85,100.0,0.04947368421052632,0.22242680641174148,0.0,nan,nan,4,100,100,62726
32,0.85,100.0,0.06894736842105263,0.26257830912139835,0.0,nan,nan,4,100,100,26176
32,0.85,100.0,0.08842105263157896,0.29735677667001126,0.0,nan,nan,3,100,100,27559
32,0.85,100.0,0.10789473684210528,0.3284733426658932,0.0,nan,nan,3,100,100,53161
32,0.85,100.0,0.12736842105263158,0.35688712648767756,0.0,nan,nan,3,100,100,41491
32,0.85,100.0,0.14684210526315788,0.38319982419510307,0.0,nan,nan,3,100,100,85279
32,0.85,100.0,0.16631578947368422,0.4078183290065372,0.0,1.296191065168565e+199,inf,2,100,100,37224
32,0.85,100.0,0.18578947368421053,0.4310330308505492,0.0,5.7925384949514775e+203,inf,2,100,100,84088
32,0.85,100.0,0.20526315789473684,0.45305977298225986,0.0,6.50881790511965e+215,inf,2,100,100,32670
32,0.85,100.0,0.22473684210526315,0.4740641750915831,0.0,1.0339251967854632e+229,inf,2,100,100,87696
32,0.85,100.0,0.2442105263157895,0.4941766144970738,0.0,2.831597278842374e+243,inf,2,100,100,30427
32,0.85,100.0,0.26368421052631574,0.513501908980206,0.0,9.919053507259308e+252,inf,2,100,100,24121
32,0.85,100.0,0.28315789473684216,0.5321258260382051,0.0,7.057442143328417e+251,inf,2,100,100,15632
32,0.85,100.0,0.3026315789473685,0.5501196042201809,0.0,1.8083068054189835e+265,inf,2,100,100,62286
32,0.85,100.0,0.32210526315789473,0.5675431817561504,0.0,2.0934257348091164e+272,inf,2,100,100,77915
32,0.85,100.0,0.3415789473684211,0.5844475574150525,0.0,3.643821086678382e+278,inf,2,100,100,45502
32,0.85,100.0,0.3610526315789474,0.6008765526952665,0.0,4.491580516289572e+285,inf,2,100,100,15071
32,0.85,100.0,0.3805263157894737,0.616868151057804,0.0,1.3686776088161095e+297,inf,2,100,100,72002
32,0.85,100.0,0.4,0.6324555320336759,0.0,2.4588907894374677e+290,inf,2,100,100,21351
32,0.44,0.1,1e-06,0.001,1.0,2.2269713667583347e-06,1.689693317258032e-06,1000,100,100,43142
32,0.44,0.1,1.4649382061914714e-06,0.0012103463166348181,1.0,3.2418452791375785e-06,2.490199376404557e-06,826,100,100,17843
32,0.44,0.1,2.1460439479594814e-06,0.0014649382061914698,1.0,4.762028604841362e-06,3.5747858244276833e-06,683,100,100,13263
32,0.44,0.1,3.1438217715318246e-06,0.0017730825619614629,1.0,7.061837813648708e-06,5.3605449114814626e-06,564,100,100,43839
32,0.44,0.1,4.605504626573514e-06,0.0021460439479594807,1.0,1.041712298837183e-05,7.845227932195166e-06,466,100,100,86093
32,0.44,0.1,6.7467796862591274e-06,0.002597456387749201,1.0,1.5144336557284533e-05,1.1422931949989304e-05,385,100,100,53935
32,0.44,0.1,9.883615331157482e-06,0.0031438217715318217,1.0,2.2108938429823865e-05,1.6829361483312746e-05,318,100,100,14938
32,0.44,0.1,1.4478885713912363e-05,0.0038051131013298886,1.0,3.244392241466585e-05,2.441239426749514e-05,263,100,100,53861
32,0.44,0.1,2.1210672865390052e-05,0.004605504626573515,1.0,4.784645110445354e-05,3.643417883736667e-05,217,100,100,30198
32,0.44,0.1,3.1072325059538616e-05,0.005574255561017867,1.0,6.84920248776848e-05,5.22679065743689e-05,179,100,100,76422
32,0.44,0.1,4.55190361349187e-05,0.0067467796862591195,0.9998999834060669,0.00010398109108233485,7.82716062390705e-05,148,100,100,45145
32,0.44,0.1,6.668257514305255e-05,0.008165939942410338,1.0,0.00014878588938562417,0.00011121430741600144,122,100,100,24178
32,0.44,0.1,9.768585201429122e-05,0.009883615331157482,0.9998999834060669,0.00021750660097027323,0.00016504765469244797,101,100,100,16202
32,0.44,0.1,0.00014310373682010125,0.011962597411101873,0.9997999668121338,0.0003215625931952673,0.00024459594252257053,84,100,100,93406
32,0.44,0.1,0.0002096381315165353,0.014478885713912355,0.9997999668121338,0.00046834638153645756,0.000354019580706816,69,100,100,13374
32,0.44,0.1,0.0003071069083331647,0.0175244659928103,1.0,0.0006904233514516932,0.000521648800495941,57,100,100,59491
32,0.44,0.1,0.00044989264340259425,0.02121067286539006,0.9998999834060669,0.0010351479554791014,0.0007791507802366571,47,100,100,19641
32,0.44,0.1,0.000659064922004935,0.02567225977597093,0.9989999532699585,0.0014894937373332938,0.0011245583989027122,39,100,100,23409
32,0.44,0.1,0.0009654893846056303,0.031072325059538598,0.9988999962806702,0.002164333692874493,0.0016129131222207002,32,100,100,82751
32,0.44,0.1,0.0014143822871810778,0.03760827418509227,0.9975000023841858,0.003203316157895313,0.002422956662568874,27,100,100,81807
32,0.44,0.1,0.002071982650652037,0.04551903613491873,0.9979999661445618,0.004541291211582496,0.0034907093566391347,22,100,100,62070
32,0.44,0.1,0.0030353265475060406,0.05509379772266603,0.996399998664856,0.006774192621023656,0.005111400764833598,18,100,100,81166
32,0.44,0.1,0.004446565827708846,0.06668257514305252,0.9948999881744385,0.010027269345472099,0.007740761798785379,15,100,100,57258
32,0.44,0.1,0.006513944167356084,0.08070900920811805,0.9921999573707581,0.0142592272490067,0.010873326637088485,12,100,100,91555
32,0.44,0.1,0.009542525683758019,0.0976858520142913,0.9892999529838562,0.02107047300824705,0.01612488311416352,10,100,100,68592
32,0.44,0.1,0.013979210457700486,0.11823371117283127,0.9865999817848206,0.030692058064546578,0.02355801842387156,8,100,100,97704
32,0.44,0.1,0.020478679491876803,0.14310373682010125,0.9751999974250793,0.046737873126320585,0.03573634926537079,7,100,100,67742
32,0.44,0.1,0.03,0.17320508075688773,0.9642999768257141,0.06939870562241746,0.05260715846180609,6,100,100,84666
32,0.44,0.1,0.04947368421052632,0.22242680641174148,0.9470999836921692,0.10729917129367884,0.0813877010935562,4,100,100,58543
32,0.44,0.1,0.06894736842105263,0.26257830912139835,0.9188999533653259,0.16911991449451408,0.1269846111902876,4,100,100,42870
32,0.44,0.1,0.08842105263157896,0.29735677667001126,0.9010999798774719,0.20387076390683379,0.15448696713861457,3,100,100,92656
32,0.44,0.1,0.10789473684210528,0.3284733426658932,0.8650999665260315,0.27989067973844983,0.21163021484767092,3,100,100,54678
32,0.44,0.1,0.12736842105263158,0.35688712648767756,0.8191999793052673,0.37120307885747483,0.2821022823801777,3,100,100,49015
32,0.44,0.1,0.14684210526315788,0.38319982419510307,0.7760999798774719,0.47107023982371793,0.3633914613644365,3,100,100,59634
32,0.44,0.1,0.16631578947368422,0.4078183290065372,0.767300009727478,0.5035799456026783,0.38069716986308444,2,100,100,4172
32,0.44,0.1,0.18578947368421053,0.4310330308505492,0.6977999806404114,0.665347722131602,0.5087788906386376,2,100,100,3274
32,0.44,0.1,0.20526315789473684,0.45305977298225986,0.6150999665260315,0.9159160232601431,0.6982467859359341,2,100,100,34579
32,0.44,0.1,0.22473684210526315,0.4740641750915831,0.5067999958992004,1.2855047668915773,0.9634310505412633,2,100,100,71822
32,0.44,0.1,0.2442105263157895,0.4941766144970738,0.4147000014781952,1.739177159103934,1.2604243320760702,2,100,100,94614
32,0.44,0.1,0.26368421052631574,0.513501908980206,0.2994999885559082,2.520567042242332,1.758341362373832,2,100,100,63025
32,0.44,0.1,0.28315789473684216,0.5321258260382051,0.19979999959468842,3.5527235749863957,2.3014999678487387,2,100,100,7891
32,0.44,0.1,0.3026315789473685,0.5501196042201809,0.1290999948978424,4.962887037442608,2.9562454461385808,2,100,100,36980
32,0.44,0.1,0.32210526315789473,0.5675431817561504,0.07449999451637268,6.667891286958201,3.5813565180837106,2,100,100,19672
32,0.44,0.1,0.3415789473684211,0.5844475574150525,0.0414000004529953,8.788355408120552,4.400672781839112,2,100,100,89713
32,0.44,0.1,0.3610526315789474,0.6008765526952665,0.025699999183416367,11.024499924864887,5.014660018436647,2,100,100,45607
32,0.44,0.1,0.3805263157894737,0.616868151057804,0.013399999588727951,13.991582876742322,5.959184933001345,2,100,100,88543
32,0.44,0.1,0.4,0.6324555320336759,0.006000000052154064,17.491039140290816,6.870379226875856,2,100,100,30884
32,0.44,0.5,1e-06,0.001,1.0,5.487601458963809e-06,4.107856540683091e-06,1000,100,100,99959
32,0.44,0.5,1.4649382061914714e-06,0.0012103463166348181,1.0,7.894834131684547e-06,6.033867564329653e-06,826,100,100,78747
32,0.44,0.5,2.1460439479594814e-06,0.0014649382061914698,1.0,1.1874744976893226e-05,8.898764822987505e-06,683,100,100,56150
32,0.44,0.5,3.1438217715318246e-06,0.0017730825619614629,1.0,1.732778223798732e-05,1.315366957390882e-05,564,100,100,77286
32,0.44,0.5,4.605504626573514e-06,0.0021460439479594807,1.0,2.50772853748515e-05,1.9041585955005877e-05,466,100,100,53726
32,0.44,0.5,6.7467796862591274e-06,0.002597456387749201,1.0,3.652378739232347e-05,2.7176965124353685e-05,385,100,100,76540
32,0.44,0.5,9.883615331157482e-06,0.0031438217715318217,1.0,5.4887525345102975e-05,4.1358228287616945e-05,318,100,100,1050
32,0.44,0.5,1.4478885713912363e-05,0.0038051131013298886,0.9997999668121338,7.870572059551648e-05,6.0294930260512985e-05,263,100,100,52269
32,0.44,0.5,2.1210672865390052e-05,0.004605504626573515,0.9997999668121338,0.0001142573871700165,8.749026570323897e-05,217,100,100,77587
32,0.44,0.5,3.1072325059538616e-05,0.005574255561017867,0.9998999834060669,0.00017377349049326938,0.0001326546697843478,179,100,100,28099
32,0.44,0.5,4.55190361349187e-05,0.0067467796862591195,0.9998999834060669,0.0002461234265545045,0.00018578528806707315,148,100,100,48505
32,0.44,0.5,6.668257514305255e-05,0.008165939942410338,0.9998999834060669,0.0003664239517808824,0.0002758414262524308,122,100,100,71760
32,0.44,0.5,9.768585201429122e-05,0.009883615331157482,0.9996999502182007,0.0005359248747579358,0.0004058391101756787,101,100,100,23944
32,0.44,0.5,0.00014310373682010125,0.011962597411101873,0.9997999668121338,0.0007810989490636132,0.000594850031510568,84,100,100,51012
32,0.44,0.5,0.0002096381315165353,0.014478885713912355,0.9993999600410461,0.0011689711800857198,0.0008814034005984184,69,100,100,1316
32,0.44,0.5,0.0003071069083331647,0.0175244659928103,0.9991999864578247,0.0016885753109575575,0.0012730860793474053,57,100,100,42347
32,0.44,0.5,0.00044989264340259425,0.02121067286539006,0.9984999895095825,0.0024630697675423565,0.0018552626226870583,47,100,100,93415
32,0.44,0.5,0.000659064922004935,0.02567225977597093,0.9979999661445618,0.0036213980092188167,0.0027482590319705276,39,100,100,99429
32,0.44,0.5,0.0009654893846056303,0.031072325059538598,0.9977999925613403,0.005156217597561315,0.004036061455688432,32,100,100,67832
32,0.44,0.5,0.0014143822871810778,0.03760827418509227,0.9967999458312988,0.007843492226966129,0.0058919251241370185,27,100,100,14516
32,0.44,0.5,0.002071982650652037,0.04551903613491873,0.9935999512672424,0.011284679082940657,0.008490912650690434,22,100,100,8334
32,0.44,0.5,0.0030353265475060406,0.05509379772266603,0.9932999610900879,0.016937497862879305,0.01264431341377968,18,100,100,57971
32,0.44,0.5,0.004446565827708846,0.06668257514305252,0.988599956035614,0.024550354014272677,0.01888796099257972,15,100,100,93074
32,0.44,0.5,0.006513944167356084,0.08070900920811805,0.9820999503135681,0.03543260217414979,0.02688301697278527,12,100,100,56525
32,0.44,0.5,0.009542525683758019,0.0976858520142913,0.972599983215332,0.05152942252318014,0.03898885349735973,10,100,100,38366
32,0.44,0.5,0.013979210457700486,0.11823371117283127,0.9634999632835388,0.07555293247178134,0.0570287225085342,8,100,100,67334
32,0.44,0.5,0.020478679491876803,0.14310373682010125,0.9409999847412109,0.11501454223998207,0.08596837959157988,7,100,100,8220
32,0.44,0.5,0.03,0.17320508075688773,0.9146999716758728,0.17238973944739563,0.13023902178223026,6,100,100,38025
32,0.44,0.5,0.04947368421052632,0.22242680641174148,0.8649999499320984,0.2823131083259697,0.21322954243451783,4,100,100,39594
32,0.44,0.5,0.06894736842105263,0.26257830912139835,0.7928000092506409,0.4456105672389903,0.337695073650062,4,100,100,50730
32,0.44,0.5,0.08842105263157896,0.29735677667001126,0.7148000001907349,0.62581139664428,0.48353422183432604,3,100,100,86521
32,0.44,0.5,0.10789473684210528,0.3284733426658932,0.5785999894142151,1.0244108217476529,0.776979000858451,3,100,100,49216
32,0.44,0.5,0.12736842105263158,0.35688712648767756,0.3935999870300293,1.820725688314938,1.3330962634227055,3,100,100,75502
32,0.44,0.5,0.14684210526315788,0.38319982419510307,0.2141999900341034,3.379196080334492,2.222581221711218,3,100,100,6080
32,0.44,0.5,0.16631578947368422,0.4078183290065372,0.1590999960899353,4.270965691203901,2.6741507062916594,2,100,100,36602
32,0.44,0.5,0.18578947368421053,0.4310330308505492,0.06870000064373016,6.801603363833916,3.6636507986224762,2,100,100,1754
32,0.44,0.5,0.20526315789473684,0.45305977298225986,0.025299999862909317,10.50971177930493,4.883117012491132,2,100,100,14095
32,0.44,0.5,0.22473684210526315,0.4740641750915831,0.010400000028312206,14.428840182366004,6.063443280263819,2,100,100,29704
32,0.44,0.5,0.2442105263157895,0.4941766144970738,0.004699999932199717,19.04273353004347,7.2834758861264906,2,100,100,41042
32,0.44,0.5,0.26368421052631574,0.513501908980206,0.001999999862164259,23.3931757324335,8.410019223078812,2,100,100,96750
32,0.44,0.5,0.28315789473684216,0.5321258260382051,0.0009999999310821295,28.023429045044992,9.658499384323106,2,100,100,84250
32,0.44,0.5,0.3026315789473685,0.5501196042201809,0.0004999999655410647,33.15887236972894,11.34418350237271,2,100,100,48708
32,0.44,0.5,0.32210526315789473,0.5675431817561504,0.00039999998989515007,37.970854695089244,12.64478153703745,2,100,100,66793
32,0.44,0.5,0.3415789473684211,0.5844475574150525,0.0,42.707896722122406,14.291384069542943,2,100,100,55378
32,0.44,0.5,0.3610526315789474,0.6008765526952665,0.0,51.04048488431444,15.760609527624093,2,100,100,99580
32,0.44,0.5,0.3805263157894737,0.616868151057804,0.0,65.39960696318356,19.131359204111444,2,100,100,97571
32,0.44,0.5,0.4,0.6324555320336759,9.999999747378752e-05,79.17073633853165,24.1820172271619,2,100,100,23185
32,0.44,1.0,1e-06,0.001,1.0,8.282646198648535e-06,6.3259849935479754e-06,1000,100,100,15110
32,0.44,1.0,1.4649382061914714e-06,0.0012103463166348181,1.0,1.2240649016851536e-05,9.261415990119279e-06,826,100,100,57162
32,0.44,1.0,2.1460439479594814e-06,0.0014649382061914698,1.0,1.8159957022984942e-05,1.3712790451681401e-05,683,100,100,26720
32,0.44,1.0,3.1438217715318246e-06,0.0017730825619614629,1.0,2.6514242382805264e-05,1.9967375470808308e-05,564,100,100,56289
32,0.44,1.0,4.605504626573514e-06,0.0021460439479594807,1.0,3.8548340144924967e-05,2.903473294399251e-05,466,100,100,24365
32,0.44,1.0,6.7467796862591274e-06,0.002597456387749201,1.0,5.676595177705508e-05,4.254086317823846e-05,385,100,100,14602
32,0.44,1.0,9.883615331157482e-06,0.0031438217715318217,0.9998999834060669,8.267405600150255e-05,6.296821065683212e-05,318,100,100,56696
32,0.44,1.0,1.4478885713912363e-05,0.0038051131013298886,0.9998999834060669,0.00011920277589081537,8.946952217159449e-05,263,100,100,96852
32,0.44,1.0,2.1210672865390052e-05,0.004605504626573515,0.9997999668121338,0.00017859679189610633,0.00013508482197115983,217,100,100,62375
32,0.44,1.0,3.1072325059538616e-05,0.005574255561017867,0.9997999668121338,0.0002559172300700283,0.00019575598377780232,179,100,100,66107
32,0.44,1.0,4.55190361349187e-05,0.0067467796862591195,0.9998999834060669,0.0003852332342494833,0.0002959340278514536,148,100,100,60001
32,0.44,1.0,6.668257514305255e-05,0.008165939942410338,0.9996999502182007,0.000547769949236215,0.0004159996679069558,122,100,100,70692
32,0.44,1.0,9.768585201429122e-05,0.009883615331157482,0.9997999668121338,0.0008113288608260717,0.000632328897524395,101,100,100,82306
32,0.44,1.0,0.00014310373682010125,0.011962597411101873,0.9991999864578247,0.001202511551375531,0.0009067285764391246,84,100,100,31608
32,0.44,1.0,0.0002096381315165353,0.014478885713912355,0.9990999698638916,0.0017478100103205494,0.001300777185602818,69,100,100,80836
32,0.44,1.0,0.0003071069083331647,0.0175244659928103,0.9987999796867371,0.0025592423847863245,0.0019696325233107214,57,100,100,16152
32,0.44,1.0,0.00044989264340259425,0.02121067286539006,0.9984999895095825,0.003713456339344066,0.002828713089837248,47,100,100,10549
32,0.44,1.0,0.000659064922004935,0.02567225977597093,0.9960999488830566,0.005562611242290479,0.004225822310794988,39,100,100,6566
32,0.44,1.0,0.0009654893846056303,0.031072325059538598,0.9960999488830566,0.008022023685486327,0.006148943193190171,32,100,100,59908
32,0.44,1.0,0.0014143822871810778,0.03760827418509227,0.9952999949455261,0.012016759292910746,0.009130123180325543,27,100,100,14863
32,0.44,1.0,0.002071982650652037,0.04551903613491873,0.9908999800682068,0.01744504440589819,0.013036341360087897,22,100,100,5557
32,0.44,1.0,0.0030353265475060406,0.05509379772266603,0.9878999590873718,0.02574420720999417,0.01933366795540009,18,100,100,64524
32,0.44,1.0,0.004446565827708846,0.06668257514305252,0.9815999865531921,0.037554398454752856,0.02843687553497405,15,100,100,5084
32,0.44,1.0,0.006513944167356084,0.08070900920811805,0.9741999506950378,0.05441510943350532,0.041366378636252164,12,100,100,66996
32,0.44,1.0,0.009542525683758019,0.0976858520142913,0.9619999527931213,0.07848938451364382,0.06015357650648587,10,100,100,15844
32,0.44,1.0,0.013979210457700486,0.11823371117283127,0.9443999528884888,0.11887240234404484,0.09067984660375251,8,100,100,85266
32,0.44,1.0,0.020478679491876803,0.14310373682010125,0.90829998254776,0.17898507294519062,0.1342003221442004,7,100,100,69592
32,0.44,1.0,0.03,0.17320508075688773,0.8697999715805054,0.26907432200065934,0.20258309358900833,6,100,100,59730
32,0.44,1.0,0.04947368421052632,0.22242680641174148,0.7732999920845032,0.4698049120461596,0.3571764435664033,4,100,100,57829
32,0.44,1.0,0.06894736842105263,0.26257830912139835,0.6080999970436096,0.9105770261959608,0.6927760122315996,4,100,100,41197
32,0.44,1.0,0.08842105263157896,0.29735677667001126,0.4071999788284302,1.753408564154714,1.2890287937799891,3,100,100,42600
32,0.44,1.0,0.10789473684210528,0.3284733426658932,0.16859999299049377,4.125747048720168,2.5768351807291623,3,100,100,36060
32,0.44,1.0,0.12736842105263158,0.35688712648767756,0.038599997758865356,9.006666961286712,4.391410038907743,3,100,100,7641
32,0.44,1.0,0.14684210526315788,0.38319982419510307,0.0072999997064471245,16.168334275245982,6.287690999627308,3,100,100,27256
32,0.44,1.0,0.16631578947368422,0.4078183290065372,0.005200000014156103,17.19550743967074,6.718892463887048,2,100,100,60589
32,0.44,1.0,0.18578947368421053,0.4310330308505492,0.0026000000070780516,23.098493331189843,8.474672093672218,2,100,100,95399
32,0.44,1.0,0.20526315789473684,0.45305977298225986,0.0011999999405816197,29.218258163846194,10.311827016979406,2,100,100,57606
32,0.44,1.0,0.22473684210526315,0.4740641750915831,9.999999747378752e-05,37.43038841133338,11.922214639982268,2,100,100,114
32,0.44,1.0,0.2442105263157895,0.4941766144970738,0.0,53.239340148149736,15.306934886634481,2,100,100,16284
32,0.44,1.0,0.26368421052631574,0.513501908980206,0.0,77.04603423123734,20.01970484595167,2,100,100,85504
32,0.44,1.0,0.28315789473684216,0.5321258260382051,0.0005999999702908099,88.35702171908449,32.76510516502326,2,100,100,45572
32,0.44,1.0,0.3026315789473685,0.5501196042201809,9.999999747378752e-05,84.65808803933122,51.033189167433044,2,100,100,72418
32,0.44,1.0,0.32210526315789473,0.5675431817561504,0.0,121.74060824259492,79.14878481414871,2,100,100,72499
32,0.44,1.0,0.3415789473684211,0.5844475574150525,0.0,231.72130572999424,2889.7807107916738,2,100,100,54382
32,0.44,1.0,0.3610526315789474,0.6008765526952665,0.0,696.7944498917344,15784.784273625757,2,100,100,60228
32,0.44,1.0,0.3805263157894737,0.616868151057804,0.0,2654.9371062736427,52960.850016246404,2,100,100,69540
32,0.44,1.0,0.4,0.6324555320336759,0.0,5144.920645969747,65547.94420837935,2,100,100,84880
32,0.44,2.0,1e-06,0.001,1.0,1.2543898499873763e-05,9.50626046904168e-06,1000,100,100,65181
32,0.44,2.0,1.4649382061914714e-06,0.0012103463166348181,1.0,1.8477207167742904e-05,1.3805527249860807e-05,826,100,100,81947
32,0.44,2.0,2.1460439479594814e-06,0.0014649382061914698,1.0,2.6973623493964283e-05,2.037371963306762e-05,683,100,100,19643
32,0.44,2.0,3.1438217715318246e-06,0.0017730825619614629,1.0,3.837990660048547e-05,2.9348805604561732e-05,564,100,100,74197
32,0.44,2.0,4.605504626573514e-06,0.0021460439479594807,1.0,5.8552626512801e-05,4.4276595100827145e-05,466,100,100,94097
32,0.44,2.0,6.7467796862591274e-06,0.002597456387749201,1.0,8.420655482467226e-05,6.371710405275534e-05,385,100,100,76504
32,0.44,2.0,9.883615331157482e-06,0.0031438217715318217,0.9998999834060669,0.00012294706022441347,9.230000588336296e-05,318,100,100,3812
32,0.44,2.0,1.4478885713912363e-05,0.0038051131013298886,0.9996999502182007,0.0001805545426326887,0.00013475974643697975,263,100,100,48129
32,0.44,2.0,2.1210672865390052e-05,0.004605504626573515,0.9998999834060669,0.00025915852126767903,0.00019668625597273688,217,100,100,74339
32,0.44,2.0,3.1072325059538616e-05,0.005574255561017867,0.9997999668121338,0.00039077833633131153,0.00029433824553441637,179,100,100,35092
32,0.44,2.0,4.55190361349187e-05,0.0067467796862591195,1.0,0.0005896989486459944,0.0004475073711664033,148,100,100,66251
32,0.44,2.0,6.668257514305255e-05,0.008165939942410338,0.9997999668121338,0.0008149254932662445,0.0006184297381122283,122,100,100,31840
32,0.44,2.0,9.768585201429122e-05,0.009883615331157482,0.9993999600410461,0.0012167598971511808,0.0009192370418678495,101,100,100,68970
32,0.44,2.0,0.00014310373682010125,0.011962597411101873,0.9991999864578247,0.0017904300970225137,0.0013621349892508293,84,100,100,76342
32,0.44,2.0,0.0002096381315165353,0.014478885713912355,0.9988999962806702,0.0026201686054930663,0.001962652674436038,69,100,100,31827
32,0.44,2.0,0.0003071069083331647,0.0175244659928103,0.9976999759674072,0.003849643359799163,0.002927943728320428,57,100,100,50730
32,0.44,2.0,0.00044989264340259425,0.02121067286539006,0.9965999722480774,0.005724466604918704,0.004335461147940223,47,100,100,52192
32,0.44,2.0,0.000659064922004935,0.02567225977597093,0.9953999519348145,0.008145532359310531,0.006248178214927158,39,100,100,85833
32,0.44,2.0,0.0009654893846056303,0.031072325059538598,0.9944999814033508,0.01220717899345429,0.009239399207462279,32,100,100,60220
32,0.44,2.0,0.0014143822871810778,0.03760827418509227,0.9918999671936035,0.01766074417421703,0.013420974263518286,27,100,100,26346
32,0.44,2.0,0.002071982650652037,0.04551903613491873,0.9872999787330627,0.02605887104614571,0.019781939368192225,22,100,100,51908
32,0.44,2.0,0.0030353265475060406,0.05509379772266603,0.9807999730110168,0.038282034987177464,0.029015991948662452,18,100,100,25170
32,0.44,2.0,0.004446565827708846,0.06668257514305252,0.97079998254776,0.055801510343789315,0.04211220571268675,15,100,100,62755
32,0.44,2.0,0.006513944167356084,0.08070900920811805,0.9617999792098999,0.08150163638104567,0.06174210312647722,12,100,100,1714
32,0.44,2.0,0.009542525683758019,0.0976858520142913,0.937999963760376,0.12221620839126313,0.09303001394476,10,100,100,50904
32,0.44,2.0,0.013979210457700486,0.11823371117283127,0.9084999561309814,0.1816570526406099,0.1383022164640939,8,100,100,89238
32,0.44,2.0,0.020478679491876803,0.14310373682010125,0.863599956035614,0.26907401663396074,0.19993795075496967,7,100,100,42244
32,0.44,2.0,0.03,0.17320508075688773,0.7989999651908875,0.41930787827013905,0.3203557874626083,6,100,100,21684
32,0.44,2.0,0.04947368421052632,0.22242680641174148,0.56659996509552,1.0744507907587133,0.8185972484852854,4,100,100,66204
32,0.44,2.0,0.06894736842105263,0.26257830912139835,0.16439999639987946,4.136119618020524,2.5993150745685463,4,100,100,90094
32,0.44,2.0,0.08842105263157896,0.29735677667001126,0.02410000003874302,11.04477014044906,5.029650580547038,3,100,100,48640
32,0.44,2.0,0.10789473684210528,0.3284733426658932,0.002699999837204814,24.99551149299829,8.850928601040767,3,100,100,96183
32,0.44,2.0,0.12736842105263158,0.35688712648767756,0.0,51.93181878180715,14.119757394973266,3,100,100,49503
32,0.44,2.0,0.14684210526315788,0.38319982419510307,0.0,76.18253152633896,22.764098661895606,3,100,100,55938
32,0.44,2.0,0.16631578947368422,0.4078183290065372,0.0,87.45070750121025,19.54003432907827,2,100,100,63986
32,0.44,2.0,0.18578947368421053,0.4310330308505492,0.00029999998514540493,90.92942072905655,32.96368142079609,2,100,100,27716
32,0.44,2.0,0.20526315789473684,0.45305977298225986,0.0,201.66783161442189,4539.206895407851,2,100,100,83388
32,0.44,2.0,0.22473684210526315,0.4740641750915831,0.0,406.26274838714323,8171.779638741058,2,100,100,43986
32,0.44,2.0,0.2442105263157895,0.4941766144970738,0.0,2415.3649276341043,77808.22678990438,2,100,100,30568
32,0.44,2.0,0.26368421052631574,0.513501908980206,0.0,15500.170430674143,199898.02213687904,2,100,100,98660
32,0.44,2.0,0.28315789473684216,0.5321258260382051,0.0,75714.20351945507,489096.7740758619,2,100,100,54028
32,0.44,2.0,0.3026315789473685,0.5501196042201809,0.0,354523827912.4275,35355749062928.266,2,100,100,20312
32,0.44,2.0,0.32210526315789473,0.5675431817561504,0.0,3211851068523202.5,2.2515360689316662e+17,2,100,100,76362
32,0.44,2.0,0.3415789473684211,0.5844475574150525,0.0,7.487423137283309e+17,6.656711376312987e+19,2,100,100,41712
32,0.44,2.0,0.3610526315789474,0.6008765526952665,0.0,3.1223636510359582e+22,2.066910855893061e+24,2,100,100,75483
32,0.44,2.0,0.3805263157894737,0.616868151057804,0.0,5.735825372829353e+26,4.35352096703899e+28,2,100,100,96967
32,0.44,2.0,0.4,0.6324555320336759,0.0,2.3495144902517944e+27,1.946239420289778e+29,2,100,100,88422
32,0.44,5.0,1e-06,0.001,1.0,1.0640326151184354e-05,8.187565750561475e-06,1000,100,100,96077
32,0.44,5.0,1.4649382061914714e-06,0.0012103463166348181,1.0,1.529856114598829e-05,1.1621562647177726e-05,826,100,100,47318
32,0.44,5.0,2.1460439479594814e-06,0.0014649382061914698,1.0,2.2570229073545535e-05,1.743183919593678e-05,683,100,100,31260
32,0.44,5.0,3.1438217715318246e-06,0.0017730825619614629,1.0,3.33533743419423e-05,2.5698979925977863e-05,564,100,100,33236
32,0.44,5.0,4.605504626573514e-06,0.0021460439479594807,1.0,4.9309684053372396e-05,3.809715829614702e-05,466,100,100,86473
32,0.44,5.0,6.7467796862591274e-06,0.002597456387749201,1.0,7.036950703947583e-05,5.4121477593153846e-05,385,100,100,23775
32,0.44,5.0,9.883615331157482e-06,0.0031438217715318217,1.0,0.00010564331525731063,8.076353290596725e-05,318,100,100,29405
32,0.44,5.0,1.4478885713912363e-05,0.0038051131013298886,0.9998999834060669,0.00015467443722742475,0.00011887609695260398,263,100,100,66076
32,0.44,5.0,2.1210672865390052e-05,0.004605504626573515,0.9998999834060669,0.00022857387641591915,0.0001761895648875465,217,100,100,16624
32,0.44,5.0,3.1072325059538616e-05,0.005574255561017867,1.0,0.00033192872330847653,0.0002552320409023473,179,100,100,83979
32,0.44,5.0,4.55190361349187e-05,0.0067467796862591195,0.9997999668121338,0.0004839265088483501,0.0003691951835592651,148,100,100,80746
32,0.44,5.0,6.668257514305255e-05,0.008165939942410338,0.9995999932289124,0.000716686378696187,0.000555004729101067,122,100,100,26488
32,0.44,5.0,9.768585201429122e-05,0.009883615331157482,0.9993999600410461,0.0010427574376265056,0.0008027016301723252,101,100,100,80588
32,0.44,5.0,0.00014310373682010125,0.011962597411101873,0.9989999532699585,0.0015009701350122329,0.0011423805815190893,84,100,100,61303
32,0.44,5.0,0.0002096381315165353,0.014478885713912355,0.9990999698638916,0.002212781181991403,0.0017037283933703865,69,100,100,35192
32,0.44,5.0,0.0003071069083331647,0.0175244659928103,0.9973999857902527,0.0032435490244901192,0.002486920004666709,57,100,100,60599
32,0.44,5.0,0.00044989264340259425,0.02121067286539006,0.998199999332428,0.004868426754669281,0.00377461296040872,47,100,100,17029
32,0.44,5.0,0.000659064922004935,0.02567225977597093,0.9958999752998352,0.006923926370812092,0.005415883034521722,39,100,100,1369
32,0.44,5.0,0.0009654893846056303,0.031072325059538598,0.9946999549865723,0.010442684747975295,0.008169723873584377,32,100,100,25162
32,0.44,5.0,0.0014143822871810778,0.03760827418509227,0.993399977684021,0.014274270742585776,0.011082702132690875,27,100,100,72906
32,0.44,5.0,0.002071982650652037,0.04551903613491873,0.9890999794006348,0.022147957675078017,0.01713514086410493,22,100,100,6906
32,0.44,5.0,0.0030353265475060406,0.05509379772266603,0.9845999479293823,0.03319318463919612,0.025614919532789156,18,100,100,51882
32,0.44,5.0,0.004446565827708846,0.06668257514305252,0.9753999710083008,0.047697720787908154,0.036816377525391145,15,100,100,44171
32,0.44,5.0,0.006513944167356084,0.08070900920811805,0.9592999815940857,0.07811551238901716,0.06013531268326391,12,100,100,7185
32,0.44,5.0,0.009542525683758019,0.0976858520142913,0.9493999481201172,0.11098823999233322,0.08470316599240235,10,100,100,81645
32,0.44,5.0,0.013979210457700486,0.11823371117283127,0.9005999565124512,0.1975105315226063,0.1526217587201368,8,100,100,73278
32,0.44,5.0,0.020478679491876803,0.14310373682010125,0.8325999975204468,0.344278340153372,0.26553925292466257,7,100,100,60242
32,0.44,5.0,0.03,0.17320508075688773,0.4819999933242798,1.3897144598791955,1.02916535358612,6,100,100,41783
32,0.44,5.0,0.04947368421052632,0.22242680641174148,0.008999999612569809,16.9975077426048,6.926915956558659,4,100,100,21299
32,0.44,5.0,0.06894736842105263,0.26257830912139835,0.0,373.42342064364084,46.75424330165904,4,100,100,63019
32,0.44,5.0,0.08842105263157896,0.29735677667001126,0.0,666.2294040341957,72.59583374456749,3,100,100,65802
32,0.44,5.0,0.10789473684210528,0.3284733426658932,0.0,1671.1708549214463,18364.35290800916,3,100,100,48364
32,0.44,5.0,0.12736842105263158,0.35688712648767756,0.0,4.2538666931091725e+64,4.253643800752886e+66,3,100,100,96954
32,0.44,5.0,0.14684210526315788,0.38319982419510307,0.0,5.150701850090094e+66,1.89241647220398e+68,3,100,100,65260
32,0.44,5.0,0.16631578947368422,0.4078183290065372,0.0,7.7573964059999e+16,7.757006467498962e+18,2,100,100,90061
32,0.44,5.0,0.18578947368421053,0.4310330308505492,0.0,1.326467381637184e+18,8.990709310495379e+19,2,100,100,97846
32,0.44,5.0,0.20526315789473684,0.45305977298225986,0.0,5.2561649458121825e+28,5.227645655788473e+30,2,100,100,17199
32,0.44,5.0,0.22473684210526315,0.4740641750915831,0.0,1.3787949395550187e+34,1.1789674080104011e+36,2,100,100,76254
32,0.44,5.0,0.2442105263157895,0.4941766144970738,0.0,8.418528278903332e+38,8.331479404148856e+40,2,100,100,68818
32,0.44,5.0,0.26368421052631574,0.513501908980206,0.0,5.064293128814507e+40,4.224643684829684e+42,2,100,100,19129
32,0.44,5.0,0.28315789473684216,0.5321258260382051,0.0,1.0707339196016912e+43,7.244283626548237e+44,2,100,100,76030
32,0.44,5.0,0.3026315789473685,0.5501196042201809,0.0,8.223615733865582e+46,7.047075593111158e+48,2,100,100,56795
32,0.44,5.0,0.32210526315789473,0.5675431817561504,0.0,1.3727690126169363e+50,9.529849207542649e+51,2,100,100,40415
32,0.44,5.0,0.3415789473684211,0.5844475574150525,0.0,4.445622505641519e+53,2.937135016321404e+55,2,100,100,92918
32,0.44,5.0,0.3610526315789474,0.6008765526952665,0.0,1.0239691486536325e+58,7.49599375678399e+59,2,100,100,67897
32,0.44,5.0,0.3805263157894737,0.616868151057804,0.0,2.705011249038145e+58,1.2311129544549404e+60,2,100,100,10074
32,0.44,5.0,0.4,0.6324555320336759,0.0,1.9894192489347494e+62,1.8332558846172907e+64,2,100,100,30790
32,0.44,10.0,1e-06,0.001,1.0,2.4732217374366885e-05,1.8620574465280146e-05,1000,100,100,8589
32,0.44,10.0,1.4649382061914714e-06,0.0012103463166348181,1.0,3.6172370889289596e-05,2.7547445555862153e-05,826,100,100,3714
32,0.44,10.0,2.1460439479594814e-06,0.0014649382061914698,1.0,5.330387297813104e-05,4.018193985385072e-05,683,100,100,87978
32,0.44,10.0,3.1438217715318246e-06,0.0017730825619614629,0.9998999834060669,7.786976569313992e-05,5.863206565402263e-05,564,100,100,56574
32,0.44,10.0,4.605504626573514e-06,0.0021460439479594807,1.0,0.00011372273983324704,8.619918279671629e-05,466,100,100,83169
32,0.44,10.0,6.7467796862591274e-06,0.002597456387749201,1.0,0.0001672723231894679,0.0001274974539955896,385,100,100,91707
32,0.44,10.0,9.883615331157482e-06,0.0031438217715318217,0.9998999834060669,0.00023931419692776218,0.0001831694077748751,318,100,100,86209
32,0.44,10.0,1.4478885713912363e-05,0.0038051131013298886,0.9997999668121338,0.0003537903233482894,0.00027214520045342356,263,100,100,60201
32,0.44,10.0,2.1210672865390052e-05,0.004605504626573515,0.9997999668121338,0.0005243525192785682,0.0003968129651360323,217,100,100,3519
32,0.44,10.0,3.1072325059538616e-05,0.005574255561017867,0.9993000030517578,0.000767526614168537,0.0005753942322547065,179,100,100,88728
32,0.44,10.0,4.55190361349187e-05,0.0067467796862591195,0.9997999668121338,0.0011285750792945691,0.0008515161043394436,148,100,100,8161
32,0.44,10.0,6.668257514305255e-05,0.008165939942410338,0.9988999962806702,0.0016157393464315873,0.0012196807682282125,122,100,100,76063
32,0.44,10.0,9.768585201429122e-05,0.009883615331157482,0.9988999962806702,0.0023756159348417216,0.001806508209917928,101,100,100,29510
32,0.44,10.0,0.00014310373682010125,0.011962597411101873,0.9980999827384949,0.0035878143269371322,0.002716643985100268,84,100,100,23538
32,0.44,10.0,0.0002096381315165353,0.014478885713912355,0.9972999691963196,0.005210165671261711,0.003899617930779676,69,100,100,95226
32,0.44,10.0,0.0003071069083331647,0.0175244659928103,0.9962999820709229,0.0075617414139091356,0.005720365955834031,57,100,100,46561
32,0.44,10.0,0.00044989264340259425,0.02121067286539006,0.9948999881744385,0.01129340448389753,0.008536681815064805,47,100,100,19251
32,0.44,10.0,0.000659064922004935,0.02567225977597093,0.9914000034332275,0.016365496817529857,0.012314112542055148,39,100,100,91125
32,0.44,10.0,0.0009654893846056303,0.031072325059538598,0.9890999794006348,0.02378076559925253,0.017981352855192475,32,100,100,47179
32,0.44,10.0,0.0014143822871810778,0.03760827418509227,0.9824999570846558,0.036516657587606666,0.028047197523852294,27,100,100,85409
32,0.44,10.0,0.002071982650652037,0.04551903613491873,0.974299967288971,0.05237978131906887,0.03945892176624147,22,100,100,14784
32,0.44,10.0,0.0030353265475060406,0.05509379772266603,0.9615999460220337,0.0746230714844195,0.05630109145695442,18,100,100,22934
32,0.44,10.0,0.004446565827708846,0.06668257514305252,0.9424999952316284,0.11284097984103292,0.08592901747427686,15,100,100,93596
32,0.44,10.0,0.006513944167356084,0.08070900920811805,0.9243999719619751,0.15748753128557685,0.11849102029118307,12,100,100,54418
32,0.44,10.0,0.009542525683758019,0.0976858520142913,0.8765999674797058,0.256918677946699,0.1951201127009654,10,100,100,70061
32,0.44,10.0,0.013979210457700486,0.11823371117283127,0.7674999833106995,0.5032460308707712,0.388353207163199,8,100,100,62585
32,0.44,10.0,0.020478679491876803,0.14310373682010125,0.2620999813079834,4.73564470051656,9.386950816812783,7,100,100,94107
32,0.44,10.0,0.03,0.17320508075688773,0.0,446.32061548796514,60.88340233106688,6,100,100,6417
32,0.44,10.0,0.04947368421052632,0.22242680641174148,0.0,2780.106125240659,348.33034192905626,4,100,100,49236
32,0.44,10.0,0.06894736842105263,0.26257830912139835,0.0,4.508643779715253e+61,4.508418341890235e+63,4,100,100,69781
32,0.44,10.0,0.08842105263157896,0.29735677667001126,0.0,3.2398270488991753e+69,1.7869087123861623e+71,3,100,100,49348
32,0.44,10.0,0.10789473684210528,0.3284733426658932,0.0,1.0387669688228475e+118,9.897453737409638e+119,3,100,100,53581
32,0.44,10.0,0.12736842105263158,0.35688712648767756,0.0,3.4310173261584805e+281,inf,3,100,100,21565
32,0.44,10.0,0.14684210526315788,0.38319982419510307,0.0,inf,nan,3,100,100,69822
32,0.44,10.0,0.16631578947368422,0.4078183290065372,0.0,2.856063733417751e+45,2.0342580497383487e+47,2,100,100,47451
32,0.44,10.0,0.18578947368421053,0.4310330308505492,0.0,2.038996634960847e+53,1.9933020019531854e+55,2,100,100,76149
32,0.44,10.0,0.20526315789473684,0.45305977298225986,0.0,2.252836505191646e+55,1.916272494555033e+57,2,100,100,59230
32,0.44,10.0,0.22473684210526315,0.4740641750915831,0.0,9.284604896764754e+60,8.745772366782119e+62,2,100,100,2824
32,0.44,10.0,0.2442105263157895,0.4941766144970738,0.0,7.034201802074562e+65,6.902379688363931e+67,2,100,100,75139
32,0.44,10.0,0.26368421052631574,0.513501908980206,0.0,5.410796817616902e+70,5.293067848801449e+72,2,100,100,83762
32,0.44,10.0,0.28315789473684216,0.5321258260382051,0.0,8.915747201787704e+72,8.334404793633037e+74,2,100,100,59557
32,0.44,10.0,0.3026315789473685,0.5501196042201809,0.0,5.854312625904244e+76,4.915384636325283e+78,2,100,100,93085
32,0.44,10.0,0.32210526315789473,0.5675431817561504,0.0,1.1156167141852e+91,1.1153966634168169e+93,2,100,100,55873
32,0.44,10.0,0.3415789473684211,0.5844475574150525,0.0,3.508209897673349e+104,3.5080344827930623e+106,2,100,100,98287
32,0.44,10.0,0.3610526315789474,0.6008765526952665,0.0,1.817023734189893e+105,1.3396555297088976e+107,2,100,100,24033
32,0.44,10.0,0.3805263157894737,0.616868151057804,0.0,2.6902065047147664e+109,2.5996083579217217e+111,2,100,100,98423
32,0.44,10.0,0.4,0.6324555320336759,0.0,2.780978854704108e+110,1.7868945278137203e+112,2,100,100,82216
32,0.44,100.0,1e-06,0.001,1.0,9.432917726467168e-05,7.266168867444741e-05,1000,100,100,35348
32,0.44,100.0,1.4649382061914714e-06,0.0012103463166348181,1.0,0.00013804940039951818,0.00010499158531327442,826,100,100,7940
32,0.44,100.0,2.1460439479594814e-06,0.0014649382061914698,1.0,0.00019428790848694463,0.00015013835418361645,683,100,100,58799
32,0.44,100.0,3.1438217715318246e-06,0.0017730825619614629,0.9995999932289124,0.0003065813033318136,0.00022923595739551402,564,100,100,46854
32,0.44,100.0,4.605504626573514e-06,0.0021460439479594807,0.9997999668121338,0.0004528645443280084,0.0003443734117392599,466,100,100,47603
32,0.44,100.0,6.7467796862591274e-06,0.002597456387749201,0.9998999834060669,0.0006555002375371032,0.00048777132658414895,385,100,100,61512
32,0.44,100.0,9.883615331157482e-06,0.0031438217715318217,0.9996999502182007,0.0009182867861011573,0.000686730679519063,318,100,100,18932
32,0.44,100.0,1.4478885713912363e-05,0.0038051131013298886,0.9995999932289124,0.0013646355921794566,0.0010191232480522441,263,100,100,33456
32,0.44,100.0,2.1210672865390052e-05,0.004605504626573515,0.9991999864578247,0.0020594313242985663,0.0015454775977960156,217,100,100,65661
32,0.44,100.0,3.1072325059538616e-05,0.005574255561017867,0.998199999332428,0.002996471066847585,0.0022567770411753736,179,100,100,46087
32,0.44,100.0,4.55190361349187e-05,0.0067467796862591195,0.9982999563217163,0.0044724393499642025,0.0033877199654537313,148,100,100,45952
32,0.44,100.0,6.668257514305255e-05,0.008165939942410338,0.9970999956130981,0.006241635230696079,0.00471291817741633,122,100,100,29298
32,0.44,100.0,9.768585201429122e-05,0.009883615331157482,0.9958999752998352,0.00928105164234828,0.007042023853179906,101,100,100,34297
32,0.44,100.0,0.00014310373682010125,0.011962597411101873,0.9955999851226807,0.012784560044173464,0.00983572177374144,84,100,100,48662
32,0.44,100.0,0.0002096381315165353,0.014478885713912355,0.9904999732971191,0.020260737316555106,0.015457438383512634,69,100,100,12693
32,0.44,100.0,0.0003071069083331647,0.0175244659928103,0.9864999651908875,0.03171374218455435,0.023801508834809547,57,100,100,12588
32,0.44,100.0,0.00044989264340259425,0.02121067286539006,0.9772999882698059,0.043678143364752196,0.032837390363447176,47,100,100,95388
32,0.44,100.0,0.000659064922004935,0.02567225977597093,0.9700999855995178,0.06762761531130837,0.05184913823796474,39,100,100,46457
32,0.44,100.0,0.0009654893846056303,0.031072325059538598,0.9487999677658081,0.10820691677679814,0.08216679366649626,32,100,100,35851
32,0.44,100.0,0.0014143822871810778,0.03760827418509227,0.9083999991416931,0.1819332034867336,0.1402027601974151,27,100,100,47631
32,0.44,100.0,0.002071982650652037,0.04551903613491873,0.0,2010.6501449288187,367.4067799065572,22,100,100,47979
32,0.44,100.0,0.0030353265475060406,0.05509379772266603,0.0,inf,nan,18,100,100,27718
32,0.44,100.0,0.004446565827708846,0.06668257514305252,0.0,nan,nan,15,100,100,89916
32,0.44,100.0,0.006513944167356084,0.08070900920811805,0.0,nan,nan,12,100,100,71327
32,0.44,100.0,0.009542525683758019,0.0976858520142913,0.0,nan,nan,10,100,100,85275
32,0.44,100.0,0.013979210457700486,0.11823371117283127,0.0,nan,nan,8,100,100,85413
32,0.44,100.0,0.020478679491876803,0.14310373682010125,0.0,nan,nan,7,100,100,31775
32,0.44,100.0,0.03,0.17320508075688773,0.0,nan,nan,6,100,100,31494
32,0.44,100.0,0.04947368421052632,0.22242680641174148,0.0,nan,nan,4,100,100,96027
32,0.44,100.0,0.06894736842105263,0.26257830912139835,0.0,nan,nan,4,100,100,49406
32,0.44,100.0,0.08842105263157896,0.29735677667001126,0.0,nan,nan,3,100,100,13607
32,0.44,100.0,0.10789473684210528,0.3284733426658932,0.0,nan,nan,3,100,100,18675
32,0.44,100.0,0.12736842105263158,0.35688712648767756,0.0,nan,nan,3,100,100,43276
32,0.44,100.0,0.14684210526315788,0.38319982419510307,0.0,nan,nan,3,100,100,38101
32,0.44,100.0,0.16631578947368422,0.4078183290065372,0.0,2.727364092101445e+200,inf,2,100,100,56998
32,0.44,100.0,0.18578947368421053,0.4310330308505492,0.0,2.4131377167161283e+210,inf,2,100,100,47796
32,0.44,100.0,0.20526315789473684,0.45305977298225986,0.0,5.22643217130387e+221,inf,2,100,100,96799
32,0.44,100.0,0.22473684210526315,0.4740641750915831,0.0,1.6641819107590174e+238,inf,2,100,100,43642
32,0.44,100.0,0.2442105263157895,0.4941766144970738,0.0,1.1227743936936181e+237,inf,2,100,100,56843
32,0.44,100.0,0.26368421052631574,0.513501908980206,0.0,1.9494754570049446e+248,inf,2,100,100,71802
32,0.44,100.0,0.28315789473684216,0.5321258260382051,0.0,1.8504212520156646e+254,inf,2,100,100,29155
32,0.44,100.0,0.3026315789473685,0.5501196042201809,0.0,1.4402246705434808e+262,inf,2,100,100,23904
32,0.44,100.0,0.32210526315789473,0.5675431817561504,0.0,5.095930030525366e+270,inf,2,100,100,77963
32,0.44,100.0,0.3415789473684211,0.5844475574150525,0.0,3.8470922290944154e+284,inf,2,100,100,95149
32,0.44,100.0,0.3610526315789474,0.6008765526952665,0.0,2.6688266413234827e+283,inf,2,100,100,44311
32,0.44,100.0,0.3805263157894737,0.616868151057804,0.0,2.3877075079652187e+290,inf,2,100,100,47961
32,0.44,100.0,0.4,0.6324555320336759,0.0,4.393468656537822e+293,inf,2,100,100,22410
32,0.28,0.1,1e-06,0.001,1.0,9.644159088566086e-07,7.285062310242867e-07,1000,100,100,25404
32,0.28,0.1,1.4649382061914714e-06,0.0012103463166348181,1.0,1.3991234069067105e-06,1.0739707497811593e-06,826,100,100,26646
32,0.28,0.1,2.1460439479594814e-06,0.0014649382061914698,1.0,2.0568196095496204e-06,1.5520414075843194e-06,683,100,100,46926
32,0.28,0.1,3.1438217715318246e-06,0.0017730825619614629,1.0,2.9884633081110225e-06,2.269500719254589e-06,564,100,100,55715
32,0.28,0.1,4.605504626573514e-06,0.0021460439479594807,1.0,4.382243829536492e-06,3.333461568384067e-06,466,100,100,49534
32,0.28,0.1,6.7467796862591274e-06,0.002597456387749201,1.0,6.40102081497389e-06,4.889377976529887e-06,385,100,100,32041
32,0.28,0.1,9.883615331157482e-06,0.0031438217715318217,1.0,9.40735077087993e-06,7.1591291402003386e-06,318,100,100,63019
32,0.28,0.1,1.4478885713912363e-05,0.0038051131013298886,1.0,1.3861936949535903e-05,1.0522146241238862e-05,263,100,100,17302
32,0.28,0.1,2.1210672865390052e-05,0.004605504626573515,1.0,2.037805811942235e-05,1.5538332198562352e-05,217,100,100,38869
32,0.28,0.1,3.1072325059538616e-05,0.005574255561017867,1.0,2.9185832754922104e-05,2.2264963342892063e-05,179,100,100,96576
32,0.28,0.1,4.55190361349187e-05,0.0067467796862591195,1.0,4.291985896189772e-05,3.265408352868456e-05,148,100,100,79135
32,0.28,0.1,6.668257514305255e-05,0.008165939942410338,0.9998999834060669,6.352033527705317e-05,4.804217602763684e-05,122,100,100,18000
32,0.28,0.1,9.768585201429122e-05,0.009883615331157482,0.9997999668121338,9.249168076974002e-05,6.958952599061145e-05,101,100,100,46055
32,0.28,0.1,0.00014310373682010125,0.011962597411101873,0.9998999834060669,0.00013771732874555482,0.00010501860516463141,84,100,100,13930
32,0.28,0.1,0.0002096381315165353,0.014478885713912355,0.9997999668121338,0.00019859877192097885,0.00015301582129414762,69,100,100,949
32,0.28,0.1,0.0003071069083331647,0.0175244659928103,0.9997999668121338,0.00029121040570782955,0.0002244670737782521,57,100,100,9037
32,0.28,0.1,0.00044989264340259425,0.02121067286539006,0.9995999932289124,0.0004282864173647454,0.00032421959163483785,47,100,100,45905
32,0.28,0.1,0.000659064922004935,0.02567225977597093,1.0,0.0006339186397789604,0.00047645352357105907,39,100,100,79598
32,0.28,0.1,0.0009654893846056303,0.031072325059538598,0.9996999502182007,0.0009227006518132385,0.000704618993928371,32,100,100,10339
32,0.28,0.1,0.0014143822871810778,0.03760827418509227,0.9993999600410461,0.0013433045812999013,0.0010219234951746167,27,100,100,11165
32,0.28,0.1,0.002071982650652037,0.04551903613491873,0.9988999962806702,0.001998676421367338,0.001507640067710993,22,100,100,17985
32,0.28,0.1,0.0030353265475060406,0.05509379772266603,0.9985999464988708,0.002908102023931542,0.0022242229664654178,18,100,100,48492
32,0.28,0.1,0.004446565827708846,0.06668257514305252,0.9970999956130981,0.004219016516823274,0.0032093587098910286,15,100,100,5069
32,0.28,0.1,0.006513944167356084,0.08070900920811805,0.9967999458312988,0.006169147660476347,0.004686697897382753,12,100,100,63093
32,0.28,0.1,0.009542525683758019,0.0976858520142913,0.9962999820709229,0.0089393094712064,0.006771263422404717,10,100,100,10494
32,0.28,0.1,0.013979210457700486,0.11823371117283127,0.9935999512672424,0.01297742022462279,0.010000996897685816,8,100,100,3113
32,0.28,0.1,0.020478679491876803,0.14310373682010125,0.9906999468803406,0.018972746139020752,0.014578370890616527,7,100,100,90607
32,0.28,0.1,0.03,0.17320508075688773,0.9878000020980835,0.02844916281374002,0.021465682888603937,6,100,100,18352
32,0.28,0.1,0.04947368421052632,0.22242680641174148,0.9768999814987183,0.044237496183223576,0.033645892186550425,4,100,100,9674
32,0.28,0.1,0.06894736842105263,0.26257830912139835,0.9680999517440796,0.06612948240505871,0.0506547269283996,4,100,100,58487
32,0.28,0.1,0.08842105263157896,0.29735677667001126,0.965399980545044,0.07932646242252964,0.06061286888994589,3,100,100,39032
32,0.28,0.1,0.10789473684210528,0.3284733426658932,0.9514999985694885,0.10093678309193094,0.07655718402422797,3,100,100,59950
32,0.28,0.1,0.12736842105263158,0.35688712648767756,0.9352999925613403,0.1261927895181616,0.0952884036554653,3,100,100,41125
32,0.28,0.1,0.14684210526315788,0.38319982419510307,0.9217000007629395,0.1498731162214558,0.11530236325635246,3,100,100,19168
32,0.28,0.1,0.16631578947368422,0.4078183290065372,0.925599992275238,0.14649232987070956,0.1121499981702509,2,100,100,62790
32,0.28,0.1,0.18578947368421053,0.4310330308505492,0.9186999797821045,0.1736354568442533,0.1328186180129803,2,100,100,23571
32,0.28,0.1,0.20526315789473684,0.45305977298225986,0.8991000056266785,0.20623477304899343,0.1573105427682838,2,100,100,21019
32,0.28,0.1,0.22473684210526315,0.4740641750915831,0.8794999718666077,0.2436141332780062,0.18654608215656757,2,100,100,76978
32,0.28,0.1,0.2442105263157895,0.4941766144970738,0.8476999998092651,0.2941753118390341,0.22979152416367185,2,100,100,83587
32,0.28,0.1,0.26368421052631574,0.513501908980206,0.82669997215271,0.345692507012269,0.27157586433293374,2,100,100,77433
32,0.28,0.1,0.28315789473684216,0.5321258260382051,0.8068000078201294,0.40762160743587816,0.3176904610117683,2,100,100,28730
32,0.28,0.1,0.3026315789473685,0.5501196042201809,0.7640999555587769,0.49404133315604754,0.3939649956763537,2,100,100,31894
32,0.28,0.1,0.32210526315789473,0.5675431817561504,0.7310000061988831,0.5837621796553808,0.4677555052776545,2,100,100,47513
32,0.28,0.1,0.3415789473684211,0.5844475574150525,0.6820999979972839,0.6994692243851324,0.5488081984009542,2,100,100,7733
32,0.28,0.1,0.3610526315789474,0.6008765526952665,0.6444000005722046,0.8309566614548031,0.6500085172127377,2,100,100,63887
32,0.28,0.1,0.3805263157894737,0.616868151057804,0.5918999910354614,0.9943359155562005,0.7716775141345241,2,100,100,75381
32,0.28,0.1,0.4,0.6324555320336759,0.5371999740600586,1.1754269385224838,0.9270711260423187,2,100,100,68863
32,0.28,0.5,1e-06,0.001,1.0,3.1059628654702467e-06,2.3713366112002695e-06,1000,100,100,55056
32,0.28,0.5,1.4649382061914714e-06,0.0012103463166348181,1.0,4.511375158335796e-06,3.4365125374720287e-06,826,100,100,57443
32,0.28,0.5,2.1460439479594814e-06,0.0014649382061914698,1.0,6.702209253057845e-06,5.140306444609414e-06,683,100,100,84262
32,0.28,0.5,3.1438217715318246e-06,0.0017730825619614629,1.0,9.991222898611342e-06,7.431248117562786e-06,564,100,100,1671
32,0.28,0.5,4.605504626573514e-06,0.0021460439479594807,0.9998999834060669,1.437369319194204e-05,1.0825386186609444e-05,466,100,100,56223
32,0.28,0.5,6.7467796862591274e-06,0.002597456387749201,0.9998999834060669,2.1012508736930615e-05,1.5809681448604854e-05,385,100,100,71356
32,0.28,0.5,9.883615331157482e-06,0.0031438217715318217,1.0,3.0754558703620204e-05,2.3205800733516997e-05,318,100,100,94606
32,0.28,0.5,1.4478885713912363e-05,0.0038051131013298886,0.9998999834060669,4.519559153920909e-05,3.430707458833976e-05,263,100,100,44269
32,0.28,0.5,2.1210672865390052e-05,0.004605504626573515,0.9998999834060669,6.570405944303275e-05,4.9949894542209884e-05,217,100,100,29442
32,0.28,0.5,3.1072325059538616e-05,0.005574255561017867,1.0,9.622124699039888e-05,7.406789434511603e-05,179,100,100,94498
32,0.28,0.5,4.55190361349187e-05,0.0067467796862591195,0.9998999834060669,0.000143253615104436,0.00010865363388209305,148,100,100,25389
32,0.28,0.5,6.668257514305255e-05,0.008165939942410338,0.9997999668121338,0.00020881012970346547,0.0001593145508983212,122,100,100,9775
32,0.28,0.5,9.768585201429122e-05,0.009883615331157482,1.0,0.00030370478191387064,0.00023181699813666515,101,100,100,14523
32,0.28,0.5,0.00014310373682010125,0.011962597411101873,0.9995999932289124,0.0004442926808014818,0.00033741119051539786,84,100,100,4603
32,0.28,0.5,0.0002096381315165353,0.014478885713912355,0.9998999834060669,0.0006559195854594464,0.0004976203092990062,69,100,100,20929
32,0.28,0.5,0.0003071069083331647,0.0175244659928103,0.9998999834060669,0.000964841861305581,0.0007379999437115751,57,100,100,87810
32,0.28,0.5,0.00044989264340259425,0.02121067286539006,0.9993999600410461,0.0014169429729690365,0.0010785978919401551,47,100,100,93413
32,0.28,0.5,0.000659064922004935,0.02567225977597093,0.9990999698638916,0.0020403614921694043,0.0015445672005295625,39,100,100,92173
32,0.28,0.5,0.0009654893846056303,0.031072325059538598,0.9985999464988708,0.003014848620564794,0.0022868943861421086,32,100,100,33435
32,0.28,0.5,0.0014143822871810778,0.03760827418509227,0.9980999827384949,0.004338186946697942,0.0032678756656522746,27,100,100,80194
32,0.28,0.5,0.002071982650652037,0.04551903613491873,0.9975000023841858,0.006486400979330142,0.004862953045697718,22,100,100,51627
32,0.28,0.5,0.0030353265475060406,0.05509379772266603,0.9960999488830566,0.009599756644931404,0.007284169737784036,18,100,100,43548
32,0.28,0.5,0.004446565827708846,0.06668257514305252,0.9939000010490417,0.013590843996066452,0.01027258582701173,15,100,100,94049
32,0.28,0.5,0.006513944167356084,0.08070900920811805,0.9916999936103821,0.020554626397186075,0.015590108597705961,12,100,100,30105
32,0.28,0.5,0.009542525683758019,0.0976858520142913,0.9829999804496765,0.030325922214816753,0.022726929881795047,10,100,100,35842
32,0.28,0.5,0.013979210457700486,0.11823371117283127,0.9768999814987183,0.04317109358310952,0.03303117527334163,8,100,100,21970
32,0.28,0.5,0.020478679491876803,0.14310373682010125,0.9679999947547913,0.06452357989180314,0.04901933375910694,7,100,100,36266
32,0.28,0.5,0.03,0.17320508075688773,0.9519999623298645,0.09547834034825428,0.07194380246188348,6,100,100,20488
32,0.28,0.5,0.04947368421052632,0.22242680641174148,0.9210999608039856,0.1590196085468609,0.11845410450277659,4,100,100,40836
32,0.28,0.5,0.06894736842105263,0.26257830912139835,0.8892999887466431,0.22702506859730057,0.174246443150896,4,100,100,35948
32,0.28,0.5,0.08842105263157896,0.29735677667001126,0.8381999731063843,0.3208767360533935,0.24077696572376944,3,100,100,22358
32,0.28,0.5,0.10789473684210528,0.3284733426658932,0.7842999696731567,0.44180506599947034,0.34439998168979796,3,100,100,60315
32,0.28,0.5,0.12736842105263158,0.35688712648767756,0.7032999992370605,0.6369482581058721,0.4954321478090378,3,100,100,85362
32,0.28,0.5,0.14684210526315788,0.38319982419510307,0.6086999773979187,0.9531714354153193,0.7396114895536966,3,100,100,22594
32,0.28,0.5,0.16631578947368422,0.4078183290065372,0.5234000086784363,1.2373852391702607,0.9547723140822577,2,100,100,36258
32,0.28,0.5,0.18578947368421053,0.4310330308505492,0.40869998931884766,1.7802625123073212,1.3310875603189916,2,100,100,95377
32,0.28,0.5,0.20526315789473684,0.45305977298225986,0.2969000041484833,2.5691591517088774,1.8733537445273323,2,100,100,9662
32,0.28,0.5,0.22473684210526315,0.4740641750915831,0.19839999079704285,3.6990449590045786,2.460165911125147,2,100,100,72465
32,0.28,0.5,0.2442105263157895,0.4941766144970738,0.12719999253749847,5.2145838313816615,3.1956502178059947,2,100,100,34328
32,0.28,0.5,0.26368421052631574,0.513501908980206,0.06709999591112137,7.309267359069042,4.07663544087572,2,100,100,8507
32,0.28,0.5,0.28315789473684216,0.5321258260382051,0.03460000082850456,9.79397407005236,4.854024307561111,2,100,100,5946
32,0.28,0.5,0.3026315789473685,0.5501196042201809,0.01549999974668026,13.018698674146016,5.9502809609753955,2,100,100,37174
32,0.28,0.5,0.32210526315789473,0.5675431817561504,0.006899999920278788,16.772585210728586,6.889352530583564,2,100,100,61359
32,0.28,0.5,0.3415789473684211,0.5844475574150525,0.0015999999595806003,20.503406489883194,7.818724846231587,2,100,100,34797
32,0.28,0.5,0.3610526315789474,0.6008765526952665,0.0009999999310821295,24.897630460689648,8.812637243054176,2,100,100,83423
32,0.28,0.5,0.3805263157894737,0.616868151057804,0.00029999998514540493,30.089577420643643,9.89165422827288,2,100,100,58911
32,0.28,0.5,0.4,0.6324555320336759,0.0004999999655410647,34.207034975613205,14.571905999974954,2,100,100,79112
32,0.28,1.0,1e-06,0.001,1.0,5.507937115339701e-06,4.134042137471819e-06,1000,100,100,58354
32,0.28,1.0,1.4649382061914714e-06,0.0012103463166348181,1.0,7.975677352305866e-06,6.042859097726233e-06,826,100,100,43542
32,0.28,1.0,2.1460439479594814e-06,0.0014649382061914698,1.0,1.1736146834527973e-05,8.841470489788819e-06,683,100,100,60870
32,0.28,1.0,3.1438217715318246e-06,0.0017730825619614629,1.0,1.727168444886047e-05,1.2939832690025123e-05,564,100,100,741
32,0.28,1.0,4.605504626573514e-06,0.0021460439479594807,1.0,2.5208452223546374e-05,1.9309352136019248e-05,466,100,100,34235
32,0.28,1.0,6.7467796862591274e-06,0.002597456387749201,1.0,3.691348694410408e-05,2.7862864999967584e-05,385,100,100,72646
32,0.28,1.0,9.883615331157482e-06,0.0031438217715318217,1.0,5.380188036456275e-05,4.096230325779873e-05,318,100,100,88110
32,0.28,1.0,1.4478885713912363e-05,0.0038051131013298886,0.9998999834060669,7.957459407862189e-05,6.006557821588556e-05,263,100,100,53877
32,0.28,1.0,2.1210672865390052e-05,0.004605504626573515,1.0,0.00011706667199168806,8.697953458633212e-05,217,100,100,4647
32,0.28,1.0,3.1072325059538616e-05,0.005574255561017867,0.9998999834060669,0.0001706922134585284,0.0001283418926317495,179,100,100,25734
32,0.28,1.0,4.55190361349187e-05,0.0067467796862591195,0.9998999834060669,0.00024536449115248617,0.00018739191479027624,148,100,100,25751
32,0.28,1.0,6.668257514305255e-05,0.008165939942410338,0.9998999834060669,0.0003584934285827103,0.00027082038379713715,122,100,100,60807
32,0.28,1.0,9.768585201429122e-05,0.009883615331157482,0.9997999668121338,0.0005336498414099651,0.00040481558485179427,101,100,100,9452
32,0.28,1.0,0.00014310373682010125,0.011962597411101873,0.9994999766349792,0.00078767656950115,0.0005890424528137157,84,100,100,36557
32,0.28,1.0,0.0002096381315165353,0.014478885713912355,0.9993000030517578,0.0011406250463907783,0.000862325240080221,69,100,100,99486
32,0.28,1.0,0.0003071069083331647,0.0175244659928103,0.9991999864578247,0.0016567496727571552,0.001261050407265636,57,100,100,88808
32,0.28,1.0,0.00044989264340259425,0.02121067286539006,0.9984999895095825,0.002453175874797967,0.0018619358140572607,47,100,100,42989
32,0.28,1.0,0.000659064922004935,0.02567225977597093,0.9983999729156494,0.003616655288893003,0.0027228082270095415,39,100,100,56188
32,0.28,1.0,0.0009654893846056303,0.031072325059538598,0.9970999956130981,0.005326435329997457,0.004065081874185351,32,100,100,3833
32,0.28,1.0,0.0014143822871810778,0.03760827418509227,0.9967999458312988,0.007697900252157911,0.005736291732534382,27,100,100,48463
32,0.28,1.0,0.002071982650652037,0.04551903613491873,0.9948999881744385,0.011261483866120102,0.008580325522751163,22,100,100,85229
32,0.28,1.0,0.0030353265475060406,0.05509379772266603,0.989799976348877,0.01655805066544333,0.01241570261924762,18,100,100,17522
32,0.28,1.0,0.004446565827708846,0.06668257514305252,0.9864999651908875,0.024409277733734143,0.018499344347981728,15,100,100,23797
32,0.28,1.0,0.006513944167356084,0.08070900920811805,0.983199954032898,0.03653989524814176,0.02754566187110291,12,100,100,12489
32,0.28,1.0,0.009542525683758019,0.0976858520142913,0.972599983215332,0.052508197994926786,0.03974962666130814,10,100,100,57515
32,0.28,1.0,0.013979210457700486,0.11823371117283127,0.9610999822616577,0.07786560961944884,0.0599823361505056,8,100,100,19063
32,0.28,1.0,0.020478679491876803,0.14310373682010125,0.9405999779701233,0.11518412080727511,0.08682929141749096,7,100,100,25930
32,0.28,1.0,0.03,0.17320508075688773,0.9182999730110168,0.16442333826753833,0.12441467881945936,6,100,100,77743
32,0.28,1.0,0.04947368421052632,0.22242680641174148,0.8456999659538269,0.30893955610209833,0.23394435735944888,4,100,100,76788
32,0.28,1.0,0.06894736842105263,0.26257830912139835,0.7702999711036682,0.488873902999542,0.3743177353041551,4,100,100,89788
32,0.28,1.0,0.08842105263157896,0.29735677667001126,0.6470999717712402,0.8408608632110071,0.650580516414581,3,100,100,73815
32,0.28,1.0,0.10789473684210528,0.3284733426658932,0.44369998574256897,1.6022862491973502,1.2191604984618754,3,100,100,1056
32,0.28,1.0,0.12736842105263158,0.35688712648767756,0.22999998927116394,3.199755811849997,2.1614796778021503,3,100,100,78141
32,0.28,1.0,0.14684210526315788,0.38319982419510307,0.08020000159740448,6.426873198429574,3.555077128608551,3,100,100,29118
32,0.28,1.0,0.16631578947368422,0.4078183290065372,0.05549999698996544,7.717868213263046,4.134867647751014,2,100,100,96527
32,0.28,1.0,0.18578947368421053,0.4310330308505492,0.01889999955892563,12.079933758963985,5.494531514030617,2,100,100,48574
32,0.28,1.0,0.20526315789473684,0.45305977298225986,0.00419999985024333,17.775380660176033,6.9564990477209045,2,100,100,53651
32,0.28,1.0,0.22473684210526315,0.4740641750915831,0.0009999999310821295,25.255914500226968,8.549592795814995,2,100,100,61983
32,0.28,1.0,0.2442105263157895,0.4941766144970738,9.999999747378752e-05,35.14962293197741,10.457965474581348,2,100,100,49432
32,0.28,1.0,0.26368421052631574,0.513501908980206,0.0,46.45518931857201,12.796055993011532,2,100,100,47210
32,0.28,1.0,0.28315789473684216,0.5321258260382051,0.00019999999494757503,54.018412886706486,19.138847439643236,2,100,100,33755
32,0.28,1.0,0.3026315789473685,0.5501196042201809,0.0,60.64531123538346,626.6383670759844,2,100,100,71912
32,0.28,1.0,0.32210526315789473,0.5675431817561504,0.0,72.12911592771881,62.92876040866404,2,100,100,71840
32,0.28,1.0,0.3415789473684211,0.5844475574150525,0.0,234.9452936468842,12001.91194795183,2,100,100,64919
32,0.28,1.0,0.3610526315789474,0.6008765526952665,0.0,576.6441948019067,16021.388118347826,2,100,100,83765
32,0.28,1.0,0.3805263157894737,0.616868151057804,0.0,2087.8796640845517,51922.57356088062,2,100,100,32708
32,0.28,1.0,0.4,0.6324555320336759,0.0,4809.218998849432,74836.82687127274,2,100,100,12457
32,0.28,2.0,1e-06,0.001,1.0,9.93767422601195e-06,7.476946826847011e-06,1000,100,100,88158
32,0.28,2.0,1.4649382061914714e-06,0.0012103463166348181,1.0,1.4749444126687194e-05,1.1083761185479579e-05,826,100,100,73579
32,0.28,2.0,2.1460439479594814e-06,0.0014649382061914698,1.0,2.1212917297657442e-05,1.6204625394886844e-05,683,100,100,76481
32,0.28,2.0,3.1438217715318246e-06,0.0017730825619614629,1.0,3.120162123516366e-05,2.3399353946771046e-05,564,100,100,55978
32,0.28,2.0,4.605504626573514e-06,0.0021460439479594807,1.0,4.570047677627827e-05,3.533683150686749e-05,466,100,100,57839
32,0.28,2.0,6.7467796862591274e-06,0.002597456387749201,1.0,6.80838855439788e-05,5.038926300787481e-05,385,100,100,84431
32,0.28,2.0,9.883615331157482e-06,0.0031438217715318217,1.0,9.846089239561025e-05,7.47087742066648e-05,318,100,100,65851
32,0.28,2.0,1.4478885713912363e-05,0.0038051131013298886,0.9997999668121338,0.00014290824885581515,0.00010922564940548383,263,100,100,38961
32,0.28,2.0,2.1210672865390052e-05,0.004605504626573515,1.0,0.00020973328241602758,0.00015882266853003881,217,100,100,938
32,0.28,2.0,3.1072325059538616e-05,0.005574255561017867,0.9997999668121338,0.0003003408806538801,0.00023181614142417075,179,100,100,33407
32,0.28,2.0,4.55190361349187e-05,0.0067467796862591195,1.0,0.00045430805217861234,0.00034482736919869036,148,100,100,92799
32,0.28,2.0,6.668257514305255e-05,0.008165939942410338,0.9997999668121338,0.0006649202574517177,0.0005047734632094213,122,100,100,9723
32,0.28,2.0,9.768585201429122e-05,0.009883615331157482,0.9993999600410461,0.0009743119409763722,0.0007403209706594828,101,100,100,9172
32,0.28,2.0,0.00014310373682010125,0.011962597411101873,0.9991999864578247,0.0014113755195472777,0.001085739506945408,84,100,100,45413
32,0.28,2.0,0.0002096381315165353,0.014478885713912355,0.9993999600410461,0.0020816876248357175,0.0015878373692764301,69,100,100,82825
32,0.28,2.0,0.0003071069083331647,0.0175244659928103,0.9985999464988708,0.0030152866586421172,0.0023040672751534555,57,100,100,17198
32,0.28,2.0,0.00044989264340259425,0.02121067286539006,0.9975000023841858,0.004482881365707112,0.003398796728251918,47,100,100,99373
32,0.28,2.0,0.000659064922004935,0.02567225977597093,0.9973999857902527,0.006594810092009061,0.004990263834470875,39,100,100,8861
32,0.28,2.0,0.0009654893846056303,0.031072325059538598,0.9955999851226807,0.009813406370394068,0.0074201368414593405,32,100,100,23411
32,0.28,2.0,0.0014143822871810778,0.03760827418509227,0.9929999709129333,0.013994696302030207,0.010672695598000107,27,100,100,26939
32,0.28,2.0,0.002071982650652037,0.04551903613491873,0.9872999787330627,0.02043042048164366,0.0156106054165218,22,100,100,84210
32,0.28,2.0,0.0030353265475060406,0.05509379772266603,0.9855999946594238,0.030115851062555862,0.022973327090964973,18,100,100,18019
32,0.28,2.0,0.004446565827708846,0.06668257514305252,0.974299967288971,0.04565617179398132,0.034846547215925665,15,100,100,45303
32,0.28,2.0,0.006513944167356084,0.08070900920811805,0.9670999646186829,0.06608467830091026,0.04973755932090901,12,100,100,27833
32,0.28,2.0,0.009542525683758019,0.0976858520142913,0.9557999968528748,0.09570805334552447,0.07237494765994516,10,100,100,19530
32,0.28,2.0,0.013979210457700486,0.11823371117283127,0.9271999597549438,0.1449922613872562,0.10908885666127423,8,100,100,82771
32,0.28,2.0,0.020478679491876803,0.14310373682010125,0.8901999592781067,0.21357822133468723,0.16269048235304334,7,100,100,52474
32,0.28,2.0,0.03,0.17320508075688773,0.8416000008583069,0.31846181962427184,0.24283567305819695,6,100,100,69324
32,0.28,2.0,0.04947368421052632,0.22242680641174148,0.6593999862670898,0.755009805916145,0.5777389009614113,4,100,100,55909
32,0.28,2.0,0.06894736842105263,0.26257830912139835,0.3197000026702881,2.510532162298097,1.9506468024208876,4,100,100,29548
32,0.28,2.0,0.08842105263157896,0.29735677667001126,0.06229999661445618,8.23452898136313,4.731128160106019,3,100,100,76168
32,0.28,2.0,0.10789473684210528,0.3284733426658932,0.003999999724328518,19.81625464569502,6.776309444902432,3,100,100,14793
32,0.28,2.0,0.12736842105263158,0.35688712648767756,9.999999747378752e-05,36.167553218873216,10.08134646651997,3,100,100,52213
32,0.28,2.0,0.14684210526315788,0.38319982419510307,0.0,52.019102102862895,18.31601260107927,3,100,100,62156
32,0.28,2.0,0.16631578947368422,0.4078183290065372,0.0,65.4346926866991,14.52318660418412,2,100,100,10595
32,0.28,2.0,0.18578947368421053,0.4310330308505492,0.00039999998989515007,71.19981562949347,26.46649876569363,2,100,100,93710
32,0.28,2.0,0.20526315789473684,0.45305977298225986,0.0,104.45003206011846,49.53749650826042,2,100,100,66440
32,0.28,2.0,0.22473684210526315,0.4740641750915831,0.0,187.62990349791085,567.6542735209508,2,100,100,12608
32,0.28,2.0,0.2442105263157895,0.4941766144970738,0.0,1988.2271703793158,66669.55693202131,2,100,100,63785
32,0.28,2.0,0.26368421052631574,0.513501908980206,0.0,10543.695254686625,158950.29523294588,2,100,100,35840
32,0.28,2.0,0.28315789473684216,0.5321258260382051,0.0,58120.701321514534,449952.22037253826,2,100,100,13287
32,0.28,2.0,0.3026315789473685,0.5501196042201809,0.0,26807584639.957012,2680573007596.057,2,100,100,40562
32,0.28,2.0,0.32210526315789473,0.5675431817561504,0.0,1.3251163940938407e+21,1.3249821637606827e+23,2,100,100,41163
32,0.28,2.0,0.3415789473684211,0.5844475574150525,0.0,3.9313981550596106e+18,2.4963550329117252e+20,2,100,100,20298
32,0.28,2.0,0.3610526315789474,0.6008765526952665,0.0,1.0065243327423137e+25,1.0052521606735856e+27,2,100,100,15560
32,0.28,2.0,0.3805263157894737,0.616868151057804,0.0,1.0550485251658493e+24,8.33711827816037e+25,2,100,100,58412
32,0.28,2.0,0.4,0.6324555320336759,0.0,4.2311070468992325e+30,3.870274754441039e+32,2,100,100,36429
32,0.28,5.0,1e-06,0.001,1.0,1.3320831255941813e-05,1.0058507417096771e-05,1000,100,100,65192
32,0.28,5.0,1.4649382061914714e-06,0.0012103463166348181,1.0,1.9518475109862265e-05,1.4722766334314305e-05,826,100,100,78537
32,0.28,5.0,2.1460439479594814e-06,0.0014649382061914698,1.0,2.8890876701166236e-05,2.2093952511358518e-05,683,100,100,58440
32,0.28,5.0,3.1438217715318246e-06,0.0017730825619614629,1.0,4.2074897604175026e-05,3.198679003205276e-05,564,100,100,47587
32,0.28,5.0,4.605504626573514e-06,0.0021460439479594807,0.9998999834060669,6.168772744279068e-05,4.698572683304228e-05,466,100,100,78165
32,0.28,5.0,6.7467796862591274e-06,0.002597456387749201,1.0,9.157547003687797e-05,7.004241534160787e-05,385,100,100,81956
32,0.28,5.0,9.883615331157482e-06,0.0031438217715318217,1.0,0.00013283949830479288,0.00010190461794385047,318,100,100,97134
32,0.28,5.0,1.4478885713912363e-05,0.0038051131013298886,0.9997999668121338,0.0001919067151881791,0.00014642626213961504,263,100,100,53897
32,0.28,5.0,2.1210672865390052e-05,0.004605504626573515,0.9997999668121338,0.0002877532523200898,0.0002196199225149143,217,100,100,96264
32,0.28,5.0,3.1072325059538616e-05,0.005574255561017867,0.9996999502182007,0.0004189691816096684,0.0003163928486795332,179,100,100,77966
32,0.28,5.0,4.55190361349187e-05,0.0067467796862591195,0.9998999834060669,0.0006246086537489418,0.0004735429616800414,148,100,100,59548
32,0.28,5.0,6.668257514305255e-05,0.008165939942410338,0.9996999502182007,0.0008950112614549653,0.0006849841430738975,122,100,100,2160
32,0.28,5.0,9.768585201429122e-05,0.009883615331157482,0.9990999698638916,0.0013041938901576487,0.0009965685132901506,101,100,100,84895
32,0.28,5.0,0.00014310373682010125,0.011962597411101873,0.9988999962806702,0.0019194918725700973,0.0014638416104258702,84,100,100,40603
32,0.28,5.0,0.0002096381315165353,0.014478885713912355,0.9982999563217163,0.002864214632223184,0.002148436873203933,69,100,100,12372
32,0.28,5.0,0.0003071069083331647,0.0175244659928103,0.998699963092804,0.004138108560736669,0.003152496350183527,57,100,100,72208
32,0.28,5.0,0.00044989264340259425,0.02121067286539006,0.996399998664856,0.006113128840722516,0.0047129776069513955,47,100,100,55477
32,0.28,5.0,0.000659064922004935,0.02567225977597093,0.9948999881744385,0.008814511702836671,0.0067239571250422014,39,100,100,51592
32,0.28,5.0,0.0009654893846056303,0.031072325059538598,0.993399977684021,0.013203389356383037,0.01005047924028836,32,100,100,61569
32,0.28,5.0,0.0014143822871810778,0.03760827418509227,0.991599977016449,0.018063830055704694,0.013759010833267771,27,100,100,10544
32,0.28,5.0,0.002071982650652037,0.04551903613491873,0.986799955368042,0.027842251374154036,0.02095810207731426,22,100,100,84224
32,0.28,5.0,0.0030353265475060406,0.05509379772266603,0.9811999797821045,0.04113450794997621,0.03144802695111095,18,100,100,28871
32,0.28,5.0,0.004446565827708846,0.06668257514305252,0.9704999923706055,0.05988193611947273,0.04564369626608821,15,100,100,16843
32,0.28,5.0,0.006513944167356084,0.08070900920811805,0.9520999789237976,0.09524797921153086,0.07256298384166904,12,100,100,83569
32,0.28,5.0,0.009542525683758019,0.0976858520142913,0.9333999752998352,0.13925176309542295,0.10531660487361,10,100,100,13807
32,0.28,5.0,0.013979210457700486,0.11823371117283127,0.8851000070571899,0.22942749542626473,0.17307370071236605,8,100,100,81714
32,0.28,5.0,0.020478679491876803,0.14310373682010125,0.8125999569892883,0.37776543587635075,0.28715143779486374,7,100,100,41187
32,0.28,5.0,0.03,0.17320508075688773,0.5303999781608582,1.2037977014786276,0.9119845506268041,6,100,100,18685
32,0.28,5.0,0.04947368421052632,0.22242680641174148,0.013499999418854713,13.73629965107856,5.791570656966762,4,100,100,36338
32,0.28,5.0,0.06894736842105263,0.26257830912139835,0.0,314.0215071463684,38.18907938963206,4,100,100,46412
32,0.28,5.0,0.08842105263157896,0.29735677667001126,0.0,568.8549478953317,62.00044682522929,3,100,100,306
32,0.28,5.0,0.10789473684210528,0.3284733426658932,0.0,1453.6429176984923,17470.76636367378,3,100,100,41008
32,0.28,5.0,0.12736842105263158,0.35688712648767756,0.0,1.0790261971028435e+57,1.0789632266696774e+59,3,100,100,71851
32,0.28,5.0,0.14684210526315788,0.38319982419510307,0.0,1.233916135400252e+67,5.103370691728995e+68,3,100,100,204
32,0.28,5.0,0.16631578947368422,0.4078183290065372,0.0,1793637149.67884,178529719312.67236,2,100,100,71042
32,0.28,5.0,0.18578947368421053,0.4310330308505492,0.0,5.846505177203772e+16,4.560213811804099e+18,2,100,100,15009
32,0.28,5.0,0.20526315789473684,0.45305977298225986,0.0,5.1708604849191056e+23,3.388824209061616e+25,2,100,100,76028
32,0.28,5.0,0.22473684210526315,0.4740641750915831,0.0,8.59765963766165e+28,4.7365025547880066e+30,2,100,100,83282
32,0.28,5.0,0.2442105263157895,0.4941766144970738,0.0,7.160168262732541e+35,5.918907720702876e+37,2,100,100,64146
32,0.28,5.0,0.26368421052631574,0.513501908980206,0.0,1.0748122350539464e+39,6.74163379716033e+40,2,100,100,56430
32,0.28,5.0,0.28315789473684216,0.5321258260382051,0.0,1.0247602651961002e+43,5.826720036234794e+44,2,100,100,45926
32,0.28,5.0,0.3026315789473685,0.5501196042201809,0.0,4.0385529863260663e+46,3.4562715636525654e+48,2,100,100,62092
32,0.28,5.0,0.32210526315789473,0.5675431817561504,0.0,9.490990184518967e+49,5.9313196754165545e+51,2,100,100,15131
32,0.28,5.0,0.3415789473684211,0.5844475574150525,0.0,1.7372837107792847e+53,9.062030059139747e+54,2,100,100,5886
32,0.28,5.0,0.3610526315789474,0.6008765526952665,0.0,1.5421059274161306e+56,9.329445634096482e+57,2,100,100,59303
32,0.28,5.0,0.3805263157894737,0.616868151057804,0.0,1.7303313055649887e+60,1.6050191955244618e+62,2,100,100,84748
32,0.28,5.0,0.4,0.6324555320336759,0.0,2.3263014877747653e+64,2.2385670309499555e+66,2,100,100,91662
32,0.28,10.0,1e-06,0.001,1.0,2.3595722002551157e-05,1.7844215438046055e-05,1000,100,100,6459
32,0.28,10.0,1.4649382061914714e-06,0.0012103463166348181,1.0,3.470766508974066e-05,2.6378573305655994e-05,826,100,100,31344
32,0.28,10.0,2.1460439479594814e-06,0.0014649382061914698,1.0,5.131032996400791e-05,3.905551091222765e-05,683,100,100,50384
32,0.28,10.0,3.1438217715318246e-06,0.0017730825619614629,1.0,7.485224679564908e-05,5.669406948594527e-05,564,100,100,82374
32,0.28,10.0,4.605504626573514e-06,0.0021460439479594807,1.0,0.00011007936015969336,8.308201938331337e-05,466,100,100,87983
32,0.28,10.0,6.7467796862591274e-06,0.002597456387749201,1.0,0.00016048471193162185,0.00012139283426286233,385,100,100,81236
32,0.28,10.0,9.883615331157482e-06,0.0031438217715318217,0.9998999834060669,0.00023507413551669744,0.00017858304309243347,318,100,100,33462
32,0.28,10.0,1.4478885713912363e-05,0.0038051131013298886,0.9995999932289124,0.0003454252177294848,0.0002622108562148899,263,100,100,25897
32,0.28,10.0,2.1210672865390052e-05,0.004605504626573515,0.9995999932289124,0.000512268170535458,0.0003858628173016643,217,100,100,34523
32,0.28,10.0,3.1072325059538616e-05,0.005574255561017867,0.9996999502182007,0.0007334657995647831,0.0005573575405034721,179,100,100,90138
32,0.28,10.0,4.55190361349187e-05,0.0067467796862591195,0.9996999502182007,0.0010827836981895417,0.0008210989243498979,148,100,100,62436
32,0.28,10.0,6.668257514305255e-05,0.008165939942410338,0.9990999698638916,0.0015679203733816166,0.0011753943537785533,122,100,100,52156
32,0.28,10.0,9.768585201429122e-05,0.009883615331157482,0.9985999464988708,0.002336397593143647,0.0017693914326560012,101,100,100,68038
32,0.28,10.0,0.00014310373682010125,0.011962597411101873,0.9985999464988708,0.003463401570741917,0.002587857276327324,84,100,100,88057
32,0.28,10.0,0.0002096381315165353,0.014478885713912355,0.9984999895095825,0.004980507354686506,0.0037864918335099376,69,100,100,96815
32,0.28,10.0,0.0003071069083331647,0.0175244659928103,0.9954999685287476,0.00742435101091603,0.005615072986512154,57,100,100,6930
32,0.28,10.0,0.00044989264340259425,0.02121067286539006,0.9950999617576599,0.010746108585639855,0.00811395845829011,47,100,100,29119
32,0.28,10.0,0.000659064922004935,0.02567225977597093,0.9923999905586243,0.01610319144922785,0.012287882632317023,39,100,100,36217
32,0.28,10.0,0.0009654893846056303,0.031072325059538598,0.9869999885559082,0.02299089963475185,0.01746011768221909,32,100,100,5426
32,0.28,10.0,0.0014143822871810778,0.03760827418509227,0.9845999479293823,0.03506903447467983,0.026105464624809283,27,100,100,52849
32,0.28,10.0,0.002071982650652037,0.04551903613491873,0.9754999876022339,0.049605782065508634,0.03708886710988577,22,100,100,33043
32,0.28,10.0,0.0030353265475060406,0.05509379772266603,0.9611999988555908,0.07073080064755238,0.0542590590539106,18,100,100,53437
32,0.28,10.0,0.004446565827708846,0.06668257514305252,0.9462999701499939,0.10970886545935175,0.08269179974918546,15,100,100,12552
32,0.28,10.0,0.006513944167356084,0.08070900920811805,0.9274999499320984,0.14733128817628433,0.1107281623109451,12,100,100,3376
32,0.28,10.0,0.009542525683758019,0.0976858520142913,0.8772000074386597,0.24120407303440017,0.1808785358284957,10,100,100,46654
32,0.28,10.0,0.013979210457700486,0.11823371117283127,0.7723999619483948,0.4802955964268532,0.3672386222830679,8,100,100,64239
32,0.28,10.0,0.020478679491876803,0.14310373682010125,0.30949997901916504,2.5238514023415353,1.7808162788140633,7,100,100,18102
32,0.28,10.0,0.03,0.17320508075688773,0.0,425.56163877180256,57.519319586814845,6,100,100,93651
32,0.28,10.0,0.04947368421052632,0.22242680641174148,0.0,2628.804536359706,335.44169600214934,4,100,100,49718
32,0.28,10.0,0.06894736842105263,0.26257830912139835,0.0,inf,nan,4,100,100,13210
32,0.28,10.0,0.08842105263157896,0.29735677667001126,0.0,9.519507978205797e+68,6.917481473748673e+70,3,100,100,15903
32,0.28,10.0,0.10789473684210528,0.3284733426658932,0.0,2.7926261586442764e+167,inf,3,100,100,50100
32,0.28,10.0,0.12736842105263158,0.35688712648767756,0.0,7.00697504124917e+290,inf,3,100,100,64636
32,0.28,10.0,0.14684210526315788,0.38319982419510307,0.0,inf,nan,3,100,100,67531
32,0.28,10.0,0.16631578947368422,0.4078183290065372,0.0,5.812638152080602e+44,5.662191588469149e+46,2,100,100,11383
32,0.28,10.0,0.18578947368421053,0.4310330308505492,0.0,5.277607789503284e+47,2.0826198504266334e+49,2,100,100,21756
32,0.28,10.0,0.20526315789473684,0.45305977298225986,0.0,1.3540481612123976e+55,1.085628821775525e+57,2,100,100,58608
32,0.28,10.0,0.22473684210526315,0.4740641750915831,0.0,4.366991430716049e+59,2.303570255959529e+61,2,100,100,14052
32,0.28,10.0,0.2442105263157895,0.4941766144970738,0.0,1.5606942684802186e+64,1.2536567088279938e+66,2,100,100,32761
32,0.28,10.0,0.26368421052631574,0.513501908980206,0.0,1.125673000799768e+68,9.796629801953784e+69,2,100,100,52126
32,0.28,10.0,0.28315789473684216,0.5321258260382051,0.0,1.2360195720182616e+72,1.0754533983320685e+74,2,100,100,97159
32,0.28,10.0,0.3026315789473685,0.5501196042201809,0.0,2.0611083721714496e+81,2.06085735244809e+83,2,100,100,42051
32,0.28,10.0,0.32210526315789473,0.5675431817561504,0.0,7.440014587748851e+78,4.145748245428242e+80,2,100,100,56316
32,0.28,10.0,0.3415789473684211,0.5844475574150525,0.0,1.345631104423016e+96,1.3436024989453138e+98,2,100,100,61546
32,0.28,10.0,0.3610526315789474,0.6008765526952665,0.0,1.2754258830592039e+106,1.2015762342831675e+108,2,100,100,51112
32,0.28,10.0,0.3805263157894737,0.616868151057804,0.0,3.004362503532648e+117,3.0042122795919323e+119,2,100,100,3494
32,0.28,10.0,0.4,0.6324555320336759,0.0,1.7558225164441878e+119,1.7551145400005174e+121,2,100,100,83891
32,0.28,100.0,1e-06,0.001,1.0,9.402627346964891e-05,7.086716936266319e-05,1000,100,100,12951
32,0.28,100.0,1.4649382061914714e-06,0.0012103463166348181,0.9998999834060669,0.00014242064142706569,0.00010784526055699851,826,100,100,12580
32,0.28,100.0,2.1460439479594814e-06,0.0014649382061914698,0.9997999668121338,0.00019828163297577249,0.00014959623347595422,683,100,100,94688
32,0.28,100.0,3.1438217715318246e-06,0.0017730825619614629,0.9998999834060669,0.00028521532839592966,0.00021230971444747591,564,100,100,49603
32,0.28,100.0,4.605504626573514e-06,0.0021460439479594807,0.9997999668121338,0.0004403519848785209,0.0003289378579830545,466,100,100,35866
32,0.28,100.0,6.7467796862591274e-06,0.002597456387749201,0.9997999668121338,0.0006309394780430012,0.0004710293671059003,385,100,100,96883
32,0.28,100.0,9.883615331157482e-06,0.0031438217715318217,0.9996999502182007,0.0009476354316116613,0.0007079519701039936,318,100,100,79782
32,0.28,100.0,1.4478885713912363e-05,0.0038051131013298886,0.9993999600410461,0.0014611418601462448,0.0010968333138954786,263,100,100,90618
32,0.28,100.0,2.1210672865390052e-05,0.004605504626573515,0.9993999600410461,0.0019605484852954305,0.0014700431195335717,217,100,100,97517
32,0.28,100.0,3.1072325059538616e-05,0.005574255561017867,0.998199999332428,0.003026629023751775,0.0022542605995368994,179,100,100,27727
32,0.28,100.0,4.55190361349187e-05,0.0067467796862591195,0.9972999691963196,0.004438564044168289,0.003309187392032924,148,100,100,91132
32,0.28,100.0,6.668257514305255e-05,0.008165939942410338,0.9973999857902527,0.006183367450955325,0.004673320591020365,122,100,100,31017
32,0.28,100.0,9.768585201429122e-05,0.009883615331157482,0.995199978351593,0.009297750018047328,0.007078946187585957,101,100,100,92546
32,0.28,100.0,0.00014310373682010125,0.011962597411101873,0.9937999844551086,0.01470397666495037,0.011511439581522849,84,100,100,67207
32,0.28,100.0,0.0002096381315165353,0.014478885713912355,0.9879999756813049,0.019593174060076515,0.015077574830698203,69,100,100,88323
32,0.28,100.0,0.0003071069083331647,0.0175244659928103,0.9856999516487122,0.029527163737333377,0.022080598552723915,57,100,100,90942
32,0.28,100.0,0.00044989264340259425,0.02121067286539006,0.9775999784469604,0.045086527607753946,0.03439380999913453,47,100,100,71707
32,0.28,100.0,0.000659064922004935,0.02567225977597093,0.9685999751091003,0.06593110601219046,0.05028453159116271,39,100,100,49500
32,0.28,100.0,0.0009654893846056303,0.031072325059538598,0.9435999989509583,0.10752449403227639,0.08263967866254453,32,100,100,43224
32,0.28,100.0,0.0014143822871810778,0.03760827418509227,0.9067999720573425,0.18577904604560272,0.14166601915500424,27,100,100,55358
32,0.28,100.0,0.002071982650652037,0.04551903613491873,0.0,1992.8295217961033,359.1074683900396,22,100,100,32869
32,0.28,100.0,0.0030353265475060406,0.05509379772266603,0.0,nan,nan,18,100,100,27455
32,0.28,100.0,0.004446565827708846,0.06668257514305252,0.0,nan,nan,15,100,100,82402
32,0.28,100.0,0.006513944167356084,0.08070900920811805,0.0,nan,nan,12,100,100,98413
32,0.28,100.0,0.009542525683758019,0.0976858520142913,0.0,nan,nan,10,100,100,85720
32,0.28,100.0,0.013979210457700486,0.11823371117283127,0.0,nan,nan,8,100,100,26833
32,0.28,100.0,0.020478679491876803,0.14310373682010125,0.0,nan,nan,7,100,100,61397
32,0.28,100.0,0.03,0.17320508075688773,0.0,nan,nan,6,100,100,45146
32,0.28,100.0,0.04947368421052632,0.22242680641174148,0.0,nan,nan,4,100,100,81103
32,0.28,100.0,0.06894736842105263,0.26257830912139835,0.0,nan,nan,4,100,100,93760
32,0.28,100.0,0.08842105263157896,0.29735677667001126,0.0,nan,nan,3,100,100,40575
32,0.28,100.0,0.10789473684210528,0.3284733426658932,0.0,nan,nan,3,100,100,46777
32,0.28,100.0,0.12736842105263158,0.35688712648767756,0.0,nan,nan,3,100,100,96919
32,0.28,100.0,0.14684210526315788,0.38319982419510307,0.0,nan,nan,3,100,100,18053
32,0.28,100.0,0.16631578947368422,0.4078183290065372,0.0,4.8921043665710623e+201,inf,2,100,100,10761
32,0.28,100.0,0.18578947368421053,0.4310330308505492,0.0,1.1634487409451682e+214,inf,2,100,100,22317
32,0.28,100.0,0.20526315789473684,0.45305977298225986,0.0,1.0388660873946763e+227,inf,2,100,100,52386
32,0.28,100.0,0.22473684210526315,0.4740641750915831,0.0,4.792811492832196e+230,inf,2,100,100,29097
32,0.28,100.0,0.2442105263157895,0.4941766144970738,0.0,7.400447117743173e+237,inf,2,100,100,85053
32,0.28,100.0,0.26368421052631574,0.513501908980206,0.0,1.389774763761275e+253,inf,2,100,100,45738
32,0.28,100.0,0.28315789473684216,0.5321258260382051,0.0,7.65830256862838e+254,inf,2,100,100,40165
32,0.28,100.0,0.3026315789473685,0.5501196042201809,0.0,1.1326430198336714e+264,inf,2,100,100,97701
32,0.28,100.0,0.32210526315789473,0.5675431817561504,0.0,1.099213036931672e+267,inf,2,100,100,84218
32,0.28,100.0,0.3415789473684211,0.5844475574150525,0.0,1.868447316241792e+280,inf,2,100,100,4158
32,0.28,100.0,0.3610526315789474,0.6008765526952665,0.0,2.7116510746936e+283,inf,2,100,100,72416
32,0.28,100.0,0.3805263157894737,0.616868151057804,0.0,2.5363701249889274e+293,inf,2,100,100,74945
32,0.28,100.0,0.4,0.6324555320336759,0.0,5.664977403355389e+298,inf,2,100,100,85331
64,0.85,0.1,1e-06,0.001,1.0,5.507687354111113e-06,4.1761997449738285e-06,1000,100,100,57682
64,0.85,0.1,1.4649382061914714e-06,0.0012103463166348181,1.0,8.459218508505728e-06,6.292898173986948e-06,826,100,100,50508
64,0.85,0.1,2.1460439479594814e-06,0.0014649382061914698,1.0,1.3035053166822764e-05,9.60581018639489e-06,683,100,100,96096
64,0.85,0.1,3.1438217715318246e-06,0.0017730825619614629,1.0,1.9166379551461433e-05,1.4506255269353613e-05,564,100,100,91905
64,0.85,0.1,4.605504626573514e-06,0.0021460439479594807,1.0,2.6752191231207692e-05,2.0148061630245996e-05,466,100,100,89712
64,0.85,0.1,6.7467796862591274e-06,0.002597456387749201,1.0,3.965058300236706e-05,3.011926653510548e-05,385,100,100,1550
64,0.85,0.1,9.883615331157482e-06,0.0031438217715318217,1.0,6.348691213861458e-05,4.854127592127782e-05,318,100,100,25029
64,0.85,0.1,1.4478885713912363e-05,0.0038051131013298886,1.0,8.245197258802364e-05,6.326730452079849e-05,263,100,100,58203
64,0.85,0.1,2.1210672865390052e-05,0.004605504626573515,1.0,0.0001250205544594792,9.43260875923747e-05,217,100,100,54948
64,0.85,0.1,3.1072325059538616e-05,0.005574255561017867,1.0,0.00018246063488477375,0.00013786474457439595,179,100,100,62642
64,0.85,0.1,4.55190361349187e-05,0.0067467796862591195,0.9998999834060669,0.00026051800753484715,0.0001943887083488208,148,100,100,47871
64,0.85,0.1,6.668257514305255e-05,0.008165939942410338,0.9997999668121338,0.00038316315573247266,0.00028384204594130824,122,100,100,40676
64,0.85,0.1,9.768585201429122e-05,0.009883615331157482,0.9994999766349792,0.0005692248790415761,0.00043517941987098634,101,100,100,26152
64,0.85,0.1,0.00014310373682010125,0.011962597411101873,0.9998999834060669,0.0008292815990294912,0.0006128454878521343,84,100,100,27736
64,0.85,0.1,0.0002096381315165353,0.014478885713912355,0.9990999698638916,0.001189446174886689,0.0008971202774980536,69,100,100,27062
64,0.85,0.1,0.0003071069083331647,0.0175244659928103,0.9991999864578247,0.001758333066020714,0.0013170215696987387,57,100,100,86793
64,0.85,0.1,0.00044989264340259425,0.02121067286539006,0.998699963092804,0.0026117292657967485,0.0019378998131045393,47,100,100,87347
64,0.85,0.1,0.000659064922004935,0.02567225977597093,0.998199999332428,0.0039604322224535285,0.002996972443173546,39,100,100,33476
64,0.85,0.1,0.0009654893846056303,0.031072325059538598,0.9978999495506287,0.005617417645310343,0.004169174097317161,32,100,100,48208
64,0.85,0.1,0.0014143822871810778,0.03760827418509227,0.9953999519348145,0.008584573104025913,0.0068125470575459025,27,100,100,27915
64,0.85,0.1,0.002071982650652037,0.04551903613491873,0.9941999912261963,0.012307198352894193,0.009238617910292474,22,100,100,49853
64,0.85,0.1,0.0030353265475060406,0.05509379772266603,0.9896000027656555,0.018415608971857,0.013703178363815714,18,100,100,48046
64,0.85,0.1,0.004446565827708846,0.06668257514305252,0.9881999492645264,0.026551936026336626,0.02033296038378694,15,100,100,90955
64,0.85,0.1,0.006513944167356084,0.08070900920811805,0.98089998960495,0.03822914122550501,0.028442526341386415,12,100,100,84177
64,0.85,0.1,0.009542525683758019,0.0976858520142913,0.968999981880188,0.057648181345118066,0.04537372575127966,10,100,100,21148
64,0.85,0.1,0.013979210457700486,0.11823371117283127,0.9587999582290649,0.0767370392359815,0.058085402870969714,8,100,100,32788
64,0.85,0.1,0.020478679491876803,0.14310373682010125,0.9384999871253967,0.11922292570030404,0.08671093069860719,7,100,100,86221
64,0.85,0.1,0.03,0.17320508075688773,0.9086999893188477,0.16890192382351307,0.12446853043196159,6,100,100,89222
64,0.85,0.1,0.04947368421052632,0.22242680641174148,0.8418999910354614,0.3278849271146137,0.2478423901014641,4,100,100,66788
64,0.85,0.1,0.06894736842105263,0.26257830912139835,0.7215999960899353,0.6021353458315359,0.4553319648151699,4,100,100,76151
64,0.85,0.1,0.08842105263157896,0.29735677667001126,0.5863999724388123,1.0018495281414872,0.7453016886744579,3,100,100,52438
64,0.85,0.1,0.10789473684210528,0.3284733426658932,0.30140000581741333,2.7326763706346457,2.177057342594942,3,100,100,56524
64,0.85,0.1,0.12736842105263158,0.35688712648767756,0.13050000369548798,4.8081224599694,2.782411373762993,3,100,100,3644
64,0.85,0.1,0.14684210526315788,0.38319982419510307,0.029999999329447746,10.856651801341624,5.2609941589187805,3,100,100,87401
64,0.85,0.1,0.16631578947368422,0.4078183290065372,0.011500000022351742,16.03681779450781,6.617802321887093,2,100,100,13034
64,0.85,0.1,0.18578947368421053,0.4310330308505492,0.004900000058114529,28.368393186914833,10.496697549849852,2,100,100,13953
64,0.85,0.1,0.20526315789473684,0.45305977298225986,0.000699999975040555,61.74153817501535,20.0764314902761,2,100,100,19850
64,0.85,0.1,0.22473684210526315,0.4740641750915831,9.999999747378752e-05,122.78007534893158,37.95854234412545,2,100,100,87617
64,0.85,0.1,0.2442105263157895,0.4941766144970738,0.0,197.01846036175027,76.21127910627563,2,100,100,35192
64,0.85,0.1,0.26368421052631574,0.513501908980206,0.0,412.8285673664567,93.27827785547466,2,100,100,86160
64,0.85,0.1,0.28315789473684216,0.5321258260382051,9.999999747378752e-05,707.6578195148123,252.99891578414642,2,100,100,63449
64,0.85,0.1,0.3026315789473685,0.5501196042201809,0.0,728.8400383976713,189.14992960773492,2,100,100,42953
64,0.85,0.1,0.32210526315789473,0.5675431817561504,0.0,1423.0856723355487,284.440187765973,2,100,100,86938
64,0.85,0.1,0.3415789473684211,0.5844475574150525,0.0,2368.5223943387646,377.27764710521956,2,100,100,30931
64,0.85,0.1,0.3610526315789474,0.6008765526952665,9.999999747378752e-05,3375.115811308294,824.999268175753,2,100,100,98930
64,0.85,0.1,0.3805263157894737,0.616868151057804,0.0,1240.089207118112,500.8660165786744,2,100,100,11577
64,0.85,0.1,0.4,0.6324555320336759,0.0,2813.2328405252933,595.1386643231739,2,100,100,15462
64,0.85,0.5,1e-06,0.001,1.0,1.3222435861098348e-05,9.986542537823787e-06,1000,100,100,42202
64,0.85,0.5,1.4649382061914714e-06,0.0012103463166348181,1.0,1.8829474706581097e-05,1.4105889292258193e-05,826,100,100,89244
64,0.85,0.5,2.1460439479594814e-06,0.0014649382061914698,1.0,2.7594390113699774e-05,2.0951230962168698e-05,683,100,100,39003
64,0.85,0.5,3.1438217715318246e-06,0.0017730825619614629,1.0,4.067403434310109e-05,3.029609287602207e-05,564,100,100,53871
64,0.85,0.5,4.605504626573514e-06,0.0021460439479594807,1.0,5.8140363509482995e-05,4.315548313258806e-05,466,100,100,25766
64,0.85,0.5,6.7467796862591274e-06,0.002597456387749201,1.0,8.266142004376889e-05,6.137433242545992e-05,385,100,100,22685
64,0.85,0.5,9.883615331157482e-06,0.0031438217715318217,0.9997999668121338,0.00012728089639349493,9.800883460377113e-05,318,100,100,53091
64,0.85,0.5,1.4478885713912363e-05,0.0038051131013298886,0.9998999834060669,0.00018437708939127333,0.00013906354055847266,263,100,100,37390
64,0.85,0.5,2.1210672865390052e-05,0.004605504626573515,0.9997999668121338,0.00027537452294945983,0.00020818631010788256,217,100,100,92071
64,0.85,0.5,3.1072325059538616e-05,0.005574255561017867,0.9997999668121338,0.0003872068219483481,0.0002923272876984683,179,100,100,58842
64,0.85,0.5,4.55190361349187e-05,0.0067467796862591195,0.9997999668121338,0.0005787450739675478,0.0004381510986564675,148,100,100,71194
64,0.85,0.5,6.668257514305255e-05,0.008165939942410338,0.9993000030517578,0.0008908526470668221,0.0006766619029443574,122,100,100,75063
64,0.85,0.5,9.768585201429122e-05,0.009883615331157482,0.9995999932289124,0.001243764296674999,0.0009433725911280492,101,100,100,60454
64,0.85,0.5,0.00014310373682010125,0.011962597411101873,0.9991999864578247,0.0018075598936391545,0.001400019922547581,84,100,100,168
64,0.85,0.5,0.0002096381315165353,0.014478885713912355,0.9988999962806702,0.0025938782713217736,0.0019593058200509978,69,100,100,71900
64,0.85,0.5,0.0003071069083331647,0.0175244659928103,0.9982999563217163,0.003933485371732968,0.0029485526548594576,57,100,100,77844
64,0.85,0.5,0.00044989264340259425,0.02121067286539006,0.9966999888420105,0.005608654691430639,0.004209797466055495,47,100,100,10668
64,0.85,0.5,0.000659064922004935,0.02567225977597093,0.9968999624252319,0.008204119775610525,0.006236641120651012,39,100,100,42755
64,0.85,0.5,0.0009654893846056303,0.031072325059538598,0.9935999512672424,0.012037021243206256,0.009037286841190931,32,100,100,6747
64,0.85,0.5,0.0014143822871810778,0.03760827418509227,0.9907999634742737,0.018163439676579764,0.013498865117723993,27,100,100,96837
64,0.85,0.5,0.002071982650652037,0.04551903613491873,0.9876999855041504,0.02499910791239272,0.019297404713263848,22,100,100,5588
64,0.85,0.5,0.0030353265475060406,0.05509379772266603,0.9792999625205994,0.038336635295588534,0.02918526440739131,18,100,100,65952
64,0.85,0.5,0.004446565827708846,0.06668257514305252,0.972000002861023,0.05795500656580171,0.04434249615121526,15,100,100,98808
64,0.85,0.5,0.006513944167356084,0.08070900920811805,0.962399959564209,0.08073031897750661,0.062281849787126566,12,100,100,64272
64,0.85,0.5,0.009542525683758019,0.0976858520142913,0.9352999925613403,0.12065929181022567,0.092107991960734,10,100,100,76548
64,0.85,0.5,0.013979210457700486,0.11823371117283127,0.9055999517440796,0.18063620293909027,0.1350781957474272,8,100,100,19398
64,0.85,0.5,0.020478679491876803,0.14310373682010125,0.8715999722480774,0.2654421431076127,0.1989030364913104,7,100,100,61137
64,0.85,0.5,0.03,0.17320508075688773,0.8032000064849854,0.40876282750442555,0.3070092391513353,6,100,100,57124
64,0.85,0.5,0.04947368421052632,0.22242680641174148,0.6513000130653381,0.8115436512044008,0.6215758808242142,4,100,100,43194
64,0.85,0.5,0.06894736842105263,0.26257830912139835,0.4115999937057495,1.7240224399518473,1.2534487647291643,4,100,100,33212
64,0.85,0.5,0.08842105263157896,0.29735677667001126,0.12529999017715454,4.986564786584562,2.8703785747154984,3,100,100,27486
64,0.85,0.5,0.10789473684210528,0.3284733426658932,0.010799999348819256,13.965025157158333,5.5645741434345934,3,100,100,91344
64,0.85,0.5,0.12736842105263158,0.35688712648767756,0.0007999999797903001,32.11947433679758,10.512071551685178,3,100,100,84643
64,0.85,0.5,0.14684210526315788,0.38319982419510307,0.00029999998514540493,92.01423765005275,29.875254464796758,3,100,100,20626
64,0.85,0.5,0.16631578947368422,0.4078183290065372,0.000699999975040555,79.77473119240639,24.065122425045644,2,100,100,57363
64,0.85,0.5,0.18578947368421053,0.4310330308505492,9.999999747378752e-05,145.54096103948046,36.88454886777069,2,100,100,68842
64,0.85,0.5,0.20526315789473684,0.45305977298225986,0.0,218.5486288015868,48.22445814888788,2,100,100,73692
64,0.85,0.5,0.22473684210526315,0.4740641750915831,0.0,470.41423485172913,73.9399286271342,2,100,100,13625
64,0.85,0.5,0.2442105263157895,0.4941766144970738,0.0,327.45439765662866,85.62566797144281,2,100,100,59322
64,0.85,0.5,0.26368421052631574,0.513501908980206,0.0,701.9758230315626,132.6544515406046,2,100,100,77617
64,0.85,0.5,0.28315789473684216,0.5321258260382051,0.0,1246.7821603311647,195.34262316892438,2,100,100,32296
64,0.85,0.5,0.3026315789473685,0.5501196042201809,0.0,1937.1859732746493,290.41187110002227,2,100,100,38370
64,0.85,0.5,0.32210526315789473,0.5675431817561504,0.0,789.3844345008839,994.5699420378486,2,100,100,75283
64,0.85,0.5,0.3415789473684211,0.5844475574150525,0.0,622.2623022944172,155.00488133762622,2,100,100,26679
64,0.85,0.5,0.3610526315789474,0.6008765526952665,0.0,1075.2851066077712,217.26722816456183,2,100,100,16111
64,0.85,0.5,0.3805263157894737,0.616868151057804,0.0,1687.774411931621,302.5589111294751,2,100,100,17143
64,0.85,0.5,0.4,0.6324555320336759,0.0,2551.038927291945,407.43676433302215,2,100,100,91093
64,0.85,1.0,1e-06,0.001,1.0,1.7420836344717828e-05,1.3181423130069863e-05,1000,100,100,86215
64,0.85,1.0,1.4649382061914714e-06,0.0012103463166348181,1.0,2.5233343185936975e-05,1.926596623269731e-05,826,100,100,26565
64,0.85,1.0,2.1460439479594814e-06,0.0014649382061914698,1.0,3.817161905644753e-05,2.869962350185117e-05,683,100,100,71337
64,0.85,1.0,3.1438217715318246e-06,0.0017730825619614629,1.0,5.523408202989231e-05,4.1680292311753044e-05,564,100,100,40310
64,0.85,1.0,4.605504626573514e-06,0.0021460439479594807,0.9998999834060669,7.94066180338632e-05,6.0239851689547837e-05,466,100,100,69577
64,0.85,1.0,6.7467796862591274e-06,0.002597456387749201,1.0,0.00011769127110092087,8.953465058821792e-05,385,100,100,1800
64,0.85,1.0,9.883615331157482e-06,0.0031438217715318217,0.9998999834060669,0.00017040480868581653,0.00012778740560211085,318,100,100,5190
64,0.85,1.0,1.4478885713912363e-05,0.0038051131013298886,0.9996999502182007,0.0002489016575538699,0.00019087862812790677,263,100,100,99208
64,0.85,1.0,2.1210672865390052e-05,0.004605504626573515,0.9998999834060669,0.0003656384928550324,0.00027838818980434565,217,100,100,65772
64,0.85,1.0,3.1072325059538616e-05,0.005574255561017867,0.9997999668121338,0.0005339609393258798,0.0004065950196481364,179,100,100,30073
64,0.85,1.0,4.55190361349187e-05,0.0067467796862591195,0.9996999502182007,0.0007927320347755085,0.0005920628700420417,148,100,100,84055
64,0.85,1.0,6.668257514305255e-05,0.008165939942410338,0.9993999600410461,0.001157643431415272,0.0008576454011633162,122,100,100,23312
64,0.85,1.0,9.768585201429122e-05,0.009883615331157482,0.9994999766349792,0.0016878642172876426,0.0012657787534548711,101,100,100,48201
64,0.85,1.0,0.00014310373682010125,0.011962597411101873,0.9979999661445618,0.002526729903659543,0.0019033229274040807,84,100,100,79033
64,0.85,1.0,0.0002096381315165353,0.014478885713912355,0.9977999925613403,0.0036091980321385567,0.0027675127665704423,69,100,100,50388
64,0.85,1.0,0.0003071069083331647,0.0175244659928103,0.9966999888420105,0.005353099951454533,0.004072687491115734,57,100,100,16733
64,0.85,1.0,0.00044989264340259425,0.02121067286539006,0.9972999691963196,0.007920883188455264,0.006026140696617342,47,100,100,73320
64,0.85,1.0,0.000659064922004935,0.02567225977597093,0.9939000010490417,0.01175316296803867,0.00878546615432536,39,100,100,14713
64,0.85,1.0,0.0009654893846056303,0.031072325059538598,0.990399956703186,0.017056821981681788,0.012916813983535067,32,100,100,21000
64,0.85,1.0,0.0014143822871810778,0.03760827418509227,0.9860000014305115,0.024930896402492,0.01888815721003965,27,100,100,47116
64,0.85,1.0,0.002071982650652037,0.04551903613491873,0.9815999865531921,0.03640436373748217,0.02703883679468705,22,100,100,89956
64,0.85,1.0,0.0030353265475060406,0.05509379772266603,0.9752999544143677,0.053228683063599964,0.03949511699868661,18,100,100,20940
64,0.85,1.0,0.004446565827708846,0.06668257514305252,0.9598999619483948,0.0769554015787964,0.05881810489824245,15,100,100,65380
64,0.85,1.0,0.006513944167356084,0.08070900920811805,0.9430999755859375,0.11563334554069679,0.08656414077701097,12,100,100,28822
64,0.85,1.0,0.009542525683758019,0.0976858520142913,0.9156000018119812,0.16705652911010038,0.12620367903343915,10,100,100,84073
64,0.85,1.0,0.013979210457700486,0.11823371117283127,0.876800000667572,0.2626344607907304,0.19723099406152653,8,100,100,60872
64,0.85,1.0,0.020478679491876803,0.14310373682010125,0.811199963092804,0.381224158468552,0.2914183772242723,7,100,100,95547
64,0.85,1.0,0.03,0.17320508075688773,0.7360999584197998,0.5721545914874511,0.4344794058930094,6,100,100,90582
64,0.85,1.0,0.04947368421052632,0.22242680641174148,0.4617999792098999,1.4931339880900167,1.084811730181021,4,100,100,50753
64,0.85,1.0,0.06894736842105263,0.26257830912139835,0.08789999783039093,6.078965539229232,3.299610806560693,4,100,100,99293
64,0.85,1.0,0.08842105263157896,0.29735677667001126,0.005399999674409628,18.414736306439863,6.832473908899583,3,100,100,78855
64,0.85,1.0,0.10789473684210528,0.3284733426658932,0.0008999999845400453,53.783651900039764,16.953957015925766,3,100,100,52908
64,0.85,1.0,0.12736842105263158,0.35688712648767756,9.999999747378752e-05,147.35688810812064,46.379983309111175,3,100,100,23100
64,0.85,1.0,0.14684210526315788,0.38319982419510307,0.0,402.74413409082774,66.01513311001119,3,100,100,73211
64,0.85,1.0,0.16631578947368422,0.4078183290065372,9.999999747378752e-05,190.10482287094808,80.22487284227302,2,100,100,87602
64,0.85,1.0,0.18578947368421053,0.4310330308505492,0.0,324.6812206799856,62.66362150470446,2,100,100,36430
64,0.85,1.0,0.20526315789473684,0.45305977298225986,0.0,676.2047479121267,99.91307084241481,2,100,100,90315
64,0.85,1.0,0.22473684210526315,0.4740641750915831,9.999999747378752e-05,1107.0667179630584,297.6249516627155,2,100,100,8819
64,0.85,1.0,0.2442105263157895,0.4941766144970738,0.0,546.613371716746,125.14896481245597,2,100,100,24071
64,0.85,1.0,0.26368421052631574,0.513501908980206,0.0,1105.9750690057006,192.4937466302445,2,100,100,26928
64,0.85,1.0,0.28315789473684216,0.5321258260382051,0.0,1964.0895752377303,292.9634552414816,2,100,100,3812
64,0.85,1.0,0.3026315789473685,0.5501196042201809,0.0,3253.667084303206,6496.185294724883,2,100,100,5146
64,0.85,1.0,0.32210526315789473,0.5675431817561504,0.0,5120.1856074648795,9532.438255913603,2,100,100,33544
64,0.85,1.0,0.3415789473684211,0.5844475574150525,0.0,7870.202256604496,19983.46621694784,2,100,100,40000
64,0.85,1.0,0.3610526315789474,0.6008765526952665,0.0,14518.387814031954,47812.08365742958,2,100,100,9160
64,0.85,1.0,0.3805263157894737,0.616868151057804,0.0,25796.87126251549,82418.22933932791,2,100,100,86549
64,0.85,1.0,0.4,0.6324555320336759,0.0,192989149561123.84,1.9297949732689708e+16,2,100,100,7685
64,0.85,2.0,1e-06,0.001,1.0,2.0630585933758995e-05,1.5548146210745562e-05,1000,100,100,77436
64,0.85,2.0,1.4649382061914714e-06,0.0012103463166348181,1.0,2.9838236965497346e-05,2.2465002607130866e-05,826,100,100,47093
64,0.85,2.0,2.1460439479594814e-06,0.0014649382061914698,1.0,4.463219907374878e-05,3.344782402403438e-05,683,100,100,63760
64,0.85,2.0,3.1438217715318246e-06,0.0017730825619614629,0.9998999834060669,6.415696288604523e-05,4.9141796872367445e-05,564,100,100,44688
64,0.85,2.0,4.605504626573514e-06,0.0021460439479594807,1.0,9.470837880135151e-05,7.193666592828559e-05,466,100,100,86447
64,0.85,2.0,6.7467796862591274e-06,0.002597456387749201,1.0,0.00013951004379523512,0.00010548852559404069,385,100,100,49298
64,0.85,2.0,9.883615331157482e-06,0.0031438217715318217,1.0,0.00020561614424914298,0.00015603902013170245,318,100,100,85544
64,0.85,2.0,1.4478885713912363e-05,0.0038051131013298886,1.0,0.0002966896207827631,0.00022642291367426835,263,100,100,51008
64,0.85,2.0,2.1210672865390052e-05,0.004605504626573515,1.0,0.00044774313590305613,0.00033631895978435947,217,100,100,40012
64,0.85,2.0,3.1072325059538616e-05,0.005574255561017867,0.9997999668121338,0.0006443144833053339,0.00048587260026140486,179,100,100,92455
64,0.85,2.0,4.55190361349187e-05,0.0067467796862591195,0.9995999932289124,0.000920759520057527,0.000703948783984841,148,100,100,12564
64,0.85,2.0,6.668257514305255e-05,0.008165939942410338,0.9989999532699585,0.0013933713684643409,0.0010484634147474535,122,100,100,98964
64,0.85,2.0,9.768585201429122e-05,0.009883615331157482,0.9993000030517578,0.002009012180831269,0.0015282486709997,101,100,100,65826
64,0.85,2.0,0.00014310373682010125,0.011962597411101873,0.9988999962806702,0.002896362745832994,0.0021840794278823955,84,100,100,6454
64,0.85,2.0,0.0002096381315165353,0.014478885713912355,0.9978999495506287,0.004306616507227955,0.0032708890978874086,69,100,100,22769
64,0.85,2.0,0.0003071069083331647,0.0175244659928103,0.9971999526023865,0.006319793113289689,0.0047966227946336015,57,100,100,4571
64,0.85,2.0,0.00044989264340259425,0.02121067286539006,0.9954999685287476,0.009266711065462369,0.007065699161120737,47,100,100,87991
64,0.85,2.0,0.000659064922004935,0.02567225977597093,0.9935999512672424,0.013520302304720282,0.010141115525542798,39,100,100,68438
64,0.85,2.0,0.0009654893846056303,0.031072325059538598,0.9891999959945679,0.01997997033449483,0.015163185991238374,32,100,100,45547
64,0.85,2.0,0.0014143822871810778,0.03760827418509227,0.9842999577522278,0.02851931582824118,0.021474289340492437,27,100,100,99903
64,0.85,2.0,0.002071982650652037,0.04551903613491873,0.9819999933242798,0.04285041110062539,0.03265358186370821,22,100,100,72205
64,0.85,2.0,0.0030353265475060406,0.05509379772266603,0.9684000015258789,0.06368483999558402,0.04847963696114841,18,100,100,7358
64,0.85,2.0,0.004446565827708846,0.06668257514305252,0.9531999826431274,0.09369336681261048,0.0696412404176851,15,100,100,43803
64,0.85,2.0,0.006513944167356084,0.08070900920811805,0.9277999997138977,0.14406473810750894,0.10898951742598059,12,100,100,39305
64,0.85,2.0,0.009542525683758019,0.0976858520142913,0.8947999477386475,0.210410156182204,0.15807410600247498,10,100,100,96191
64,0.85,2.0,0.013979210457700486,0.11823371117283127,0.8412999510765076,0.33046441890202716,0.2512534126249526,8,100,100,47829
64,0.85,2.0,0.020478679491876803,0.14310373682010125,0.778499960899353,0.4756346136149786,0.35887709239251075,7,100,100,79762
64,0.85,2.0,0.03,0.17320508075688773,0.6366999745368958,0.840717305719051,0.6340473399347412,6,100,100,14672
64,0.85,2.0,0.04947368421052632,0.22242680641174148,0.09449999779462814,5.729570185479853,3.1917282899940225,4,100,100,3364
64,0.85,2.0,0.06894736842105263,0.26257830912139835,0.0010999999940395355,35.92614289147219,12.048726754447806,4,100,100,60745
64,0.85,2.0,0.08842105263157896,0.29735677667001126,0.0,114.84619423707962,31.334567686482657,3,100,100,75421
64,0.85,2.0,0.10789473684210528,0.3284733426658932,0.0,448.20152061795585,59.09829419786953,3,100,100,92641
64,0.85,2.0,0.12736842105263158,0.35688712648767756,0.0,712.7288848609672,104.04363958675872,3,100,100,23921
64,0.85,2.0,0.14684210526315788,0.38319982419510307,0.0,1846.8890411702503,196.49083661843505,3,100,100,85341
64,0.85,2.0,0.16631578947368422,0.4078183290065372,0.0,636.1578548157609,116.97687035929044,2,100,100,73270
64,0.85,2.0,0.18578947368421053,0.4310330308505492,0.0,1546.195097315246,207.5458547231167,2,100,100,24927
64,0.85,2.0,0.20526315789473684,0.45305977298225986,0.0,3129.181845925343,2599.2843832128174,2,100,100,48395
64,0.85,2.0,0.22473684210526315,0.4740641750915831,0.0,7418.632574987992,51340.847429321344,2,100,100,20778
64,0.85,2.0,0.2442105263157895,0.4941766144970738,0.0,26435.96638428654,186692.44849146306,2,100,100,54669
64,0.85,2.0,0.26368421052631574,0.513501908980206,0.0,7.57417599332662e+19,7.573797275058717e+21,2,100,100,97114
64,0.85,2.0,0.28315789473684216,0.5321258260382051,0.0,84180478430.75401,7370101034546.077,2,100,100,31363
64,0.85,2.0,0.3026315789473685,0.5501196042201809,0.0,3.047706262945492e+18,2.795633057818475e+20,2,100,100,88534
64,0.85,2.0,0.32210526315789473,0.5675431817561504,0.0,1.3709713371616313e+24,1.3355658558940311e+26,2,100,100,20026
64,0.85,2.0,0.3415789473684211,0.5844475574150525,0.0,5.922706663305553e+24,4.2570976336557206e+26,2,100,100,11174
64,0.85,2.0,0.3610526315789474,0.6008765526952665,0.0,1.8955431103909807e+28,1.1873301127203338e+30,2,100,100,64150
64,0.85,2.0,0.3805263157894737,0.616868151057804,0.0,1.6934864827466776e+32,1.0606245155086602e+34,2,100,100,90142
64,0.85,2.0,0.4,0.6324555320336759,0.0,1.654418306323522e+37,1.503592778359785e+39,2,100,100,60189
